{
    "avg_edge_order": 418.53333333333336,
    "avg_edge_weight": 0.027148516708949418,
    "avg_vertex_degree": 418.53333333333336,
    "edge_order_std_dev": 71.4132262881946,
    "edge_weight_std_dev": 0.6081264108408685,
    "induced_norm": 99.60790780513541,
    "max_edge_order": 485,
    "max_edge_weight": 34.30451824976714,
    "max_vertex_degree": 485,
    "min_edge_order": 215,
    "min_edge_weight": 1.0025028701897724e-08,
    "n_qubits": 15,
    "total_pstrings": 3669
}