{
    "avg_edge_order": 1,
    "avg_edge_weight": 0.5405977351985274,
    "avg_vertex_degree": 31.25,
    "clustering_coefficient": 0.3020515375333818,
    "edge_order_std_dev": 2.9042191530407777,
    "edge_weight_std_dev": 0.8020203914841257,
    "induced_norm": 214.61730087381528,
    "max_edge_order": 12,
    "max_edge_weight": 11.498224842900235,
    "max_vertex_degree": 42,
    "min_edge_order": 6.386666666666667,
    "min_edge_weight": 0.0035123687621869126,
    "n_qubits": 12,
    "total_pstrings": 397
}