{
    "avg_edge_order": 1,
    "avg_edge_weight": 0.5174457768701201,
    "avg_vertex_degree": 31.25,
    "clustering_coefficient": 0.3020515375333818,
    "edge_order_std_dev": 2.9042191530407777,
    "edge_weight_std_dev": 0.7939490923388615,
    "induced_norm": 205.4259734174377,
    "max_edge_order": 12,
    "max_edge_weight": 11.477209714657217,
    "max_vertex_degree": 42,
    "min_edge_order": 6.386666666666667,
    "min_edge_weight": 0.0008387202135612948,
    "n_qubits": 12,
    "total_pstrings": 397
}