{
    "avg_edge_order": 1,
    "avg_edge_weight": 33.31846854769745,
    "avg_vertex_degree": 9.333333333333334,
    "clustering_coefficient": 0.35792998500100826,
    "edge_order_std_dev": 1.5,
    "edge_weight_std_dev": 61.224819868186195,
    "induced_norm": 2232.3373926957283,
    "max_edge_order": 6,
    "max_edge_weight": 515.5082641096467,
    "max_vertex_degree": 12,
    "min_edge_order": 3.5,
    "min_edge_weight": 0.9803323423541066,
    "n_qubits": 6,
    "total_pstrings": 67
}