{
    "avg_edge_order": 1,
    "avg_edge_weight": 0.515648242613264,
    "avg_vertex_degree": 31.25,
    "clustering_coefficient": 0.3020515375333818,
    "edge_order_std_dev": 2.9042191530407777,
    "edge_weight_std_dev": 0.8085503171332028,
    "induced_norm": 204.7123523174658,
    "max_edge_order": 12,
    "max_edge_weight": 12.334166236270779,
    "max_vertex_degree": 42,
    "min_edge_order": 6.386666666666667,
    "min_edge_weight": 0.006447009901124456,
    "n_qubits": 12,
    "total_pstrings": 397
}