{
    "avg_edge_order": 1,
    "avg_edge_weight": 0.5171121355823107,
    "avg_vertex_degree": 31.25,
    "clustering_coefficient": 0.3020515375333818,
    "edge_order_std_dev": 2.9042191530407777,
    "edge_weight_std_dev": 0.8141811311978946,
    "induced_norm": 205.2935178261774,
    "max_edge_order": 12,
    "max_edge_weight": 12.08470730279883,
    "max_vertex_degree": 42,
    "min_edge_order": 6.386666666666667,
    "min_edge_weight": 0.0007998105390055188,
    "n_qubits": 12,
    "total_pstrings": 397
}