{
    "avg_edge_order": 1,
    "avg_edge_weight": 0.499245450835128,
    "avg_vertex_degree": 31.25,
    "clustering_coefficient": 0.3020515375333818,
    "edge_order_std_dev": 2.9042191530407777,
    "edge_weight_std_dev": 0.8066346755563681,
    "induced_norm": 198.20044398154576,
    "max_edge_order": 12,
    "max_edge_weight": 11.770475786206479,
    "max_vertex_degree": 42,
    "min_edge_order": 6.386666666666667,
    "min_edge_weight": 0.0002585071782850168,
    "n_qubits": 12,
    "total_pstrings": 397
}