{
    "avg_edge_order": 1,
    "avg_edge_weight": 0.5200627718539296,
    "avg_vertex_degree": 31.25,
    "clustering_coefficient": 0.3020515375333818,
    "edge_order_std_dev": 2.9042191530407777,
    "edge_weight_std_dev": 0.7940293104617892,
    "induced_norm": 206.46492042601002,
    "max_edge_order": 12,
    "max_edge_weight": 11.41790957419888,
    "max_vertex_degree": 42,
    "min_edge_order": 6.386666666666667,
    "min_edge_weight": 2.902604061816305e-05,
    "n_qubits": 12,
    "total_pstrings": 397
}