{
    "avg_edge_order": 1,
    "avg_edge_weight": 32.658263336292656,
    "avg_vertex_degree": 9.333333333333334,
    "clustering_coefficient": 0.35792998500100826,
    "edge_order_std_dev": 1.5,
    "edge_weight_std_dev": 55.460157341560794,
    "induced_norm": 2188.103643531608,
    "max_edge_order": 6,
    "max_edge_weight": 460.85047454902036,
    "max_vertex_degree": 12,
    "min_edge_order": 3.5,
    "min_edge_weight": 2.0851103387105727,
    "n_qubits": 6,
    "total_pstrings": 67
}