{
    "avg_edge_order": 1,
    "avg_edge_weight": 0.2990491144873237,
    "avg_vertex_degree": 34.92307692307692,
    "clustering_coefficient": 0.36324815837986735,
    "edge_order_std_dev": 3.088960271893183,
    "edge_weight_std_dev": 0.7730878373753489,
    "induced_norm": 97.49001132286749,
    "max_edge_order": 13,
    "max_edge_weight": 14.000140315158063,
    "max_vertex_degree": 49,
    "min_edge_order": 7.013215859030837,
    "min_edge_weight": 0.004334917995567011,
    "n_qubits": 13,
    "total_pstrings": 326
}