{
    "avg_edge_order": 1,
    "avg_edge_weight": 0.28638241727588926,
    "avg_vertex_degree": 34.92307692307692,
    "clustering_coefficient": 0.36324815837986735,
    "edge_order_std_dev": 3.088960271893183,
    "edge_weight_std_dev": 0.7535963644815804,
    "induced_norm": 93.36066803193991,
    "max_edge_order": 13,
    "max_edge_weight": 13.624335420644012,
    "max_vertex_degree": 49,
    "min_edge_order": 7.013215859030837,
    "min_edge_weight": 0.0022700481798560435,
    "n_qubits": 13,
    "total_pstrings": 326
}