{
    "avg_edge_order": 1,
    "avg_edge_weight": 0.27611120001952755,
    "avg_vertex_degree": 34.92307692307692,
    "clustering_coefficient": 0.36324815837986735,
    "edge_order_std_dev": 3.088960271893183,
    "edge_weight_std_dev": 0.7261888843829298,
    "induced_norm": 90.01225120636599,
    "max_edge_order": 13,
    "max_edge_weight": 13.022913934243856,
    "max_vertex_degree": 49,
    "min_edge_order": 7.013215859030837,
    "min_edge_weight": 0.002295643871776498,
    "n_qubits": 13,
    "total_pstrings": 326
}