{
    "avg_edge_order": 1,
    "avg_edge_weight": 0.30584649396454006,
    "avg_vertex_degree": 34.92307692307692,
    "clustering_coefficient": 0.36324815837986735,
    "edge_order_std_dev": 3.088960271893183,
    "edge_weight_std_dev": 0.7297249217940742,
    "induced_norm": 99.70595703244011,
    "max_edge_order": 13,
    "max_edge_weight": 13.189055779769097,
    "max_vertex_degree": 49,
    "min_edge_order": 7.013215859030837,
    "min_edge_weight": 0.005983113425533204,
    "n_qubits": 13,
    "total_pstrings": 326
}