{
    "avg_edge_order": 1,
    "avg_edge_weight": 0.27705460210345306,
    "avg_vertex_degree": 34.92307692307692,
    "clustering_coefficient": 0.36324815837986735,
    "edge_order_std_dev": 3.088960271893183,
    "edge_weight_std_dev": 0.7084848229297506,
    "induced_norm": 90.31980028572576,
    "max_edge_order": 13,
    "max_edge_weight": 12.779905555560944,
    "max_vertex_degree": 49,
    "min_edge_order": 7.013215859030837,
    "min_edge_weight": 0.0018101147268113071,
    "n_qubits": 13,
    "total_pstrings": 326
}