{
    "avg_edge_order": 1,
    "avg_edge_weight": 31.714140420397666,
    "avg_vertex_degree": 9.333333333333334,
    "clustering_coefficient": 0.35792998500100826,
    "edge_order_std_dev": 1.5,
    "edge_weight_std_dev": 62.10293667838277,
    "induced_norm": 2124.847408166643,
    "max_edge_order": 6,
    "max_edge_weight": 507.02609810810947,
    "max_vertex_degree": 12,
    "min_edge_order": 3.5,
    "min_edge_weight": 0.3037356584603301,
    "n_qubits": 6,
    "total_pstrings": 67
}