{
    "avg_edge_order": 1,
    "avg_edge_weight": 0.3060473472346703,
    "avg_vertex_degree": 34.92307692307692,
    "clustering_coefficient": 0.36324815837986735,
    "edge_order_std_dev": 3.088960271893183,
    "edge_weight_std_dev": 0.7578617159507709,
    "induced_norm": 99.77143519850259,
    "max_edge_order": 13,
    "max_edge_weight": 13.729665470681443,
    "max_vertex_degree": 49,
    "min_edge_order": 7.013215859030837,
    "min_edge_weight": 0.0022868630385444177,
    "n_qubits": 13,
    "total_pstrings": 326
}