{
    "avg_edge_order": 1,
    "avg_edge_weight": 0.2925829738009502,
    "avg_vertex_degree": 34.92307692307692,
    "clustering_coefficient": 0.36324815837986735,
    "edge_order_std_dev": 3.088960271893183,
    "edge_weight_std_dev": 0.7381588064646976,
    "induced_norm": 95.38204945910972,
    "max_edge_order": 13,
    "max_edge_weight": 13.342332111325412,
    "max_vertex_degree": 49,
    "min_edge_order": 7.013215859030837,
    "min_edge_weight": 0.0002906585939226325,
    "n_qubits": 13,
    "total_pstrings": 326
}