{
    "avg_edge_order": 1,
    "avg_edge_weight": 0.2820927991338722,
    "avg_vertex_degree": 34.92307692307692,
    "clustering_coefficient": 0.36324815837986735,
    "edge_order_std_dev": 3.088960271893183,
    "edge_weight_std_dev": 0.6906796929567139,
    "induced_norm": 91.9622525176423,
    "max_edge_order": 13,
    "max_edge_weight": 12.460050325699385,
    "max_vertex_degree": 49,
    "min_edge_order": 7.013215859030837,
    "min_edge_weight": 0.001969807646431232,
    "n_qubits": 13,
    "total_pstrings": 326
}