{
    "avg_edge_order": 1,
    "avg_edge_weight": 0.29091045737782484,
    "avg_vertex_degree": 34.92307692307692,
    "clustering_coefficient": 0.36324815837986735,
    "edge_order_std_dev": 3.088960271893183,
    "edge_weight_std_dev": 0.7246427592559403,
    "induced_norm": 95.12771956254869,
    "max_edge_order": 13,
    "max_edge_weight": 13.085685771818724,
    "max_vertex_degree": 49,
    "min_edge_order": 7.013215859030837,
    "min_edge_weight": 0.00038035095617589,
    "n_qubits": 13,
    "total_pstrings": 327
}