{
    "avg_edge_order": 1,
    "avg_edge_weight": 34.121428392825585,
    "avg_vertex_degree": 9.333333333333334,
    "clustering_coefficient": 0.35792998500100826,
    "edge_order_std_dev": 1.5,
    "edge_weight_std_dev": 58.35020552600978,
    "induced_norm": 2286.1357023193145,
    "max_edge_order": 6,
    "max_edge_weight": 491.7358439412619,
    "max_vertex_degree": 12,
    "min_edge_order": 3.5,
    "min_edge_weight": 0.7756106572035293,
    "n_qubits": 6,
    "total_pstrings": 67
}