{
    "avg_edge_order": 1,
    "avg_edge_weight": 0.29485269180588003,
    "avg_vertex_degree": 34.92307692307692,
    "clustering_coefficient": 0.36324815837986735,
    "edge_order_std_dev": 3.088960271893183,
    "edge_weight_std_dev": 0.7442562314346918,
    "induced_norm": 96.41683022052273,
    "max_edge_order": 13,
    "max_edge_weight": 13.487448154169257,
    "max_vertex_degree": 49,
    "min_edge_order": 7.013215859030837,
    "min_edge_weight": 0.0059611512289777235,
    "n_qubits": 13,
    "total_pstrings": 327
}