{
    "avg_edge_order": 1,
    "avg_edge_weight": 0.2911490590575382,
    "avg_vertex_degree": 34.92307692307692,
    "clustering_coefficient": 0.36324815837986735,
    "edge_order_std_dev": 3.088960271893183,
    "edge_weight_std_dev": 0.7721560590935159,
    "induced_norm": 95.20574231181493,
    "max_edge_order": 13,
    "max_edge_weight": 13.95546950284932,
    "max_vertex_degree": 49,
    "min_edge_order": 7.013215859030837,
    "min_edge_weight": 0.0014323553804290179,
    "n_qubits": 13,
    "total_pstrings": 327
}