{
    "avg_edge_order": 1,
    "avg_edge_weight": 0.31089381740684857,
    "avg_vertex_degree": 34.92307692307692,
    "clustering_coefficient": 0.36324815837986735,
    "edge_order_std_dev": 3.088960271893183,
    "edge_weight_std_dev": 0.769301524889479,
    "induced_norm": 101.66227829203945,
    "max_edge_order": 13,
    "max_edge_weight": 13.930253221251425,
    "max_vertex_degree": 49,
    "min_edge_order": 7.013215859030837,
    "min_edge_weight": 0.0015484940412895942,
    "n_qubits": 13,
    "total_pstrings": 327
}