{
    "avg_edge_order": 1,
    "avg_edge_weight": 30.04518029846838,
    "avg_vertex_degree": 9.333333333333334,
    "clustering_coefficient": 0.35792998500100826,
    "edge_order_std_dev": 1.5,
    "edge_weight_std_dev": 54.040118364566,
    "induced_norm": 2013.027079997382,
    "max_edge_order": 6,
    "max_edge_weight": 453.2063086069461,
    "max_vertex_degree": 12,
    "min_edge_order": 3.5,
    "min_edge_weight": 0.06479320248978215,
    "n_qubits": 6,
    "total_pstrings": 67
}