{
    "avg_edge_order": 1,
    "avg_edge_weight": 0.30767453075862417,
    "avg_vertex_degree": 34.92307692307692,
    "clustering_coefficient": 0.36335208512719086,
    "edge_order_std_dev": 3.088960271893183,
    "edge_weight_std_dev": 0.7901146814109282,
    "induced_norm": 101.532595150346,
    "max_edge_order": 13,
    "max_edge_weight": 14.234660359434482,
    "max_vertex_degree": 49,
    "min_edge_order": 7.013215859030837,
    "min_edge_weight": 0.002297279637296812,
    "n_qubits": 13,
    "total_pstrings": 330
}