{
    "avg_edge_order": 1,
    "avg_edge_weight": 0.29984962392418996,
    "avg_vertex_degree": 34.92307692307692,
    "clustering_coefficient": 0.36335208512719086,
    "edge_order_std_dev": 3.088960271893183,
    "edge_weight_std_dev": 0.7435422516577228,
    "induced_norm": 98.95037589498277,
    "max_edge_order": 13,
    "max_edge_weight": 13.395855113265382,
    "max_vertex_degree": 49,
    "min_edge_order": 7.013215859030837,
    "min_edge_weight": 0.0004280147501616316,
    "n_qubits": 13,
    "total_pstrings": 330
}