{
    "avg_edge_order": 1,
    "avg_edge_weight": 0.30972886008044237,
    "avg_vertex_degree": 34.92307692307692,
    "clustering_coefficient": 0.36335208512719086,
    "edge_order_std_dev": 3.088960271893183,
    "edge_weight_std_dev": 0.7617093610140594,
    "induced_norm": 102.210523826546,
    "max_edge_order": 13,
    "max_edge_weight": 13.525826186244796,
    "max_vertex_degree": 49,
    "min_edge_order": 7.013215859030837,
    "min_edge_weight": 0.0009600861864481058,
    "n_qubits": 13,
    "total_pstrings": 330
}