{
    "avg_edge_order": 1,
    "avg_edge_weight": 0.30296417046479135,
    "avg_vertex_degree": 34.92307692307692,
    "clustering_coefficient": 0.36335208512719086,
    "edge_order_std_dev": 3.088960271893183,
    "edge_weight_std_dev": 0.7438786166198763,
    "induced_norm": 99.97817625338108,
    "max_edge_order": 13,
    "max_edge_weight": 13.362905523982096,
    "max_vertex_degree": 49,
    "min_edge_order": 7.013215859030837,
    "min_edge_weight": 0.0018288363046421452,
    "n_qubits": 13,
    "total_pstrings": 330
}