{
    "avg_edge_order": 1,
    "avg_edge_weight": 0.3186851496591833,
    "avg_vertex_degree": 35.07692307692308,
    "clustering_coefficient": 0.36410295495480843,
    "edge_order_std_dev": 3.099930995369766,
    "edge_weight_std_dev": 0.7456773150196291,
    "induced_norm": 107.39689543514477,
    "max_edge_order": 13,
    "max_edge_weight": 13.297805939836925,
    "max_vertex_degree": 49,
    "min_edge_order": 6.991228070175438,
    "min_edge_weight": 0.00036214523281175026,
    "n_qubits": 13,
    "total_pstrings": 337
}