{
    "avg_edge_order": 1,
    "avg_edge_weight": 0.32149734906141075,
    "avg_vertex_degree": 35.07692307692308,
    "clustering_coefficient": 0.36410295495480843,
    "edge_order_std_dev": 3.099930995369766,
    "edge_weight_std_dev": 0.7355157105643372,
    "induced_norm": 108.3446066336954,
    "max_edge_order": 13,
    "max_edge_weight": 12.968326282978419,
    "max_vertex_degree": 49,
    "min_edge_order": 6.991228070175438,
    "min_edge_weight": 0.0016578210733250165,
    "n_qubits": 13,
    "total_pstrings": 337
}