{
    "avg_edge_order": 1,
    "avg_edge_weight": 0.325037439157779,
    "avg_vertex_degree": 35.07692307692308,
    "clustering_coefficient": 0.36410295495480843,
    "edge_order_std_dev": 3.099930995369766,
    "edge_weight_std_dev": 0.7535788622762223,
    "induced_norm": 109.53761699617151,
    "max_edge_order": 13,
    "max_edge_weight": 13.42647406861504,
    "max_vertex_degree": 49,
    "min_edge_order": 6.991228070175438,
    "min_edge_weight": 0.003634038034178222,
    "n_qubits": 13,
    "total_pstrings": 337
}