{
    "avg_edge_order": 1,
    "avg_edge_weight": 0.3210531703401401,
    "avg_vertex_degree": 35.07692307692308,
    "clustering_coefficient": 0.36410295495480843,
    "edge_order_std_dev": 3.099930995369766,
    "edge_weight_std_dev": 0.7411145155030561,
    "induced_norm": 108.19491840462713,
    "max_edge_order": 13,
    "max_edge_weight": 13.067639343073665,
    "max_vertex_degree": 49,
    "min_edge_order": 6.991228070175438,
    "min_edge_weight": 0.0004140289457930657,
    "n_qubits": 13,
    "total_pstrings": 337
}