{
    "avg_edge_order": 1,
    "avg_edge_weight": 0.3364532110670746,
    "avg_vertex_degree": 35.07692307692308,
    "clustering_coefficient": 0.36410295495480843,
    "edge_order_std_dev": 3.099930995369766,
    "edge_weight_std_dev": 0.7898612627944678,
    "induced_norm": 113.38473212960416,
    "max_edge_order": 13,
    "max_edge_weight": 14.27655180183691,
    "max_vertex_degree": 49,
    "min_edge_order": 6.991228070175438,
    "min_edge_weight": 1.1510354817001467e-05,
    "n_qubits": 13,
    "total_pstrings": 337
}