{
    "avg_edge_order": 1,
    "avg_edge_weight": 0.31694889872049015,
    "avg_vertex_degree": 35.07692307692308,
    "clustering_coefficient": 0.36410295495480843,
    "edge_order_std_dev": 3.099930995369766,
    "edge_weight_std_dev": 0.7579161746468216,
    "induced_norm": 106.81177886880513,
    "max_edge_order": 13,
    "max_edge_weight": 13.478386353380836,
    "max_vertex_degree": 49,
    "min_edge_order": 6.991228070175438,
    "min_edge_weight": 0.0018254799536238098,
    "n_qubits": 13,
    "total_pstrings": 337
}