{
    "avg_edge_order": 1,
    "avg_edge_weight": 0.31536809289734735,
    "avg_vertex_degree": 35.07692307692308,
    "clustering_coefficient": 0.36410295495480843,
    "edge_order_std_dev": 3.099930995369766,
    "edge_weight_std_dev": 0.762028614262173,
    "induced_norm": 106.27904730640607,
    "max_edge_order": 13,
    "max_edge_weight": 13.595826633108377,
    "max_vertex_degree": 49,
    "min_edge_order": 6.991228070175438,
    "min_edge_weight": 0.0020738017195540137,
    "n_qubits": 13,
    "total_pstrings": 337
}