{
    "avg_edge_order": 1,
    "avg_edge_weight": 0.31965761760010347,
    "avg_vertex_degree": 35.07692307692308,
    "clustering_coefficient": 0.36410295495480843,
    "edge_order_std_dev": 3.099930995369766,
    "edge_weight_std_dev": 0.7325188015463899,
    "induced_norm": 107.72461713123495,
    "max_edge_order": 13,
    "max_edge_weight": 12.952173856426022,
    "max_vertex_degree": 49,
    "min_edge_order": 6.991228070175438,
    "min_edge_weight": 0.0025897315400563725,
    "n_qubits": 13,
    "total_pstrings": 337
}