{
    "avg_edge_order": 1,
    "avg_edge_weight": 0.35069287194453314,
    "avg_vertex_degree": 35.07692307692308,
    "clustering_coefficient": 0.36563152052913406,
    "edge_order_std_dev": 3.099930995369766,
    "edge_weight_std_dev": 0.7869059415900616,
    "induced_norm": 123.44389092447561,
    "max_edge_order": 13,
    "max_edge_weight": 13.849722524455073,
    "max_vertex_degree": 49,
    "min_edge_order": 6.991228070175438,
    "min_edge_weight": 2.71833837532931e-05,
    "n_qubits": 13,
    "total_pstrings": 352
}