{
    "avg_edge_order": 1,
    "avg_edge_weight": 0.3438606261679483,
    "avg_vertex_degree": 35.07692307692308,
    "clustering_coefficient": 0.36563152052913406,
    "edge_order_std_dev": 3.099930995369766,
    "edge_weight_std_dev": 0.7357245920465564,
    "induced_norm": 121.03894041111776,
    "max_edge_order": 13,
    "max_edge_weight": 12.41442490655616,
    "max_vertex_degree": 49,
    "min_edge_order": 6.991228070175438,
    "min_edge_weight": 0.0006955746369103899,
    "n_qubits": 13,
    "total_pstrings": 352
}