{
    "avg_edge_order": 1,
    "avg_edge_weight": 32.11693601380985,
    "avg_vertex_degree": 9.333333333333334,
    "clustering_coefficient": 0.35792998500100826,
    "edge_order_std_dev": 1.5,
    "edge_weight_std_dev": 55.868743690818356,
    "induced_norm": 2151.8347129252606,
    "max_edge_order": 6,
    "max_edge_weight": 467.7265698374763,
    "max_vertex_degree": 12,
    "min_edge_order": 3.5,
    "min_edge_weight": 0.5183995960890089,
    "n_qubits": 6,
    "total_pstrings": 67
}