{
    "avg_edge_order": 1,
    "avg_edge_weight": 0.35215319958019514,
    "avg_vertex_degree": 35.07692307692308,
    "clustering_coefficient": 0.36563152052913406,
    "edge_order_std_dev": 3.099930995369766,
    "edge_weight_std_dev": 0.758070660658902,
    "induced_norm": 123.95792625222869,
    "max_edge_order": 13,
    "max_edge_weight": 12.817160513020111,
    "max_vertex_degree": 49,
    "min_edge_order": 6.991228070175438,
    "min_edge_weight": 0.0006475477252745332,
    "n_qubits": 13,
    "total_pstrings": 352
}