{
    "avg_edge_order": 1,
    "avg_edge_weight": 0.41693283133234404,
    "avg_vertex_degree": 35.84615384615385,
    "clustering_coefficient": 0.3718739011661943,
    "edge_order_std_dev": 3.132638576444041,
    "edge_weight_std_dev": 0.7640272423694707,
    "induced_norm": 159.6852744002877,
    "max_edge_order": 13,
    "max_edge_weight": 12.914252619162726,
    "max_vertex_degree": 49,
    "min_edge_order": 6.896995708154506,
    "min_edge_weight": 6.272343876151387e-05,
    "n_qubits": 13,
    "total_pstrings": 383
}