{
    "avg_edge_order": 1,
    "avg_edge_weight": 0.4054948810388106,
    "avg_vertex_degree": 35.84615384615385,
    "clustering_coefficient": 0.3718739011661943,
    "edge_order_std_dev": 3.132638576444041,
    "edge_weight_std_dev": 0.7753165204164197,
    "induced_norm": 155.30453943786443,
    "max_edge_order": 13,
    "max_edge_weight": 13.235927634797665,
    "max_vertex_degree": 49,
    "min_edge_order": 6.896995708154506,
    "min_edge_weight": 0.0005376291345444706,
    "n_qubits": 13,
    "total_pstrings": 383
}