{
    "avg_edge_order": 1,
    "avg_edge_weight": 0.4167549769993476,
    "avg_vertex_degree": 35.84615384615385,
    "clustering_coefficient": 0.3718739011661943,
    "edge_order_std_dev": 3.132638576444041,
    "edge_weight_std_dev": 0.8253294073522374,
    "induced_norm": 159.61715619075022,
    "max_edge_order": 13,
    "max_edge_weight": 13.723574810773506,
    "max_vertex_degree": 49,
    "min_edge_order": 6.896995708154506,
    "min_edge_weight": 0.0001495431545158743,
    "n_qubits": 13,
    "total_pstrings": 383
}