{
    "avg_edge_order": 1,
    "avg_edge_weight": 0.3961612643347144,
    "avg_vertex_degree": 35.84615384615385,
    "clustering_coefficient": 0.3718739011661943,
    "edge_order_std_dev": 3.132638576444041,
    "edge_weight_std_dev": 0.7557301762783817,
    "induced_norm": 151.72976424019546,
    "max_edge_order": 13,
    "max_edge_weight": 13.035942501126746,
    "max_vertex_degree": 49,
    "min_edge_order": 6.896995708154506,
    "min_edge_weight": 0.00015456917608247522,
    "n_qubits": 13,
    "total_pstrings": 383
}