{
    "avg_edge_order": 1,
    "avg_edge_weight": 30.789569990160985,
    "avg_vertex_degree": 9.333333333333334,
    "clustering_coefficient": 0.35792998500100826,
    "edge_order_std_dev": 1.5,
    "edge_weight_std_dev": 54.94221790000088,
    "induced_norm": 2062.901189340786,
    "max_edge_order": 6,
    "max_edge_weight": 461.23168848930766,
    "max_vertex_degree": 12,
    "min_edge_order": 3.5,
    "min_edge_weight": 0.5237984960268225,
    "n_qubits": 6,
    "total_pstrings": 67
}