{
    "avg_edge_order": 1,
    "avg_edge_weight": 0.5022483666228506,
    "avg_vertex_degree": 35.84615384615385,
    "clustering_coefficient": 0.31889934869146536,
    "edge_order_std_dev": 3.132638576444041,
    "edge_weight_std_dev": 0.798450260061655,
    "induced_norm": 224.00277151379134,
    "max_edge_order": 13,
    "max_edge_weight": 13.019657346380797,
    "max_vertex_degree": 49,
    "min_edge_order": 6.896995708154506,
    "min_edge_weight": 0.0006506738906861265,
    "n_qubits": 13,
    "total_pstrings": 446
}