{
    "avg_edge_order": 1,
    "avg_edge_weight": 0.4834242653371221,
    "avg_vertex_degree": 35.84615384615385,
    "clustering_coefficient": 0.31889934869146536,
    "edge_order_std_dev": 3.132638576444041,
    "edge_weight_std_dev": 0.8024579657940688,
    "induced_norm": 215.60722234035646,
    "max_edge_order": 13,
    "max_edge_weight": 12.391990533712777,
    "max_vertex_degree": 49,
    "min_edge_order": 6.896995708154506,
    "min_edge_weight": 0.0008477861278585741,
    "n_qubits": 13,
    "total_pstrings": 446
}