{
    "avg_edge_order": 1,
    "avg_edge_weight": 30.2508141391641,
    "avg_vertex_degree": 9.333333333333334,
    "clustering_coefficient": 0.35792998500100826,
    "edge_order_std_dev": 1.5,
    "edge_weight_std_dev": 54.98784918316578,
    "induced_norm": 2026.8045473239947,
    "max_edge_order": 6,
    "max_edge_weight": 457.18203518061864,
    "max_vertex_degree": 12,
    "min_edge_order": 3.5,
    "min_edge_weight": 0.05855491551686742,
    "n_qubits": 6,
    "total_pstrings": 67
}