{
    "avg_edge_order": 1,
    "avg_edge_weight": 0.48284086891471767,
    "avg_vertex_degree": 35.84615384615385,
    "clustering_coefficient": 0.31889934869146536,
    "edge_order_std_dev": 3.132638576444041,
    "edge_weight_std_dev": 0.7969004573649874,
    "induced_norm": 215.34702753596406,
    "max_edge_order": 13,
    "max_edge_weight": 13.469115067081724,
    "max_vertex_degree": 49,
    "min_edge_order": 6.896995708154506,
    "min_edge_weight": 0.001518978881600408,
    "n_qubits": 13,
    "total_pstrings": 446
}