{
    "avg_edge_order": 1,
    "avg_edge_weight": 32.6592703004255,
    "avg_vertex_degree": 9.333333333333334,
    "clustering_coefficient": 0.35792998500100826,
    "edge_order_std_dev": 1.5,
    "edge_weight_std_dev": 61.81809935804081,
    "induced_norm": 2188.1711101285073,
    "max_edge_order": 6,
    "max_edge_weight": 515.9289724377335,
    "max_vertex_degree": 12,
    "min_edge_order": 3.5,
    "min_edge_weight": 0.09299518700040021,
    "n_qubits": 6,
    "total_pstrings": 67
}