{
    "avg_edge_order": 1,
    "avg_edge_weight": 0.2824108968411406,
    "avg_vertex_degree": 39.92857142857143,
    "clustering_coefficient": 0.36002074178816984,
    "edge_order_std_dev": 3.315727799185416,
    "edge_weight_std_dev": 0.7433018064710101,
    "induced_norm": 107.03372990279222,
    "max_edge_order": 14,
    "max_edge_weight": 14.481969592024608,
    "max_vertex_degree": 56,
    "min_edge_order": 7.511627906976744,
    "min_edge_weight": 0.0007254871194328216,
    "n_qubits": 14,
    "total_pstrings": 379
}