{
    "avg_edge_order": 1,
    "avg_edge_weight": 0.2927240350445979,
    "avg_vertex_degree": 39.92857142857143,
    "clustering_coefficient": 0.36002074178816984,
    "edge_order_std_dev": 3.315727799185416,
    "edge_weight_std_dev": 0.7616024013606203,
    "induced_norm": 110.9424092819026,
    "max_edge_order": 14,
    "max_edge_weight": 14.813902935134568,
    "max_vertex_degree": 56,
    "min_edge_order": 7.511627906976744,
    "min_edge_weight": 0.0003185784112604284,
    "n_qubits": 14,
    "total_pstrings": 379
}