{
    "avg_edge_order": 1,
    "avg_edge_weight": 0.28524355608446744,
    "avg_vertex_degree": 39.92857142857143,
    "clustering_coefficient": 0.36002074178816984,
    "edge_order_std_dev": 3.315727799185416,
    "edge_weight_std_dev": 0.7865262322474958,
    "induced_norm": 108.1073077560131,
    "max_edge_order": 14,
    "max_edge_weight": 15.303349693497477,
    "max_vertex_degree": 56,
    "min_edge_order": 7.511627906976744,
    "min_edge_weight": 0.00013672897222299918,
    "n_qubits": 14,
    "total_pstrings": 379
}