{
    "avg_edge_order": 1,
    "avg_edge_weight": 0.2882092517610727,
    "avg_vertex_degree": 39.92857142857143,
    "clustering_coefficient": 0.36002074178816984,
    "edge_order_std_dev": 3.315727799185416,
    "edge_weight_std_dev": 0.7268895591977637,
    "induced_norm": 109.23130641744655,
    "max_edge_order": 14,
    "max_edge_weight": 14.155849186958724,
    "max_vertex_degree": 56,
    "min_edge_order": 7.511627906976744,
    "min_edge_weight": 0.0006114434388301282,
    "n_qubits": 14,
    "total_pstrings": 379
}