{
    "avg_edge_order": 1,
    "avg_edge_weight": 0.2918699144820448,
    "avg_vertex_degree": 39.92857142857143,
    "clustering_coefficient": 0.36002074178816984,
    "edge_order_std_dev": 3.315727799185416,
    "edge_weight_std_dev": 0.7331055814014166,
    "induced_norm": 110.61869758869494,
    "max_edge_order": 14,
    "max_edge_weight": 14.273356540139488,
    "max_vertex_degree": 56,
    "min_edge_order": 7.511627906976744,
    "min_edge_weight": 1.7731366349194033e-05,
    "n_qubits": 14,
    "total_pstrings": 379
}