{
    "avg_edge_order": 1,
    "avg_edge_weight": 32.56362544288469,
    "avg_vertex_degree": 12.0,
    "clustering_coefficient": 0.3537946711040823,
    "edge_order_std_dev": 1.7320508075688772,
    "edge_weight_std_dev": 53.97799372574322,
    "induced_norm": 2995.853540745392,
    "max_edge_order": 7,
    "max_edge_weight": 528.8758653557082,
    "max_vertex_degree": 16,
    "min_edge_order": 4.0,
    "min_edge_weight": 0.8471419448285167,
    "n_qubits": 7,
    "total_pstrings": 92
}