{
    "avg_edge_order": 1,
    "avg_edge_weight": 0.30656063258131083,
    "avg_vertex_degree": 39.92857142857143,
    "clustering_coefficient": 0.36002074178816984,
    "edge_order_std_dev": 3.315727799185416,
    "edge_weight_std_dev": 0.7966750925741006,
    "induced_norm": 116.18647974831678,
    "max_edge_order": 14,
    "max_edge_weight": 15.521985158883087,
    "max_vertex_degree": 56,
    "min_edge_order": 7.511627906976744,
    "min_edge_weight": 0.0005149499780845446,
    "n_qubits": 14,
    "total_pstrings": 379
}