{
    "avg_edge_order": 1,
    "avg_edge_weight": 30.06327944708605,
    "avg_vertex_degree": 12.0,
    "clustering_coefficient": 0.3537946711040823,
    "edge_order_std_dev": 1.7320508075688772,
    "edge_weight_std_dev": 60.055124737256726,
    "induced_norm": 2765.8217091319148,
    "max_edge_order": 7,
    "max_edge_weight": 586.6913939814879,
    "max_vertex_degree": 16,
    "min_edge_order": 4.0,
    "min_edge_weight": 0.48335737732395145,
    "n_qubits": 7,
    "total_pstrings": 92
}