{
    "avg_edge_order": 1,
    "avg_edge_weight": 0.26934911541830436,
    "avg_vertex_degree": 39.92857142857143,
    "clustering_coefficient": 0.36002074178816984,
    "edge_order_std_dev": 3.315727799185416,
    "edge_weight_std_dev": 0.7303002737108264,
    "induced_norm": 102.35266385895558,
    "max_edge_order": 14,
    "max_edge_weight": 14.161456147371204,
    "max_vertex_degree": 56,
    "min_edge_order": 7.511627906976744,
    "min_edge_weight": 0.001209094873688532,
    "n_qubits": 14,
    "total_pstrings": 380
}