{
    "avg_edge_order": 1,
    "avg_edge_weight": 0.2847736928836429,
    "avg_vertex_degree": 39.92857142857143,
    "clustering_coefficient": 0.36002074178816984,
    "edge_order_std_dev": 3.315727799185416,
    "edge_weight_std_dev": 0.7697252123262719,
    "induced_norm": 108.21400329578432,
    "max_edge_order": 14,
    "max_edge_weight": 14.91392903163321,
    "max_vertex_degree": 56,
    "min_edge_order": 7.511627906976744,
    "min_edge_weight": 1.804782423203699e-05,
    "n_qubits": 14,
    "total_pstrings": 380
}