{
    "avg_edge_order": 1,
    "avg_edge_weight": 29.458420214259103,
    "avg_vertex_degree": 12.0,
    "clustering_coefficient": 0.3537946711040823,
    "edge_order_std_dev": 1.7320508075688772,
    "edge_weight_std_dev": 56.69629441613636,
    "induced_norm": 2710.1746597118367,
    "max_edge_order": 7,
    "max_edge_weight": 552.6260033258969,
    "max_vertex_degree": 16,
    "min_edge_order": 4.0,
    "min_edge_weight": 0.6791674345114131,
    "n_qubits": 7,
    "total_pstrings": 92
}