{
    "avg_edge_order": 1,
    "avg_edge_weight": 0.29298878186052896,
    "avg_vertex_degree": 39.92857142857143,
    "clustering_coefficient": 0.36002074178816984,
    "edge_order_std_dev": 3.315727799185416,
    "edge_weight_std_dev": 0.7457018731880162,
    "induced_norm": 111.33573710700098,
    "max_edge_order": 14,
    "max_edge_weight": 14.413388553230899,
    "max_vertex_degree": 56,
    "min_edge_order": 7.511627906976744,
    "min_edge_weight": 0.0006384415028131141,
    "n_qubits": 14,
    "total_pstrings": 380
}