{
    "avg_edge_order": 1,
    "avg_edge_weight": 0.3035167060552664,
    "avg_vertex_degree": 39.92857142857143,
    "clustering_coefficient": 0.3600981764933778,
    "edge_order_std_dev": 3.315727799185416,
    "edge_weight_std_dev": 0.7819072867066785,
    "induced_norm": 116.24689841916708,
    "max_edge_order": 14,
    "max_edge_weight": 15.20827888779364,
    "max_vertex_degree": 56,
    "min_edge_order": 7.511627906976744,
    "min_edge_weight": 0.0005060871068203188,
    "n_qubits": 14,
    "total_pstrings": 383
}