{
    "avg_edge_order": 1,
    "avg_edge_weight": 0.30266971083327554,
    "avg_vertex_degree": 39.92857142857143,
    "clustering_coefficient": 0.3600981764933778,
    "edge_order_std_dev": 3.315727799185416,
    "edge_weight_std_dev": 0.7443725552981879,
    "induced_norm": 115.92249924914452,
    "max_edge_order": 14,
    "max_edge_weight": 14.132276473023483,
    "max_vertex_degree": 56,
    "min_edge_order": 7.511627906976744,
    "min_edge_weight": 0.0004016783808305502,
    "n_qubits": 14,
    "total_pstrings": 383
}