{
    "avg_edge_order": 1,
    "avg_edge_weight": 0.30048435737301826,
    "avg_vertex_degree": 39.92857142857143,
    "clustering_coefficient": 0.3600981764933778,
    "edge_order_std_dev": 3.315727799185416,
    "edge_weight_std_dev": 0.7338187426000703,
    "induced_norm": 115.08550887386598,
    "max_edge_order": 14,
    "max_edge_weight": 14.21656863999962,
    "max_vertex_degree": 56,
    "min_edge_order": 7.511627906976744,
    "min_edge_weight": 0.002518104278930622,
    "n_qubits": 14,
    "total_pstrings": 383
}