{
    "avg_edge_order": 1,
    "avg_edge_weight": 0.31108337070269393,
    "avg_vertex_degree": 39.92857142857143,
    "clustering_coefficient": 0.3600981764933778,
    "edge_order_std_dev": 3.315727799185416,
    "edge_weight_std_dev": 0.7952771634282519,
    "induced_norm": 119.14493097913179,
    "max_edge_order": 14,
    "max_edge_weight": 15.466875493336024,
    "max_vertex_degree": 56,
    "min_edge_order": 7.511627906976744,
    "min_edge_weight": 0.0007215509451786728,
    "n_qubits": 14,
    "total_pstrings": 383
}