{
    "avg_edge_order": 1,
    "avg_edge_weight": 0.3032649730767813,
    "avg_vertex_degree": 40.07142857142857,
    "clustering_coefficient": 0.36065691183692233,
    "edge_order_std_dev": 3.3260742447960028,
    "edge_weight_std_dev": 0.7319389312938371,
    "induced_norm": 118.27333949994468,
    "max_edge_order": 14,
    "max_edge_weight": 14.073312309399673,
    "max_vertex_degree": 56,
    "min_edge_order": 7.491978609625669,
    "min_edge_weight": 0.0013862085401315505,
    "n_qubits": 14,
    "total_pstrings": 390
}