{
    "avg_edge_order": 1,
    "avg_edge_weight": 0.3164858536182512,
    "avg_vertex_degree": 40.07142857142857,
    "clustering_coefficient": 0.36065691183692233,
    "edge_order_std_dev": 3.3260742447960028,
    "edge_weight_std_dev": 0.7180040098807192,
    "induced_norm": 123.42948291111799,
    "max_edge_order": 14,
    "max_edge_weight": 13.842080916949229,
    "max_vertex_degree": 56,
    "min_edge_order": 7.491978609625669,
    "min_edge_weight": 0.0002676398816378045,
    "n_qubits": 14,
    "total_pstrings": 390
}