{
    "avg_edge_order": 1,
    "avg_edge_weight": 0.3102132412506583,
    "avg_vertex_degree": 40.07142857142857,
    "clustering_coefficient": 0.36065691183692233,
    "edge_order_std_dev": 3.3260742447960028,
    "edge_weight_std_dev": 0.7545661595259221,
    "induced_norm": 120.98316408775669,
    "max_edge_order": 14,
    "max_edge_weight": 14.627686998778103,
    "max_vertex_degree": 56,
    "min_edge_order": 7.491978609625669,
    "min_edge_weight": 0.00020636686390551606,
    "n_qubits": 14,
    "total_pstrings": 390
}