{
    "avg_edge_order": 1,
    "avg_edge_weight": 0.31644678963786255,
    "avg_vertex_degree": 40.07142857142857,
    "clustering_coefficient": 0.36065691183692233,
    "edge_order_std_dev": 3.3260742447960028,
    "edge_weight_std_dev": 0.76640278877625,
    "induced_norm": 123.4142479587664,
    "max_edge_order": 14,
    "max_edge_weight": 14.698980887674558,
    "max_vertex_degree": 56,
    "min_edge_order": 7.491978609625669,
    "min_edge_weight": 3.598906194568485e-05,
    "n_qubits": 14,
    "total_pstrings": 390
}