{
    "avg_edge_order": 1,
    "avg_edge_weight": 33.175750141190996,
    "avg_vertex_degree": 12.0,
    "clustering_coefficient": 0.3537946711040823,
    "edge_order_std_dev": 1.7320508075688772,
    "edge_weight_std_dev": 60.45871642932055,
    "induced_norm": 3052.169012989571,
    "max_edge_order": 7,
    "max_edge_weight": 594.079331388864,
    "max_vertex_degree": 16,
    "min_edge_order": 4.0,
    "min_edge_weight": 1.4572522263109704,
    "n_qubits": 7,
    "total_pstrings": 92
}