{
    "avg_edge_order": 1,
    "avg_edge_weight": 0.3583348915969354,
    "avg_vertex_degree": 40.07142857142857,
    "clustering_coefficient": 0.36179829919108364,
    "edge_order_std_dev": 3.3260742447960028,
    "edge_weight_std_dev": 0.8279967249432727,
    "induced_norm": 145.12563109675892,
    "max_edge_order": 14,
    "max_edge_weight": 15.27742057928715,
    "max_vertex_degree": 56,
    "min_edge_order": 7.491978609625669,
    "min_edge_weight": 0.0006616172327352232,
    "n_qubits": 14,
    "total_pstrings": 405
}