{
    "avg_edge_order": 1,
    "avg_edge_weight": 0.33434832562162675,
    "avg_vertex_degree": 40.07142857142857,
    "clustering_coefficient": 0.36179829919108364,
    "edge_order_std_dev": 3.3260742447960028,
    "edge_weight_std_dev": 0.7630958391859018,
    "induced_norm": 135.41107187675888,
    "max_edge_order": 14,
    "max_edge_weight": 14.190628496541434,
    "max_vertex_degree": 56,
    "min_edge_order": 7.491978609625669,
    "min_edge_weight": 2.7747159184909886e-05,
    "n_qubits": 14,
    "total_pstrings": 405
}