{
    "avg_edge_order": 1,
    "avg_edge_weight": 33.33107540504317,
    "avg_vertex_degree": 12.0,
    "clustering_coefficient": 0.3537946711040823,
    "edge_order_std_dev": 1.7320508075688772,
    "edge_weight_std_dev": 57.34087562875191,
    "induced_norm": 3066.458937263972,
    "max_edge_order": 7,
    "max_edge_weight": 561.7076646127957,
    "max_vertex_degree": 16,
    "min_edge_order": 4.0,
    "min_edge_weight": 0.8027257608051315,
    "n_qubits": 7,
    "total_pstrings": 92
}