{
    "avg_edge_order": 1,
    "avg_edge_weight": 31.44101452017367,
    "avg_vertex_degree": 5.0,
    "clustering_coefficient": 0.4220077730200311,
    "edge_order_std_dev": 1.02469507659596,
    "edge_weight_std_dev": 43.604031934410834,
    "induced_norm": 911.7894210850363,
    "max_edge_order": 4,
    "max_edge_weight": 250.46009245696143,
    "max_vertex_degree": 6,
    "min_edge_order": 2.5,
    "min_edge_weight": 0.7275130053565225,
    "n_qubits": 4,
    "total_pstrings": 29
}