{
    "avg_edge_order": 1,
    "avg_edge_weight": 0.3764167924022103,
    "avg_vertex_degree": 40.785714285714285,
    "clustering_coefficient": 0.3664470460044415,
    "edge_order_std_dev": 3.3593160067542165,
    "edge_weight_std_dev": 0.806408913071872,
    "induced_norm": 164.1177214873636,
    "max_edge_order": 14,
    "max_edge_weight": 15.116005289597345,
    "max_vertex_degree": 56,
    "min_edge_order": 7.406304728546409,
    "min_edge_weight": 0.0004992001393481771,
    "n_qubits": 14,
    "total_pstrings": 436
}