{
    "avg_edge_order": 1,
    "avg_edge_weight": 29.180154744193533,
    "avg_vertex_degree": 12.0,
    "clustering_coefficient": 0.3537946711040823,
    "edge_order_std_dev": 1.7320508075688772,
    "edge_weight_std_dev": 62.06653378668027,
    "induced_norm": 2684.574236465805,
    "max_edge_order": 7,
    "max_edge_weight": 606.8885225572135,
    "max_vertex_degree": 16,
    "min_edge_order": 4.0,
    "min_edge_weight": 0.23997949915899852,
    "n_qubits": 7,
    "total_pstrings": 92
}