{
    "avg_edge_order": 1,
    "avg_edge_weight": 0.38107947178478013,
    "avg_vertex_degree": 40.785714285714285,
    "clustering_coefficient": 0.3664470460044415,
    "edge_order_std_dev": 3.3593160067542165,
    "edge_weight_std_dev": 0.8098633525570793,
    "induced_norm": 166.15064969816413,
    "max_edge_order": 14,
    "max_edge_weight": 14.364387531661281,
    "max_vertex_degree": 56,
    "min_edge_order": 7.406304728546409,
    "min_edge_weight": 0.000467716332848811,
    "n_qubits": 14,
    "total_pstrings": 436
}