{
    "avg_edge_order": 1,
    "avg_edge_weight": 0.4015030481214687,
    "avg_vertex_degree": 40.785714285714285,
    "clustering_coefficient": 0.3664470460044415,
    "edge_order_std_dev": 3.3593160067542165,
    "edge_weight_std_dev": 0.7981851736019921,
    "induced_norm": 175.0553289809604,
    "max_edge_order": 14,
    "max_edge_weight": 14.282560273716602,
    "max_vertex_degree": 56,
    "min_edge_order": 7.406304728546409,
    "min_edge_weight": 0.0030538309275534026,
    "n_qubits": 14,
    "total_pstrings": 436
}