{
    "avg_edge_order": 1,
    "avg_edge_weight": 0.3865586025789402,
    "avg_vertex_degree": 40.785714285714285,
    "clustering_coefficient": 0.3664470460044415,
    "edge_order_std_dev": 3.3593160067542165,
    "edge_weight_std_dev": 0.8025590469439902,
    "induced_norm": 168.53955072441784,
    "max_edge_order": 14,
    "max_edge_weight": 15.050272043648105,
    "max_vertex_degree": 56,
    "min_edge_order": 7.406304728546409,
    "min_edge_weight": 0.002862059581686782,
    "n_qubits": 14,
    "total_pstrings": 436
}