{
    "avg_edge_order": 1,
    "avg_edge_weight": 0.4523114924636519,
    "avg_vertex_degree": 40.785714285714285,
    "clustering_coefficient": 0.3368174468884018,
    "edge_order_std_dev": 3.3593160067542165,
    "edge_weight_std_dev": 0.7824227402944267,
    "induced_norm": 225.7034347393623,
    "max_edge_order": 14,
    "max_edge_weight": 14.170422750203588,
    "max_vertex_degree": 56,
    "min_edge_order": 7.406304728546409,
    "min_edge_weight": 0.0018095149601208838,
    "n_qubits": 14,
    "total_pstrings": 499
}