{
    "avg_edge_order": 1,
    "avg_edge_weight": 0.45699737986342204,
    "avg_vertex_degree": 40.785714285714285,
    "clustering_coefficient": 0.3368174468884018,
    "edge_order_std_dev": 3.3593160067542165,
    "edge_weight_std_dev": 0.8049752161676204,
    "induced_norm": 228.04169255184755,
    "max_edge_order": 14,
    "max_edge_weight": 14.834005540208242,
    "max_vertex_degree": 56,
    "min_edge_order": 7.406304728546409,
    "min_edge_weight": 0.0017623867341207688,
    "n_qubits": 14,
    "total_pstrings": 499
}