{
    "avg_edge_order": 1,
    "avg_edge_weight": 0.48801801025410574,
    "avg_vertex_degree": 40.785714285714285,
    "clustering_coefficient": 0.3368174468884018,
    "edge_order_std_dev": 3.3593160067542165,
    "edge_weight_std_dev": 0.8607013427705071,
    "induced_norm": 243.52098711679886,
    "max_edge_order": 14,
    "max_edge_weight": 15.607814811515356,
    "max_vertex_degree": 56,
    "min_edge_order": 7.406304728546409,
    "min_edge_weight": 0.0003467639252285326,
    "n_qubits": 14,
    "total_pstrings": 499
}