{
    "avg_edge_order": 1,
    "avg_edge_weight": 0.4761691896920216,
    "avg_vertex_degree": 40.785714285714285,
    "clustering_coefficient": 0.3368174468884018,
    "edge_order_std_dev": 3.3593160067542165,
    "edge_weight_std_dev": 0.8717899132757462,
    "induced_norm": 237.6084256563188,
    "max_edge_order": 14,
    "max_edge_weight": 15.51817924932202,
    "max_vertex_degree": 56,
    "min_edge_order": 7.406304728546409,
    "min_edge_weight": 0.0002470560190471205,
    "n_qubits": 14,
    "total_pstrings": 499
}