{
    "avg_edge_order": 1,
    "avg_edge_weight": 29.27967880676217,
    "avg_vertex_degree": 12.0,
    "clustering_coefficient": 0.3537946711040823,
    "edge_order_std_dev": 1.7320508075688772,
    "edge_weight_std_dev": 59.261624153911264,
    "induced_norm": 2693.7304502221186,
    "max_edge_order": 7,
    "max_edge_weight": 574.6799730046856,
    "max_vertex_degree": 16,
    "min_edge_order": 4.0,
    "min_edge_weight": 0.32803977307546006,
    "n_qubits": 7,
    "total_pstrings": 92
}