{
    "avg_edge_order": 1,
    "avg_edge_weight": 0.28654147075878167,
    "avg_vertex_degree": 45.266666666666666,
    "clustering_coefficient": 0.35376627362924734,
    "edge_order_std_dev": 3.5420736117925675,
    "edge_weight_std_dev": 0.7596173749618805,
    "induced_norm": 124.93208125082873,
    "max_edge_order": 15,
    "max_edge_weight": 15.848613894350327,
    "max_vertex_degree": 64,
    "min_edge_order": 8.010309278350515,
    "min_edge_weight": 0.002350506984870049,
    "n_qubits": 15,
    "total_pstrings": 436
}