{
    "avg_edge_order": 1,
    "avg_edge_weight": 0.29829252993541117,
    "avg_vertex_degree": 45.266666666666666,
    "clustering_coefficient": 0.35376627362924734,
    "edge_order_std_dev": 3.5420736117925675,
    "edge_weight_std_dev": 0.8281545304171676,
    "induced_norm": 130.0555430518393,
    "max_edge_order": 15,
    "max_edge_weight": 17.276031983090405,
    "max_vertex_degree": 64,
    "min_edge_order": 8.010309278350515,
    "min_edge_weight": 0.0021898856389900856,
    "n_qubits": 15,
    "total_pstrings": 436
}