{
    "avg_edge_order": 1,
    "avg_edge_weight": 0.2818594655495016,
    "avg_vertex_degree": 45.266666666666666,
    "clustering_coefficient": 0.35376627362924734,
    "edge_order_std_dev": 3.5420736117925675,
    "edge_weight_std_dev": 0.7954729511175647,
    "induced_norm": 122.8907269795827,
    "max_edge_order": 15,
    "max_edge_weight": 16.607417348708523,
    "max_vertex_degree": 64,
    "min_edge_order": 8.010309278350515,
    "min_edge_weight": 0.002602947789044463,
    "n_qubits": 15,
    "total_pstrings": 436
}