{
    "avg_edge_order": 1,
    "avg_edge_weight": 28.926092247251976,
    "avg_vertex_degree": 12.0,
    "clustering_coefficient": 0.3537946711040823,
    "edge_order_std_dev": 1.7320508075688772,
    "edge_weight_std_dev": 55.59958097853559,
    "induced_norm": 2661.2004867471837,
    "max_edge_order": 7,
    "max_edge_weight": 540.424802074724,
    "max_vertex_degree": 16,
    "min_edge_order": 4.0,
    "min_edge_weight": 0.5451921176900214,
    "n_qubits": 7,
    "total_pstrings": 92
}