{
    "avg_edge_order": 1,
    "avg_edge_weight": 0.28636983094377705,
    "avg_vertex_degree": 45.266666666666666,
    "clustering_coefficient": 0.35376627362924734,
    "edge_order_std_dev": 3.5420736117925675,
    "edge_weight_std_dev": 0.7624581177403345,
    "induced_norm": 124.85724629148679,
    "max_edge_order": 15,
    "max_edge_weight": 15.895522154067669,
    "max_vertex_degree": 64,
    "min_edge_order": 8.010309278350515,
    "min_edge_weight": 0.0008309997172717964,
    "n_qubits": 15,
    "total_pstrings": 436
}