{
    "avg_edge_order": 1,
    "avg_edge_weight": 0.2774810752854584,
    "avg_vertex_degree": 45.266666666666666,
    "clustering_coefficient": 0.35376627362924734,
    "edge_order_std_dev": 3.5420736117925675,
    "edge_weight_std_dev": 0.7447817512282449,
    "induced_norm": 120.98174882445988,
    "max_edge_order": 15,
    "max_edge_weight": 15.51480492575424,
    "max_vertex_degree": 64,
    "min_edge_order": 8.010309278350515,
    "min_edge_weight": 0.0005641424804430084,
    "n_qubits": 15,
    "total_pstrings": 436
}