{
    "avg_edge_order": 1,
    "avg_edge_weight": 0.2664053945222743,
    "avg_vertex_degree": 45.266666666666666,
    "clustering_coefficient": 0.35376627362924734,
    "edge_order_std_dev": 3.5420736117925675,
    "edge_weight_std_dev": 0.7157144722081628,
    "induced_norm": 116.15275201171164,
    "max_edge_order": 15,
    "max_edge_weight": 14.889469551819408,
    "max_vertex_degree": 64,
    "min_edge_order": 8.010309278350515,
    "min_edge_weight": 0.0011692986165698915,
    "n_qubits": 15,
    "total_pstrings": 436
}