{
    "avg_edge_order": 1,
    "avg_edge_weight": 30.882580721162945,
    "avg_vertex_degree": 12.0,
    "clustering_coefficient": 0.3537946711040823,
    "edge_order_std_dev": 1.7320508075688772,
    "edge_weight_std_dev": 61.455981201961826,
    "induced_norm": 2841.19742634699,
    "max_edge_order": 7,
    "max_edge_weight": 600.0243179960738,
    "max_vertex_degree": 16,
    "min_edge_order": 4.0,
    "min_edge_weight": 0.3895235555779877,
    "n_qubits": 7,
    "total_pstrings": 92
}