{
    "avg_edge_order": 1,
    "avg_edge_weight": 0.30434375000604325,
    "avg_vertex_degree": 45.266666666666666,
    "clustering_coefficient": 0.35376627362924734,
    "edge_order_std_dev": 3.5420736117925675,
    "edge_weight_std_dev": 0.7919120170050937,
    "induced_norm": 132.99821875264092,
    "max_edge_order": 15,
    "max_edge_weight": 16.44142721636063,
    "max_vertex_degree": 64,
    "min_edge_order": 8.010309278350515,
    "min_edge_weight": 0.0007968036476724838,
    "n_qubits": 15,
    "total_pstrings": 437
}