{
    "avg_edge_order": 1,
    "avg_edge_weight": 0.2851834915313263,
    "avg_vertex_degree": 45.266666666666666,
    "clustering_coefficient": 0.35376627362924734,
    "edge_order_std_dev": 3.5420736117925675,
    "edge_weight_std_dev": 0.7781616826787874,
    "induced_norm": 124.62518579918957,
    "max_edge_order": 15,
    "max_edge_weight": 16.177920105298604,
    "max_vertex_degree": 64,
    "min_edge_order": 8.010309278350515,
    "min_edge_weight": 2.7490287984266448e-05,
    "n_qubits": 15,
    "total_pstrings": 437
}