{
    "avg_edge_order": 1,
    "avg_edge_weight": 0.2987064130307744,
    "avg_vertex_degree": 45.266666666666666,
    "clustering_coefficient": 0.35376627362924734,
    "edge_order_std_dev": 3.5420736117925675,
    "edge_weight_std_dev": 0.8032774664736163,
    "induced_norm": 130.53470249444834,
    "max_edge_order": 15,
    "max_edge_weight": 16.74368140051416,
    "max_vertex_degree": 64,
    "min_edge_order": 8.010309278350515,
    "min_edge_weight": 0.0020261914717004115,
    "n_qubits": 15,
    "total_pstrings": 437
}