{
    "avg_edge_order": 1,
    "avg_edge_weight": 30.303171544831418,
    "avg_vertex_degree": 12.0,
    "clustering_coefficient": 0.3537946711040823,
    "edge_order_std_dev": 1.7320508075688772,
    "edge_weight_std_dev": 59.966024257061264,
    "induced_norm": 2787.89178212449,
    "max_edge_order": 7,
    "max_edge_weight": 584.1091192822387,
    "max_vertex_degree": 16,
    "min_edge_order": 4.0,
    "min_edge_weight": 1.256326863004158,
    "n_qubits": 7,
    "total_pstrings": 92
}