{
    "avg_edge_order": 1,
    "avg_edge_weight": 0.29733002833581496,
    "avg_vertex_degree": 45.266666666666666,
    "clustering_coefficient": 0.35376627362924734,
    "edge_order_std_dev": 3.5420736117925675,
    "edge_weight_std_dev": 0.7763466866231717,
    "induced_norm": 129.93322238275115,
    "max_edge_order": 15,
    "max_edge_weight": 16.169269961264288,
    "max_vertex_degree": 64,
    "min_edge_order": 8.010309278350515,
    "min_edge_weight": 0.0007100701253797692,
    "n_qubits": 15,
    "total_pstrings": 437
}