{
    "avg_edge_order": 1,
    "avg_edge_weight": 32.03115638621737,
    "avg_vertex_degree": 12.0,
    "clustering_coefficient": 0.3537946711040823,
    "edge_order_std_dev": 1.7320508075688772,
    "edge_weight_std_dev": 61.954554294880374,
    "induced_norm": 2946.8663875319985,
    "max_edge_order": 7,
    "max_edge_weight": 606.3740188959606,
    "max_vertex_degree": 16,
    "min_edge_order": 4.0,
    "min_edge_weight": 0.14005065585138698,
    "n_qubits": 7,
    "total_pstrings": 92
}