{
    "avg_edge_order": 1,
    "avg_edge_weight": 33.156499718283676,
    "avg_vertex_degree": 5.0,
    "clustering_coefficient": 0.4220077730200311,
    "edge_order_std_dev": 1.02469507659596,
    "edge_weight_std_dev": 49.37661445944264,
    "induced_norm": 961.5384918302268,
    "max_edge_order": 4,
    "max_edge_weight": 287.2932843966195,
    "max_vertex_degree": 6,
    "min_edge_order": 2.5,
    "min_edge_weight": 0.6857306095074123,
    "n_qubits": 4,
    "total_pstrings": 29
}