{
    "avg_edge_order": 1,
    "avg_edge_weight": 0.308262496169513,
    "avg_vertex_degree": 45.266666666666666,
    "clustering_coefficient": 0.35382458464678085,
    "edge_order_std_dev": 3.5420736117925675,
    "edge_weight_std_dev": 0.801622549673012,
    "induced_norm": 135.63549831458562,
    "max_edge_order": 15,
    "max_edge_weight": 16.664759929957576,
    "max_vertex_degree": 64,
    "min_edge_order": 8.010309278350515,
    "min_edge_weight": 0.0009095062482263883,
    "n_qubits": 15,
    "total_pstrings": 440
}