{
    "avg_edge_order": 1,
    "avg_edge_weight": 0.29139634392780583,
    "avg_vertex_degree": 45.266666666666666,
    "clustering_coefficient": 0.35382458464678085,
    "edge_order_std_dev": 3.5420736117925675,
    "edge_weight_std_dev": 0.7785902839104903,
    "induced_norm": 128.21439132823454,
    "max_edge_order": 15,
    "max_edge_weight": 16.156725805427598,
    "max_vertex_degree": 64,
    "min_edge_order": 8.010309278350515,
    "min_edge_weight": 0.0007604184912060608,
    "n_qubits": 15,
    "total_pstrings": 440
}