{
    "avg_edge_order": 1,
    "avg_edge_weight": 0.2876102961507433,
    "avg_vertex_degree": 45.266666666666666,
    "clustering_coefficient": 0.35382458464678085,
    "edge_order_std_dev": 3.5420736117925675,
    "edge_weight_std_dev": 0.7741982050401215,
    "induced_norm": 126.54853030632692,
    "max_edge_order": 15,
    "max_edge_weight": 16.081930883838705,
    "max_vertex_degree": 64,
    "min_edge_order": 8.010309278350515,
    "min_edge_weight": 0.003757757901078629,
    "n_qubits": 15,
    "total_pstrings": 440
}