{
    "avg_edge_order": 1,
    "avg_edge_weight": 0.28543987011453603,
    "avg_vertex_degree": 45.266666666666666,
    "clustering_coefficient": 0.35382458464678085,
    "edge_order_std_dev": 3.5420736117925675,
    "edge_weight_std_dev": 0.7454571046306926,
    "induced_norm": 125.5935428503959,
    "max_edge_order": 15,
    "max_edge_weight": 15.427528321682374,
    "max_vertex_degree": 64,
    "min_edge_order": 8.010309278350515,
    "min_edge_weight": 0.0017238962863854734,
    "n_qubits": 15,
    "total_pstrings": 440
}