{
    "avg_edge_order": 1,
    "avg_edge_weight": 0.30472000272767485,
    "avg_vertex_degree": 45.266666666666666,
    "clustering_coefficient": 0.35382458464678085,
    "edge_order_std_dev": 3.5420736117925675,
    "edge_weight_std_dev": 0.7859685701789699,
    "induced_norm": 134.07680120017685,
    "max_edge_order": 15,
    "max_edge_weight": 16.294979051737386,
    "max_vertex_degree": 64,
    "min_edge_order": 8.010309278350515,
    "min_edge_weight": 8.602800602830474e-05,
    "n_qubits": 15,
    "total_pstrings": 440
}