{
    "avg_edge_order": 1,
    "avg_edge_weight": 0.2967467128046484,
    "avg_vertex_degree": 45.266666666666666,
    "clustering_coefficient": 0.35382458464678085,
    "edge_order_std_dev": 3.5420736117925675,
    "edge_weight_std_dev": 0.7713656947681962,
    "induced_norm": 130.56855363404534,
    "max_edge_order": 15,
    "max_edge_weight": 16.058073977338445,
    "max_vertex_degree": 64,
    "min_edge_order": 8.010309278350515,
    "min_edge_weight": 0.0008784166537122995,
    "n_qubits": 15,
    "total_pstrings": 440
}