{
    "avg_edge_order": 1,
    "avg_edge_weight": 0.29099079909329234,
    "avg_vertex_degree": 45.266666666666666,
    "clustering_coefficient": 0.35382458464678085,
    "edge_order_std_dev": 3.5420736117925675,
    "edge_weight_std_dev": 0.7714973114757417,
    "induced_norm": 128.0359516010486,
    "max_edge_order": 15,
    "max_edge_weight": 16.09645756578808,
    "max_vertex_degree": 64,
    "min_edge_order": 8.010309278350515,
    "min_edge_weight": 0.00034727301937964583,
    "n_qubits": 15,
    "total_pstrings": 440
}