{
    "avg_edge_order": 1,
    "avg_edge_weight": 0.2974468542571907,
    "avg_vertex_degree": 45.266666666666666,
    "clustering_coefficient": 0.35382458464678085,
    "edge_order_std_dev": 3.5420736117925675,
    "edge_weight_std_dev": 0.7650505690682461,
    "induced_norm": 130.87661587316393,
    "max_edge_order": 15,
    "max_edge_weight": 15.889629621390117,
    "max_vertex_degree": 64,
    "min_edge_order": 8.010309278350515,
    "min_edge_weight": 0.0005594280738688284,
    "n_qubits": 15,
    "total_pstrings": 440
}