{
    "avg_edge_order": 1,
    "avg_edge_weight": 0.2832704731683109,
    "avg_vertex_degree": 45.266666666666666,
    "clustering_coefficient": 0.35382458464678085,
    "edge_order_std_dev": 3.5420736117925675,
    "edge_weight_std_dev": 0.7594339912147404,
    "induced_norm": 124.63900819405664,
    "max_edge_order": 15,
    "max_edge_weight": 15.811448354723765,
    "max_vertex_degree": 64,
    "min_edge_order": 8.010309278350515,
    "min_edge_weight": 0.0017153517850787003,
    "n_qubits": 15,
    "total_pstrings": 440
}