{
    "avg_edge_order": 1,
    "avg_edge_weight": 0.3260015539759158,
    "avg_vertex_degree": 45.4,
    "clustering_coefficient": 0.3542448973118656,
    "edge_order_std_dev": 3.551790781035298,
    "edge_weight_std_dev": 0.8057894493808686,
    "induced_norm": 145.72269462723446,
    "max_edge_order": 15,
    "max_edge_weight": 16.563302427443436,
    "max_vertex_degree": 64,
    "min_edge_order": 7.992657856093979,
    "min_edge_weight": 0.0018106388968813225,
    "n_qubits": 15,
    "total_pstrings": 447
}