{
    "avg_edge_order": 1,
    "avg_edge_weight": 0.30705666530643666,
    "avg_vertex_degree": 45.4,
    "clustering_coefficient": 0.3542448973118656,
    "edge_order_std_dev": 3.551790781035298,
    "edge_weight_std_dev": 0.7815952967487995,
    "induced_norm": 137.2543293919772,
    "max_edge_order": 15,
    "max_edge_weight": 16.290226243408338,
    "max_vertex_degree": 64,
    "min_edge_order": 7.992657856093979,
    "min_edge_weight": 0.0012807057888565843,
    "n_qubits": 15,
    "total_pstrings": 447
}