{
    "avg_edge_order": 1,
    "avg_edge_weight": 0.2919328973164722,
    "avg_vertex_degree": 45.4,
    "clustering_coefficient": 0.3542448973118656,
    "edge_order_std_dev": 3.551790781035298,
    "edge_weight_std_dev": 0.7847781700004938,
    "induced_norm": 130.49400510046303,
    "max_edge_order": 15,
    "max_edge_weight": 16.12450599713914,
    "max_vertex_degree": 64,
    "min_edge_order": 7.992657856093979,
    "min_edge_weight": 0.0016421438361394203,
    "n_qubits": 15,
    "total_pstrings": 447
}