{
    "avg_edge_order": 1,
    "avg_edge_weight": 0.3350931142712398,
    "avg_vertex_degree": 45.4,
    "clustering_coefficient": 0.3551061377337609,
    "edge_order_std_dev": 3.551790781035298,
    "edge_weight_std_dev": 0.808739982863125,
    "induced_norm": 154.81301879331284,
    "max_edge_order": 15,
    "max_edge_weight": 16.30723903072677,
    "max_vertex_degree": 64,
    "min_edge_order": 7.992657856093979,
    "min_edge_weight": 0.0004662713961501863,
    "n_qubits": 15,
    "total_pstrings": 462
}