{
    "avg_edge_order": 1,
    "avg_edge_weight": 0.324790611452957,
    "avg_vertex_degree": 45.4,
    "clustering_coefficient": 0.3551061377337609,
    "edge_order_std_dev": 3.551790781035298,
    "edge_weight_std_dev": 0.7755789825306881,
    "induced_norm": 150.0532624912661,
    "max_edge_order": 15,
    "max_edge_weight": 15.768373403878064,
    "max_vertex_degree": 64,
    "min_edge_order": 7.992657856093979,
    "min_edge_weight": 0.001560142191882108,
    "n_qubits": 15,
    "total_pstrings": 462
}