{
    "avg_edge_order": 1,
    "avg_edge_weight": 0.3141676165198025,
    "avg_vertex_degree": 45.4,
    "clustering_coefficient": 0.3551061377337609,
    "edge_order_std_dev": 3.551790781035298,
    "edge_weight_std_dev": 0.7716867432208924,
    "induced_norm": 145.1454388321487,
    "max_edge_order": 15,
    "max_edge_weight": 16.059256426406392,
    "max_vertex_degree": 64,
    "min_edge_order": 7.992657856093979,
    "min_edge_weight": 0.0004154374942247907,
    "n_qubits": 15,
    "total_pstrings": 462
}