{
    "avg_edge_order": 1,
    "avg_edge_weight": 0.3315780709394593,
    "avg_vertex_degree": 45.4,
    "clustering_coefficient": 0.3551061377337609,
    "edge_order_std_dev": 3.551790781035298,
    "edge_weight_std_dev": 0.7702099206248394,
    "induced_norm": 153.18906877403023,
    "max_edge_order": 15,
    "max_edge_weight": 15.680548809559951,
    "max_vertex_degree": 64,
    "min_edge_order": 7.992657856093979,
    "min_edge_weight": 0.0006829869707740688,
    "n_qubits": 15,
    "total_pstrings": 462
}