{
    "avg_edge_order": 1,
    "avg_edge_weight": 0.33040738971521977,
    "avg_vertex_degree": 45.4,
    "clustering_coefficient": 0.3551061377337609,
    "edge_order_std_dev": 3.551790781035298,
    "edge_weight_std_dev": 0.7760540689045805,
    "induced_norm": 152.64821404843144,
    "max_edge_order": 15,
    "max_edge_weight": 15.906633998183906,
    "max_vertex_degree": 64,
    "min_edge_order": 7.992657856093979,
    "min_edge_weight": 0.0016640586167012694,
    "n_qubits": 15,
    "total_pstrings": 462
}