{
    "avg_edge_order": 1,
    "avg_edge_weight": 0.3336471884543089,
    "avg_vertex_degree": 45.4,
    "clustering_coefficient": 0.3551061377337609,
    "edge_order_std_dev": 3.551790781035298,
    "edge_weight_std_dev": 0.8046167976621161,
    "induced_norm": 154.14500106589077,
    "max_edge_order": 15,
    "max_edge_weight": 16.588229485916244,
    "max_vertex_degree": 64,
    "min_edge_order": 7.992657856093979,
    "min_edge_weight": 0.00035666663267047705,
    "n_qubits": 15,
    "total_pstrings": 462
}