{
    "avg_edge_order": 1,
    "avg_edge_weight": 0.3314780478840489,
    "avg_vertex_degree": 45.4,
    "clustering_coefficient": 0.3551061377337609,
    "edge_order_std_dev": 3.551790781035298,
    "edge_weight_std_dev": 0.8086147377962137,
    "induced_norm": 153.1428581224306,
    "max_edge_order": 15,
    "max_edge_weight": 16.812244557155623,
    "max_vertex_degree": 64,
    "min_edge_order": 7.992657856093979,
    "min_edge_weight": 0.0003437448144938404,
    "n_qubits": 15,
    "total_pstrings": 462
}