{
    "avg_edge_order": 1,
    "avg_edge_weight": 0.32760892749600945,
    "avg_vertex_degree": 45.4,
    "clustering_coefficient": 0.3551061377337609,
    "edge_order_std_dev": 3.551790781035298,
    "edge_weight_std_dev": 0.756178683523652,
    "induced_norm": 151.35532450315637,
    "max_edge_order": 15,
    "max_edge_weight": 15.29686804364054,
    "max_vertex_degree": 64,
    "min_edge_order": 7.992657856093979,
    "min_edge_weight": 4.11630994235912e-05,
    "n_qubits": 15,
    "total_pstrings": 462
}