{
    "avg_edge_order": 1,
    "avg_edge_weight": 0.3847788749740839,
    "avg_vertex_degree": 46.06666666666667,
    "clustering_coefficient": 0.3586069687217383,
    "edge_order_std_dev": 3.5848132745337407,
    "edge_weight_std_dev": 0.8074551686936016,
    "induced_norm": 189.69598536222324,
    "max_edge_order": 15,
    "max_edge_weight": 15.598768169694821,
    "max_vertex_degree": 64,
    "min_edge_order": 7.914616497829233,
    "min_edge_weight": 0.0009174566428638564,
    "n_qubits": 15,
    "total_pstrings": 493
}