{
    "avg_edge_order": 1,
    "avg_edge_weight": 0.3734800633355946,
    "avg_vertex_degree": 46.06666666666667,
    "clustering_coefficient": 0.3586069687217383,
    "edge_order_std_dev": 3.5848132745337407,
    "edge_weight_std_dev": 0.7934156411784837,
    "induced_norm": 184.12567122444827,
    "max_edge_order": 15,
    "max_edge_weight": 16.064574018989433,
    "max_vertex_degree": 64,
    "min_edge_order": 7.914616497829233,
    "min_edge_weight": 0.00021298089145332932,
    "n_qubits": 15,
    "total_pstrings": 493
}