{
    "avg_edge_order": 1,
    "avg_edge_weight": 0.3816746109010219,
    "avg_vertex_degree": 46.06666666666667,
    "clustering_coefficient": 0.3586069687217383,
    "edge_order_std_dev": 3.5848132745337407,
    "edge_weight_std_dev": 0.7992144190171198,
    "induced_norm": 188.16558317420385,
    "max_edge_order": 15,
    "max_edge_weight": 16.058380131415383,
    "max_vertex_degree": 64,
    "min_edge_order": 7.914616497829233,
    "min_edge_weight": 7.563725899445428e-05,
    "n_qubits": 15,
    "total_pstrings": 493
}