{
    "avg_edge_order": 1,
    "avg_edge_weight": 0.3998875523806289,
    "avg_vertex_degree": 46.06666666666667,
    "clustering_coefficient": 0.3586069687217383,
    "edge_order_std_dev": 3.5848132745337407,
    "edge_weight_std_dev": 0.8536878861075855,
    "induced_norm": 197.1445633236499,
    "max_edge_order": 15,
    "max_edge_weight": 17.01849330315823,
    "max_vertex_degree": 64,
    "min_edge_order": 7.914616497829233,
    "min_edge_weight": 0.000602666884401637,
    "n_qubits": 15,
    "total_pstrings": 493
}