{
    "avg_edge_order": 1,
    "avg_edge_weight": 0.3622736614216345,
    "avg_vertex_degree": 46.06666666666667,
    "clustering_coefficient": 0.3586069687217383,
    "edge_order_std_dev": 3.5848132745337407,
    "edge_weight_std_dev": 0.7973333255592651,
    "induced_norm": 178.60091508086586,
    "max_edge_order": 15,
    "max_edge_weight": 16.37767471094302,
    "max_vertex_degree": 64,
    "min_edge_order": 7.914616497829233,
    "min_edge_weight": 0.000901496024349635,
    "n_qubits": 15,
    "total_pstrings": 493
}