{
    "avg_edge_order": 1,
    "avg_edge_weight": 0.4361775302946554,
    "avg_vertex_degree": 46.06666666666667,
    "clustering_coefficient": 0.3554628335379516,
    "edge_order_std_dev": 3.5848132745337407,
    "edge_weight_std_dev": 0.8222112015530335,
    "induced_norm": 242.51470684382846,
    "max_edge_order": 15,
    "max_edge_weight": 16.43867042802332,
    "max_vertex_degree": 64,
    "min_edge_order": 7.914616497829233,
    "min_edge_weight": 0.000981055290049715,
    "n_qubits": 15,
    "total_pstrings": 556
}