{
    "avg_edge_order": 1,
    "avg_edge_weight": 0.46096706083882333,
    "avg_vertex_degree": 46.06666666666667,
    "clustering_coefficient": 0.3554628335379516,
    "edge_order_std_dev": 3.5848132745337407,
    "edge_weight_std_dev": 0.8528830297915989,
    "induced_norm": 256.297685826386,
    "max_edge_order": 15,
    "max_edge_weight": 16.50759526764194,
    "max_vertex_degree": 64,
    "min_edge_order": 7.914616497829233,
    "min_edge_weight": 7.139180988080529e-05,
    "n_qubits": 15,
    "total_pstrings": 556
}