{
    "avg_edge_order": 1,
    "avg_edge_weight": 29.72420999067649,
    "avg_vertex_degree": 12.0,
    "clustering_coefficient": 0.3537946711040823,
    "edge_order_std_dev": 1.7320508075688772,
    "edge_weight_std_dev": 60.91970733035319,
    "induced_norm": 2734.6273191422383,
    "max_edge_order": 7,
    "max_edge_weight": 587.7592961633793,
    "max_vertex_degree": 16,
    "min_edge_order": 4.0,
    "min_edge_weight": 0.10112755676250629,
    "n_qubits": 7,
    "total_pstrings": 92
}