{
    "avg_edge_order": 1,
    "avg_edge_weight": 0.45396553043010573,
    "avg_vertex_degree": 46.06666666666667,
    "clustering_coefficient": 0.3554628335379516,
    "edge_order_std_dev": 3.5848132745337407,
    "edge_weight_std_dev": 0.8388056635996177,
    "induced_norm": 252.40483491913875,
    "max_edge_order": 15,
    "max_edge_weight": 16.277471886865413,
    "max_vertex_degree": 64,
    "min_edge_order": 7.914616497829233,
    "min_edge_weight": 0.0010821010668398134,
    "n_qubits": 15,
    "total_pstrings": 556
}