{
    "avg_edge_order": 1,
    "avg_edge_weight": 0.4303577385426266,
    "avg_vertex_degree": 46.06666666666667,
    "clustering_coefficient": 0.3554628335379516,
    "edge_order_std_dev": 3.5848132745337407,
    "edge_weight_std_dev": 0.7806904036330026,
    "induced_norm": 239.27890262970035,
    "max_edge_order": 15,
    "max_edge_weight": 15.350533413587486,
    "max_vertex_degree": 64,
    "min_edge_order": 7.914616497829233,
    "min_edge_weight": 0.0013213115889234017,
    "n_qubits": 15,
    "total_pstrings": 556
}