{
    "avg_edge_order": 1,
    "avg_edge_weight": 0.4510959092382706,
    "avg_vertex_degree": 46.06666666666667,
    "clustering_coefficient": 0.3554628335379516,
    "edge_order_std_dev": 3.5848132745337407,
    "edge_weight_std_dev": 0.8449970987432703,
    "induced_norm": 250.80932553647835,
    "max_edge_order": 15,
    "max_edge_weight": 16.236127397833435,
    "max_vertex_degree": 64,
    "min_edge_order": 7.914616497829233,
    "min_edge_weight": 0.0004933265387594421,
    "n_qubits": 15,
    "total_pstrings": 556
}