{
    "avg_edge_order": 1,
    "avg_edge_weight": 0.27812383443605465,
    "avg_vertex_degree": 50.9375,
    "clustering_coefficient": 0.35125036477065613,
    "edge_order_std_dev": 3.7680739871331257,
    "edge_weight_std_dev": 0.782252607446855,
    "induced_norm": 138.2275457147193,
    "max_edge_order": 16,
    "max_edge_weight": 17.406999076344153,
    "max_vertex_degree": 72,
    "min_edge_order": 8.50920245398773,
    "min_edge_weight": 3.8371245330348636e-05,
    "n_qubits": 16,
    "total_pstrings": 497
}