{
    "avg_edge_order": 1,
    "avg_edge_weight": 0.27815359291019126,
    "avg_vertex_degree": 50.9375,
    "clustering_coefficient": 0.35125036477065613,
    "edge_order_std_dev": 3.7680739871331257,
    "edge_weight_std_dev": 0.7997164467315471,
    "induced_norm": 138.24233567636517,
    "max_edge_order": 16,
    "max_edge_weight": 17.805110306511136,
    "max_vertex_degree": 72,
    "min_edge_order": 8.50920245398773,
    "min_edge_weight": 0.000934828206328453,
    "n_qubits": 16,
    "total_pstrings": 497
}