{
    "avg_edge_order": 1,
    "avg_edge_weight": 33.91263088302858,
    "avg_vertex_degree": 12.0,
    "clustering_coefficient": 0.3537946711040823,
    "edge_order_std_dev": 1.7320508075688772,
    "edge_weight_std_dev": 59.72233737803605,
    "induced_norm": 3119.962041238629,
    "max_edge_order": 7,
    "max_edge_weight": 583.7302076404873,
    "max_vertex_degree": 16,
    "min_edge_order": 4.0,
    "min_edge_weight": 0.266498396626659,
    "n_qubits": 7,
    "total_pstrings": 92
}