{
    "avg_edge_order": 1,
    "avg_edge_weight": 0.28971482267094206,
    "avg_vertex_degree": 50.9375,
    "clustering_coefficient": 0.35125036477065613,
    "edge_order_std_dev": 3.7680739871331257,
    "edge_weight_std_dev": 0.7822789055006188,
    "induced_norm": 143.98826686745807,
    "max_edge_order": 16,
    "max_edge_weight": 17.424448679986305,
    "max_vertex_degree": 72,
    "min_edge_order": 8.50920245398773,
    "min_edge_weight": 0.0016408804124230514,
    "n_qubits": 16,
    "total_pstrings": 497
}