{
    "avg_edge_order": 1,
    "avg_edge_weight": 0.2886787163070412,
    "avg_vertex_degree": 50.9375,
    "clustering_coefficient": 0.35125036477065613,
    "edge_order_std_dev": 3.7680739871331257,
    "edge_weight_std_dev": 0.8051794176508579,
    "induced_norm": 143.4733220045995,
    "max_edge_order": 16,
    "max_edge_weight": 17.927197522624333,
    "max_vertex_degree": 72,
    "min_edge_order": 8.50920245398773,
    "min_edge_weight": 0.0012287157434273666,
    "n_qubits": 16,
    "total_pstrings": 497
}