{
    "avg_edge_order": 1,
    "avg_edge_weight": 0.2863433084998827,
    "avg_vertex_degree": 50.9375,
    "clustering_coefficient": 0.35125036477065613,
    "edge_order_std_dev": 3.7680739871331257,
    "edge_weight_std_dev": 0.7733074431971079,
    "induced_norm": 142.3126243244417,
    "max_edge_order": 16,
    "max_edge_weight": 17.207168745948287,
    "max_vertex_degree": 72,
    "min_edge_order": 8.50920245398773,
    "min_edge_weight": 0.0021006319452735456,
    "n_qubits": 16,
    "total_pstrings": 497
}