{
    "avg_edge_order": 1,
    "avg_edge_weight": 0.29664697210785335,
    "avg_vertex_degree": 50.9375,
    "clustering_coefficient": 0.35125036477065613,
    "edge_order_std_dev": 3.7680739871331257,
    "edge_weight_std_dev": 0.8440249578193784,
    "induced_norm": 147.4335451376032,
    "max_edge_order": 16,
    "max_edge_weight": 18.79953861514143,
    "max_vertex_degree": 72,
    "min_edge_order": 8.50920245398773,
    "min_edge_weight": 0.0037054268915492905,
    "n_qubits": 16,
    "total_pstrings": 497
}