{
    "avg_edge_order": 1,
    "avg_edge_weight": 0.27280748214291417,
    "avg_vertex_degree": 50.9375,
    "clustering_coefficient": 0.35125036477065613,
    "edge_order_std_dev": 3.7680739871331257,
    "edge_weight_std_dev": 0.7933968380508815,
    "induced_norm": 135.5853186250285,
    "max_edge_order": 16,
    "max_edge_weight": 17.637986643589304,
    "max_vertex_degree": 72,
    "min_edge_order": 8.50920245398773,
    "min_edge_weight": 0.0008127574091483791,
    "n_qubits": 16,
    "total_pstrings": 497
}