{
    "avg_edge_order": 1,
    "avg_edge_weight": 0.2899108448132022,
    "avg_vertex_degree": 50.9375,
    "clustering_coefficient": 0.35125036477065613,
    "edge_order_std_dev": 3.7680739871331257,
    "edge_weight_std_dev": 0.8128132565239566,
    "induced_norm": 144.08568987216148,
    "max_edge_order": 16,
    "max_edge_weight": 18.079317758427553,
    "max_vertex_degree": 72,
    "min_edge_order": 8.50920245398773,
    "min_edge_weight": 0.003260128823875663,
    "n_qubits": 16,
    "total_pstrings": 497
}