{
    "avg_edge_order": 1,
    "avg_edge_weight": 0.2846021422589801,
    "avg_vertex_degree": 50.9375,
    "clustering_coefficient": 0.35125036477065613,
    "edge_order_std_dev": 3.7680739871331257,
    "edge_weight_std_dev": 0.8137782606434993,
    "induced_norm": 141.44726470271308,
    "max_edge_order": 16,
    "max_edge_weight": 18.11422509944874,
    "max_vertex_degree": 72,
    "min_edge_order": 8.50920245398773,
    "min_edge_weight": 0.0011346725300733218,
    "n_qubits": 16,
    "total_pstrings": 497
}