{
    "avg_edge_order": 1,
    "avg_edge_weight": 0.290534107095045,
    "avg_vertex_degree": 50.9375,
    "clustering_coefficient": 0.35125036477065613,
    "edge_order_std_dev": 3.7680739871331257,
    "edge_weight_std_dev": 0.7910706175074074,
    "induced_norm": 144.39545122623724,
    "max_edge_order": 16,
    "max_edge_weight": 17.543590063989047,
    "max_vertex_degree": 72,
    "min_edge_order": 8.50920245398773,
    "min_edge_weight": 5.093743659934091e-05,
    "n_qubits": 16,
    "total_pstrings": 497
}