{
    "avg_edge_order": 1,
    "avg_edge_weight": 0.28571406590843046,
    "avg_vertex_degree": 50.9375,
    "clustering_coefficient": 0.35125036477065613,
    "edge_order_std_dev": 3.7680739871331257,
    "edge_weight_std_dev": 0.7843429831504226,
    "induced_norm": 141.99989075649012,
    "max_edge_order": 16,
    "max_edge_weight": 17.464495398619107,
    "max_vertex_degree": 72,
    "min_edge_order": 8.50920245398773,
    "min_edge_weight": 0.0006081607891864627,
    "n_qubits": 16,
    "total_pstrings": 497
}