{
    "avg_edge_order": 1,
    "avg_edge_weight": 31.02391821581084,
    "avg_vertex_degree": 12.0,
    "clustering_coefficient": 0.3537946711040823,
    "edge_order_std_dev": 1.7320508075688772,
    "edge_weight_std_dev": 55.32060817385323,
    "induced_norm": 2854.200475854597,
    "max_edge_order": 7,
    "max_edge_weight": 539.0435501474083,
    "max_vertex_degree": 16,
    "min_edge_order": 4.0,
    "min_edge_weight": 1.0338258247809478,
    "n_qubits": 7,
    "total_pstrings": 92
}