{
    "avg_edge_order": 1,
    "avg_edge_weight": 0.30303879860988153,
    "avg_vertex_degree": 50.9375,
    "clustering_coefficient": 0.35125036477065613,
    "edge_order_std_dev": 3.7680739871331257,
    "edge_weight_std_dev": 0.8449902265695468,
    "induced_norm": 150.9133217077212,
    "max_edge_order": 16,
    "max_edge_weight": 18.86351231069279,
    "max_vertex_degree": 72,
    "min_edge_order": 8.50920245398773,
    "min_edge_weight": 0.001584657090606234,
    "n_qubits": 16,
    "total_pstrings": 498
}