{
    "avg_edge_order": 1,
    "avg_edge_weight": 0.27326269873742787,
    "avg_vertex_degree": 50.9375,
    "clustering_coefficient": 0.35125036477065613,
    "edge_order_std_dev": 3.7680739871331257,
    "edge_weight_std_dev": 0.7540819785637604,
    "induced_norm": 136.08482397123916,
    "max_edge_order": 16,
    "max_edge_weight": 16.743991497429832,
    "max_vertex_degree": 72,
    "min_edge_order": 8.50920245398773,
    "min_edge_weight": 0.001469529442880202,
    "n_qubits": 16,
    "total_pstrings": 498
}