{
    "avg_edge_order": 1,
    "avg_edge_weight": 0.2840016465833155,
    "avg_vertex_degree": 50.9375,
    "clustering_coefficient": 0.35125036477065613,
    "edge_order_std_dev": 3.7680739871331257,
    "edge_weight_std_dev": 0.7837852272111071,
    "induced_norm": 141.43281999849114,
    "max_edge_order": 16,
    "max_edge_weight": 17.430327870810228,
    "max_vertex_degree": 72,
    "min_edge_order": 8.50920245398773,
    "min_edge_weight": 0.0003647054762191404,
    "n_qubits": 16,
    "total_pstrings": 498
}