{
    "avg_edge_order": 1,
    "avg_edge_weight": 0.29946745761063787,
    "avg_vertex_degree": 50.9375,
    "clustering_coefficient": 0.35125036477065613,
    "edge_order_std_dev": 3.7680739871331257,
    "edge_weight_std_dev": 0.8073711032461542,
    "induced_norm": 149.13479389009765,
    "max_edge_order": 16,
    "max_edge_weight": 17.985309062957327,
    "max_vertex_degree": 72,
    "min_edge_order": 8.50920245398773,
    "min_edge_weight": 0.00023838643435214468,
    "n_qubits": 16,
    "total_pstrings": 498
}