{
    "avg_edge_order": 1,
    "avg_edge_weight": 0.28820475320363487,
    "avg_vertex_degree": 50.9375,
    "clustering_coefficient": 0.3512954837482047,
    "edge_order_std_dev": 3.7680739871331257,
    "edge_weight_std_dev": 0.7700290325947802,
    "induced_norm": 144.39058135502097,
    "max_edge_order": 16,
    "max_edge_weight": 17.111045513706785,
    "max_vertex_degree": 72,
    "min_edge_order": 8.50920245398773,
    "min_edge_weight": 0.0005649233108204754,
    "n_qubits": 16,
    "total_pstrings": 501
}