{
    "avg_edge_order": 1,
    "avg_edge_weight": 0.29595792286093947,
    "avg_vertex_degree": 50.9375,
    "clustering_coefficient": 0.3512954837482047,
    "edge_order_std_dev": 3.7680739871331257,
    "edge_weight_std_dev": 0.7940001711635872,
    "induced_norm": 148.2749193533306,
    "max_edge_order": 16,
    "max_edge_weight": 17.5635645113313,
    "max_vertex_degree": 72,
    "min_edge_order": 8.50920245398773,
    "min_edge_weight": 0.0012488199021220558,
    "n_qubits": 16,
    "total_pstrings": 501
}