{
    "avg_edge_order": 1,
    "avg_edge_weight": 0.2862453194689536,
    "avg_vertex_degree": 50.9375,
    "clustering_coefficient": 0.3512954837482047,
    "edge_order_std_dev": 3.7680739871331257,
    "edge_weight_std_dev": 0.767156830600815,
    "induced_norm": 143.40890505394583,
    "max_edge_order": 16,
    "max_edge_weight": 17.04535583013228,
    "max_vertex_degree": 72,
    "min_edge_order": 8.50920245398773,
    "min_edge_weight": 0.0002441275196958248,
    "n_qubits": 16,
    "total_pstrings": 501
}