{
    "avg_edge_order": 1,
    "avg_edge_weight": 30.68174842522106,
    "avg_vertex_degree": 12.0,
    "clustering_coefficient": 0.3537946711040823,
    "edge_order_std_dev": 1.7320508075688772,
    "edge_weight_std_dev": 61.4203424748017,
    "induced_norm": 2822.720855120338,
    "max_edge_order": 7,
    "max_edge_weight": 594.4400887447266,
    "max_vertex_degree": 16,
    "min_edge_order": 4.0,
    "min_edge_weight": 0.050800069662976455,
    "n_qubits": 7,
    "total_pstrings": 92
}