{
    "avg_edge_order": 1,
    "avg_edge_weight": 0.2998796802309678,
    "avg_vertex_degree": 51.0625,
    "clustering_coefficient": 0.3516204357021139,
    "edge_order_std_dev": 3.7771802371364576,
    "edge_weight_std_dev": 0.7934372881554607,
    "induced_norm": 152.33887755733184,
    "max_edge_order": 16,
    "max_edge_weight": 17.28901343689581,
    "max_vertex_degree": 72,
    "min_edge_order": 8.49326805385557,
    "min_edge_weight": 0.0004335886257866295,
    "n_qubits": 16,
    "total_pstrings": 508
}