{
    "avg_edge_order": 1,
    "avg_edge_weight": 0.30802871233661716,
    "avg_vertex_degree": 51.0625,
    "clustering_coefficient": 0.3516204357021139,
    "edge_order_std_dev": 3.7771802371364576,
    "edge_weight_std_dev": 0.7896688707480666,
    "induced_norm": 156.4785858670017,
    "max_edge_order": 16,
    "max_edge_weight": 17.479247229179272,
    "max_vertex_degree": 72,
    "min_edge_order": 8.49326805385557,
    "min_edge_weight": 0.0030896437585571923,
    "n_qubits": 16,
    "total_pstrings": 508
}