{
    "avg_edge_order": 1,
    "avg_edge_weight": 0.2983486564612126,
    "avg_vertex_degree": 51.0625,
    "clustering_coefficient": 0.3516204357021139,
    "edge_order_std_dev": 3.7771802371364576,
    "edge_weight_std_dev": 0.7926902226002124,
    "induced_norm": 151.56111748229608,
    "max_edge_order": 16,
    "max_edge_weight": 17.17982638952318,
    "max_vertex_degree": 72,
    "min_edge_order": 8.49326805385557,
    "min_edge_weight": 0.00015298183184742076,
    "n_qubits": 16,
    "total_pstrings": 508
}