{
    "avg_edge_order": 1,
    "avg_edge_weight": 31.19282732213545,
    "avg_vertex_degree": 12.0,
    "clustering_coefficient": 0.3537946711040823,
    "edge_order_std_dev": 1.7320508075688772,
    "edge_weight_std_dev": 58.24831951996234,
    "induced_norm": 2869.74011363646,
    "max_edge_order": 7,
    "max_edge_weight": 560.4462826627162,
    "max_vertex_degree": 16,
    "min_edge_order": 4.0,
    "min_edge_weight": 0.25031244227484706,
    "n_qubits": 7,
    "total_pstrings": 92
}