{
    "avg_edge_order": 1,
    "avg_edge_weight": 0.299106353217301,
    "avg_vertex_degree": 51.0625,
    "clustering_coefficient": 0.3516204357021139,
    "edge_order_std_dev": 3.7771802371364576,
    "edge_weight_std_dev": 0.7607776765834933,
    "induced_norm": 151.9460274343887,
    "max_edge_order": 16,
    "max_edge_weight": 16.556685408421906,
    "max_vertex_degree": 72,
    "min_edge_order": 8.49326805385557,
    "min_edge_weight": 0.0006908688858729417,
    "n_qubits": 16,
    "total_pstrings": 508
}