{
    "avg_edge_order": 1,
    "avg_edge_weight": 0.29307257111089713,
    "avg_vertex_degree": 51.0625,
    "clustering_coefficient": 0.3516204357021139,
    "edge_order_std_dev": 3.7771802371364576,
    "edge_weight_std_dev": 0.7847081281986339,
    "induced_norm": 148.88086612433594,
    "max_edge_order": 16,
    "max_edge_weight": 17.366932955331503,
    "max_vertex_degree": 72,
    "min_edge_order": 8.49326805385557,
    "min_edge_weight": 7.880538321802799e-05,
    "n_qubits": 16,
    "total_pstrings": 508
}