{
    "avg_edge_order": 1,
    "avg_edge_weight": 0.31160236996497276,
    "avg_vertex_degree": 51.0625,
    "clustering_coefficient": 0.3516204357021139,
    "edge_order_std_dev": 3.7771802371364576,
    "edge_weight_std_dev": 0.811059028738937,
    "induced_norm": 158.2940039422063,
    "max_edge_order": 16,
    "max_edge_weight": 17.886404265978978,
    "max_vertex_degree": 72,
    "min_edge_order": 8.49326805385557,
    "min_edge_weight": 0.000844548845988502,
    "n_qubits": 16,
    "total_pstrings": 508
}