{
    "avg_edge_order": 1,
    "avg_edge_weight": 0.29861209207670414,
    "avg_vertex_degree": 51.0625,
    "clustering_coefficient": 0.3516204357021139,
    "edge_order_std_dev": 3.7771802371364576,
    "edge_weight_std_dev": 0.8075612148093638,
    "induced_norm": 151.69494277496563,
    "max_edge_order": 16,
    "max_edge_weight": 17.76793339316567,
    "max_vertex_degree": 72,
    "min_edge_order": 8.49326805385557,
    "min_edge_weight": 0.001521668625942163,
    "n_qubits": 16,
    "total_pstrings": 508
}