{
    "avg_edge_order": 1,
    "avg_edge_weight": 29.924702863234593,
    "avg_vertex_degree": 12.0,
    "clustering_coefficient": 0.3537946711040823,
    "edge_order_std_dev": 1.7320508075688772,
    "edge_weight_std_dev": 59.439733141376166,
    "induced_norm": 2753.0726634175835,
    "max_edge_order": 7,
    "max_edge_weight": 578.7248092928342,
    "max_vertex_degree": 16,
    "min_edge_order": 4.0,
    "min_edge_weight": 0.17801082911573474,
    "n_qubits": 7,
    "total_pstrings": 92
}