{
    "avg_edge_order": 1,
    "avg_edge_weight": 0.3115730267328257,
    "avg_vertex_degree": 51.0625,
    "clustering_coefficient": 0.3522880773708325,
    "edge_order_std_dev": 3.7771802371364576,
    "edge_weight_std_dev": 0.8065111641492421,
    "induced_norm": 162.95269298126775,
    "max_edge_order": 16,
    "max_edge_weight": 17.777679858257613,
    "max_vertex_degree": 72,
    "min_edge_order": 8.49326805385557,
    "min_edge_weight": 0.0029539936483743423,
    "n_qubits": 16,
    "total_pstrings": 523
}