{
    "avg_edge_order": 1,
    "avg_edge_weight": 0.3235903113995519,
    "avg_vertex_degree": 51.0625,
    "clustering_coefficient": 0.3522880773708325,
    "edge_order_std_dev": 3.7771802371364576,
    "edge_weight_std_dev": 0.7857719907663319,
    "induced_norm": 169.23773286196567,
    "max_edge_order": 16,
    "max_edge_weight": 17.163322114259486,
    "max_vertex_degree": 72,
    "min_edge_order": 8.49326805385557,
    "min_edge_weight": 0.00010418284587865312,
    "n_qubits": 16,
    "total_pstrings": 523
}