{
    "avg_edge_order": 1,
    "avg_edge_weight": 0.31980940007004915,
    "avg_vertex_degree": 51.0625,
    "clustering_coefficient": 0.3522880773708325,
    "edge_order_std_dev": 3.7771802371364576,
    "edge_weight_std_dev": 0.7843446358984915,
    "induced_norm": 167.26031623663573,
    "max_edge_order": 16,
    "max_edge_weight": 17.15363619814635,
    "max_vertex_degree": 72,
    "min_edge_order": 8.49326805385557,
    "min_edge_weight": 0.0005792133822365431,
    "n_qubits": 16,
    "total_pstrings": 523
}