{
    "avg_edge_order": 1,
    "avg_edge_weight": 0.3176107361437889,
    "avg_vertex_degree": 51.0625,
    "clustering_coefficient": 0.3522880773708325,
    "edge_order_std_dev": 3.7771802371364576,
    "edge_weight_std_dev": 0.7825927326242975,
    "induced_norm": 166.11041500320144,
    "max_edge_order": 16,
    "max_edge_weight": 16.985160187085967,
    "max_vertex_degree": 72,
    "min_edge_order": 8.49326805385557,
    "min_edge_weight": 0.0009357238792592204,
    "n_qubits": 16,
    "total_pstrings": 523
}