{
    "avg_edge_order": 1,
    "avg_edge_weight": 0.33000947566478295,
    "avg_vertex_degree": 51.0625,
    "clustering_coefficient": 0.3522880773708325,
    "edge_order_std_dev": 3.7771802371364576,
    "edge_weight_std_dev": 0.8485304726512957,
    "induced_norm": 172.59495577268146,
    "max_edge_order": 16,
    "max_edge_weight": 18.3197248521378,
    "max_vertex_degree": 72,
    "min_edge_order": 8.49326805385557,
    "min_edge_weight": 0.00012467388750792008,
    "n_qubits": 16,
    "total_pstrings": 523
}