{
    "avg_edge_order": 1,
    "avg_edge_weight": 0.32357060091018586,
    "avg_vertex_degree": 51.0625,
    "clustering_coefficient": 0.3522880773708325,
    "edge_order_std_dev": 3.7771802371364576,
    "edge_weight_std_dev": 0.7655016312094152,
    "induced_norm": 169.22742427602722,
    "max_edge_order": 16,
    "max_edge_weight": 16.670419628293903,
    "max_vertex_degree": 72,
    "min_edge_order": 8.49326805385557,
    "min_edge_weight": 0.0006564998858911708,
    "n_qubits": 16,
    "total_pstrings": 523
}