{
    "avg_edge_order": 1,
    "avg_edge_weight": 0.36787946426408885,
    "avg_vertex_degree": 51.6875,
    "clustering_coefficient": 0.3549979706912702,
    "edge_order_std_dev": 3.809508797319127,
    "edge_weight_std_dev": 0.8367843157727293,
    "induced_norm": 203.80522320230529,
    "max_edge_order": 16,
    "max_edge_weight": 18.05823887335685,
    "max_vertex_degree": 72,
    "min_edge_order": 8.422007255139057,
    "min_edge_weight": 7.042469305340582e-05,
    "n_qubits": 16,
    "total_pstrings": 554
}