{
    "avg_edge_order": 1,
    "avg_edge_weight": 0.35358134944012676,
    "avg_vertex_degree": 51.6875,
    "clustering_coefficient": 0.3549979706912702,
    "edge_order_std_dev": 3.809508797319127,
    "edge_weight_std_dev": 0.8203049055713825,
    "induced_norm": 195.88406758983012,
    "max_edge_order": 16,
    "max_edge_weight": 17.83730648137354,
    "max_vertex_degree": 72,
    "min_edge_order": 8.422007255139057,
    "min_edge_weight": 0.00046955280106419917,
    "n_qubits": 16,
    "total_pstrings": 554
}