{
    "avg_edge_order": 1,
    "avg_edge_weight": 0.36735821261648577,
    "avg_vertex_degree": 51.6875,
    "clustering_coefficient": 0.3549979706912702,
    "edge_order_std_dev": 3.809508797319127,
    "edge_weight_std_dev": 0.7967202252091863,
    "induced_norm": 203.51644978953286,
    "max_edge_order": 16,
    "max_edge_weight": 17.390265767021013,
    "max_vertex_degree": 72,
    "min_edge_order": 8.422007255139057,
    "min_edge_weight": 0.00023199155160275042,
    "n_qubits": 16,
    "total_pstrings": 554
}