{
    "avg_edge_order": 1,
    "avg_edge_weight": 0.36184140084165645,
    "avg_vertex_degree": 51.6875,
    "clustering_coefficient": 0.3549979706912702,
    "edge_order_std_dev": 3.809508797319127,
    "edge_weight_std_dev": 0.8398403084224563,
    "induced_norm": 200.46013606627773,
    "max_edge_order": 16,
    "max_edge_weight": 17.942701429024517,
    "max_vertex_degree": 72,
    "min_edge_order": 8.422007255139057,
    "min_edge_weight": 0.000303948877510285,
    "n_qubits": 16,
    "total_pstrings": 554
}