{
    "avg_edge_order": 1,
    "avg_edge_weight": 0.36283853974462377,
    "avg_vertex_degree": 51.6875,
    "clustering_coefficient": 0.3549979706912702,
    "edge_order_std_dev": 3.809508797319127,
    "edge_weight_std_dev": 0.8088972711726473,
    "induced_norm": 201.01255101852158,
    "max_edge_order": 16,
    "max_edge_weight": 17.362357410567324,
    "max_vertex_degree": 72,
    "min_edge_order": 8.422007255139057,
    "min_edge_weight": 0.0002384703503799379,
    "n_qubits": 16,
    "total_pstrings": 554
}