{
    "avg_edge_order": 1,
    "avg_edge_weight": 0.36277500270893015,
    "avg_vertex_degree": 51.6875,
    "clustering_coefficient": 0.3549979706912702,
    "edge_order_std_dev": 3.809508797319127,
    "edge_weight_std_dev": 0.8522490848575521,
    "induced_norm": 200.97735150074732,
    "max_edge_order": 16,
    "max_edge_weight": 18.226486633109666,
    "max_vertex_degree": 72,
    "min_edge_order": 8.422007255139057,
    "min_edge_weight": 0.000617739106963,
    "n_qubits": 16,
    "total_pstrings": 554
}