{
    "avg_edge_order": 1,
    "avg_edge_weight": 0.42888218388620347,
    "avg_vertex_degree": 51.6875,
    "clustering_coefficient": 0.35992513555344197,
    "edge_order_std_dev": 3.809508797319127,
    "edge_weight_std_dev": 0.8110686540096407,
    "induced_norm": 264.62030745778725,
    "max_edge_order": 16,
    "max_edge_weight": 17.620427177956465,
    "max_vertex_degree": 72,
    "min_edge_order": 8.422007255139057,
    "min_edge_weight": 0.0007504545541354712,
    "n_qubits": 16,
    "total_pstrings": 617
}