{
    "avg_edge_order": 1,
    "avg_edge_weight": 0.41376068152820716,
    "avg_vertex_degree": 51.6875,
    "clustering_coefficient": 0.35992513555344197,
    "edge_order_std_dev": 3.809508797319127,
    "edge_weight_std_dev": 0.8409872135879248,
    "induced_norm": 255.29034050290392,
    "max_edge_order": 16,
    "max_edge_weight": 17.621492033481747,
    "max_vertex_degree": 72,
    "min_edge_order": 8.422007255139057,
    "min_edge_weight": 0.000921200235446118,
    "n_qubits": 16,
    "total_pstrings": 617
}