{
    "avg_edge_order": 1,
    "avg_edge_weight": 0.4259192648182426,
    "avg_vertex_degree": 51.6875,
    "clustering_coefficient": 0.35992513555344197,
    "edge_order_std_dev": 3.809508797319127,
    "edge_weight_std_dev": 0.8363240837258287,
    "induced_norm": 262.7921863928556,
    "max_edge_order": 16,
    "max_edge_weight": 17.656146131860037,
    "max_vertex_degree": 72,
    "min_edge_order": 8.422007255139057,
    "min_edge_weight": 1.1655845514157992e-05,
    "n_qubits": 16,
    "total_pstrings": 617
}