{
    "avg_edge_order": 1,
    "avg_edge_weight": 29.123573806466066,
    "avg_vertex_degree": 15.0,
    "clustering_coefficient": 0.3345149297410121,
    "edge_order_std_dev": 1.9621416870348585,
    "edge_weight_std_dev": 57.82454942355415,
    "induced_norm": 3523.952430582393,
    "max_edge_order": 8,
    "max_edge_weight": 640.7484824030621,
    "max_vertex_degree": 20,
    "min_edge_order": 4.5,
    "min_edge_weight": 0.2917258944966292,
    "n_qubits": 8,
    "total_pstrings": 121
}