{
    "avg_edge_order": 1,
    "avg_edge_weight": 0.43646711154055606,
    "avg_vertex_degree": 51.6875,
    "clustering_coefficient": 0.35992513555344197,
    "edge_order_std_dev": 3.809508797319127,
    "edge_weight_std_dev": 0.849964888069484,
    "induced_norm": 269.30020782052304,
    "max_edge_order": 16,
    "max_edge_weight": 17.203102584742513,
    "max_vertex_degree": 72,
    "min_edge_order": 8.422007255139057,
    "min_edge_weight": 0.0011170334129554926,
    "n_qubits": 16,
    "total_pstrings": 617
}