{
    "avg_edge_order": 1,
    "avg_edge_weight": 0.42698342788982113,
    "avg_vertex_degree": 51.6875,
    "clustering_coefficient": 0.35992513555344197,
    "edge_order_std_dev": 3.809508797319127,
    "edge_weight_std_dev": 0.8320394832998033,
    "induced_norm": 263.44877500801965,
    "max_edge_order": 16,
    "max_edge_weight": 17.703821229706968,
    "max_vertex_degree": 72,
    "min_edge_order": 8.422007255139057,
    "min_edge_weight": 0.0023357089663713013,
    "n_qubits": 16,
    "total_pstrings": 617
}