{
    "avg_edge_order": 1,
    "avg_edge_weight": 0.42615079036670567,
    "avg_vertex_degree": 51.6875,
    "clustering_coefficient": 0.35992513555344197,
    "edge_order_std_dev": 3.809508797319127,
    "edge_weight_std_dev": 0.8342628587008429,
    "induced_norm": 262.9350376562574,
    "max_edge_order": 16,
    "max_edge_weight": 17.17162106716027,
    "max_vertex_degree": 72,
    "min_edge_order": 8.422007255139057,
    "min_edge_weight": 0.00027832581655679034,
    "n_qubits": 16,
    "total_pstrings": 617
}