{
    "avg_edge_order": 1,
    "avg_edge_weight": 30.4999697386581,
    "avg_vertex_degree": 15.0,
    "clustering_coefficient": 0.3345149297410121,
    "edge_order_std_dev": 1.9621416870348585,
    "edge_weight_std_dev": 64.46222711722915,
    "induced_norm": 3690.49633837763,
    "max_edge_order": 8,
    "max_edge_weight": 718.739412358067,
    "max_vertex_degree": 20,
    "min_edge_order": 4.5,
    "min_edge_weight": 0.6409188232808063,
    "n_qubits": 8,
    "total_pstrings": 121
}