{
    "avg_edge_order": 1,
    "avg_edge_weight": 0.29189102413589535,
    "avg_vertex_degree": 56.94117647058823,
    "clustering_coefficient": 0.34642965126088265,
    "edge_order_std_dev": 3.9937882920599286,
    "edge_weight_std_dev": 0.8135205771598161,
    "induced_norm": 164.04275556437318,
    "max_edge_order": 17,
    "max_edge_weight": 19.247370620321426,
    "max_vertex_degree": 81,
    "min_edge_order": 9.008264462809917,
    "min_edge_weight": 8.952035393861024e-06,
    "n_qubits": 17,
    "total_pstrings": 562
}