{
    "avg_edge_order": 1,
    "avg_edge_weight": 0.2770270244584143,
    "avg_vertex_degree": 56.94117647058823,
    "clustering_coefficient": 0.34642965126088265,
    "edge_order_std_dev": 3.9937882920599286,
    "edge_weight_std_dev": 0.7798125623177637,
    "induced_norm": 155.68918774562877,
    "max_edge_order": 17,
    "max_edge_weight": 18.417456200798775,
    "max_vertex_degree": 81,
    "min_edge_order": 9.008264462809917,
    "min_edge_weight": 0.000490602558061215,
    "n_qubits": 17,
    "total_pstrings": 562
}