{
    "avg_edge_order": 1,
    "avg_edge_weight": 31.116210624347143,
    "avg_vertex_degree": 15.0,
    "clustering_coefficient": 0.3345149297410121,
    "edge_order_std_dev": 1.9621416870348585,
    "edge_weight_std_dev": 67.0151987181441,
    "induced_norm": 3765.0614855460026,
    "max_edge_order": 8,
    "max_edge_weight": 746.795176768379,
    "max_vertex_degree": 20,
    "min_edge_order": 4.5,
    "min_edge_weight": 0.012830252497109118,
    "n_qubits": 8,
    "total_pstrings": 121
}