{
    "avg_edge_order": 1,
    "avg_edge_weight": 30.268500608063313,
    "avg_vertex_degree": 15.0,
    "clustering_coefficient": 0.3345149297410121,
    "edge_order_std_dev": 1.9621416870348585,
    "edge_weight_std_dev": 59.146368806743034,
    "induced_norm": 3662.488573575663,
    "max_edge_order": 8,
    "max_edge_weight": 659.4821258237769,
    "max_vertex_degree": 20,
    "min_edge_order": 4.5,
    "min_edge_weight": 0.36872381374358554,
    "n_qubits": 8,
    "total_pstrings": 121
}