{
    "avg_edge_order": 1,
    "avg_edge_weight": 30.000641242740258,
    "avg_vertex_degree": 15.0,
    "clustering_coefficient": 0.3345149297410121,
    "edge_order_std_dev": 1.9621416870348585,
    "edge_weight_std_dev": 65.49834220503648,
    "induced_norm": 3630.0775903715707,
    "max_edge_order": 8,
    "max_edge_weight": 727.9027352797833,
    "max_vertex_degree": 20,
    "min_edge_order": 4.5,
    "min_edge_weight": 0.6402240871985434,
    "n_qubits": 8,
    "total_pstrings": 121
}