{
    "avg_edge_order": 1,
    "avg_edge_weight": 29.24835327946029,
    "avg_vertex_degree": 15.0,
    "clustering_coefficient": 0.3345149297410121,
    "edge_order_std_dev": 1.9621416870348585,
    "edge_weight_std_dev": 59.67680044285754,
    "induced_norm": 3539.050746814694,
    "max_edge_order": 8,
    "max_edge_weight": 663.2838995546406,
    "max_vertex_degree": 20,
    "min_edge_order": 4.5,
    "min_edge_weight": 0.20868485772748357,
    "n_qubits": 8,
    "total_pstrings": 121
}