{
    "avg_edge_order": 1,
    "avg_edge_weight": 29.77861163179485,
    "avg_vertex_degree": 15.0,
    "clustering_coefficient": 0.3345149297410121,
    "edge_order_std_dev": 1.9621416870348585,
    "edge_weight_std_dev": 56.07975859281899,
    "induced_norm": 3603.2120074471763,
    "max_edge_order": 8,
    "max_edge_weight": 625.7850931202552,
    "max_vertex_degree": 20,
    "min_edge_order": 4.5,
    "min_edge_weight": 0.8657042958209402,
    "n_qubits": 8,
    "total_pstrings": 121
}