{
    "avg_edge_order": 1,
    "avg_edge_weight": 34.47242097745413,
    "avg_vertex_degree": 5.0,
    "clustering_coefficient": 0.4220077730200311,
    "edge_order_std_dev": 1.02469507659596,
    "edge_weight_std_dev": 55.15841055134544,
    "induced_norm": 999.7002083461698,
    "max_edge_order": 4,
    "max_edge_weight": 314.82380728588896,
    "max_vertex_degree": 6,
    "min_edge_order": 2.5,
    "min_edge_weight": 1.8319846116499114,
    "n_qubits": 4,
    "total_pstrings": 29
}