{
    "avg_edge_order": 1,
    "avg_edge_weight": 29.91382247328823,
    "avg_vertex_degree": 15.0,
    "clustering_coefficient": 0.3345149297410121,
    "edge_order_std_dev": 1.9621416870348585,
    "edge_weight_std_dev": 62.04496549662693,
    "induced_norm": 3619.5725192678765,
    "max_edge_order": 8,
    "max_edge_weight": 690.6909995123991,
    "max_vertex_degree": 20,
    "min_edge_order": 4.5,
    "min_edge_weight": 0.4465067478508473,
    "n_qubits": 8,
    "total_pstrings": 121
}