{
    "avg_edge_order": 1,
    "avg_edge_weight": 32.227860432935394,
    "avg_vertex_degree": 15.0,
    "clustering_coefficient": 0.3345149297410121,
    "edge_order_std_dev": 1.9621416870348585,
    "edge_weight_std_dev": 62.772749444914325,
    "induced_norm": 3899.5711123851825,
    "max_edge_order": 8,
    "max_edge_weight": 694.2402095261443,
    "max_vertex_degree": 20,
    "min_edge_order": 4.5,
    "min_edge_weight": 0.135282348548027,
    "n_qubits": 8,
    "total_pstrings": 121
}