{
    "avg_edge_order": 1,
    "avg_edge_weight": 30.841936264134457,
    "avg_vertex_degree": 15.0,
    "clustering_coefficient": 0.3345149297410121,
    "edge_order_std_dev": 1.9621416870348585,
    "edge_weight_std_dev": 60.262718958394835,
    "induced_norm": 3731.874287960269,
    "max_edge_order": 8,
    "max_edge_weight": 669.2325665965218,
    "max_vertex_degree": 20,
    "min_edge_order": 4.5,
    "min_edge_weight": 0.11157537779912796,
    "n_qubits": 8,
    "total_pstrings": 121
}