{
    "avg_edge_order": 1,
    "avg_edge_weight": 30.998843638305488,
    "avg_vertex_degree": 15.0,
    "clustering_coefficient": 0.3345149297410121,
    "edge_order_std_dev": 1.9621416870348585,
    "edge_weight_std_dev": 65.47361906251773,
    "induced_norm": 3750.8600802349647,
    "max_edge_order": 8,
    "max_edge_weight": 724.3500591257487,
    "max_vertex_degree": 20,
    "min_edge_order": 4.5,
    "min_edge_weight": 0.198222746869825,
    "n_qubits": 8,
    "total_pstrings": 121
}