{
    "avg_edge_order": 1,
    "avg_edge_weight": 31.54441867176587,
    "avg_vertex_degree": 5.0,
    "clustering_coefficient": 0.4220077730200311,
    "edge_order_std_dev": 1.02469507659596,
    "edge_weight_std_dev": 46.604869486737755,
    "induced_norm": 914.7881414812102,
    "max_edge_order": 4,
    "max_edge_weight": 263.7937150167982,
    "max_vertex_degree": 6,
    "min_edge_order": 2.5,
    "min_edge_weight": 0.36438726705728675,
    "n_qubits": 4,
    "total_pstrings": 29
}