{
    "avg_edge_order": 1,
    "avg_edge_weight": 33.44403891630421,
    "avg_vertex_degree": 5.0,
    "clustering_coefficient": 0.4220077730200311,
    "edge_order_std_dev": 1.02469507659596,
    "edge_weight_std_dev": 50.982803289383135,
    "induced_norm": 969.8771285728221,
    "max_edge_order": 4,
    "max_edge_weight": 292.4659059663762,
    "max_vertex_degree": 6,
    "min_edge_order": 2.5,
    "min_edge_weight": 0.3067970955955346,
    "n_qubits": 4,
    "total_pstrings": 29
}