{
    "avg_edge_order": 1,
    "avg_edge_weight": 29.636551026149085,
    "avg_vertex_degree": 18.333333333333332,
    "clustering_coefficient": 0.33291911153650744,
    "edge_order_std_dev": 2.1908902300206643,
    "edge_weight_std_dev": 68.3529487643361,
    "induced_norm": 4564.028858026958,
    "max_edge_order": 9,
    "max_edge_weight": 852.9581098298486,
    "max_vertex_degree": 25,
    "min_edge_order": 5.0,
    "min_edge_weight": 0.032919757914012804,
    "n_qubits": 9,
    "total_pstrings": 154
}