{
    "avg_edge_order": 1,
    "avg_edge_weight": 35.70945078778424,
    "avg_vertex_degree": 5.0,
    "clustering_coefficient": 0.4220077730200311,
    "edge_order_std_dev": 1.02469507659596,
    "edge_weight_std_dev": 63.09492860808158,
    "induced_norm": 1035.574072845743,
    "max_edge_order": 4,
    "max_edge_weight": 359.58455279374783,
    "max_vertex_degree": 6,
    "min_edge_order": 2.5,
    "min_edge_weight": 0.672987036357604,
    "n_qubits": 4,
    "total_pstrings": 29
}