{
    "avg_edge_order": 1,
    "avg_edge_weight": 30.082971771962967,
    "avg_vertex_degree": 18.333333333333332,
    "clustering_coefficient": 0.33291911153650744,
    "edge_order_std_dev": 2.1908902300206643,
    "edge_weight_std_dev": 65.27153141291677,
    "induced_norm": 4632.777652882297,
    "max_edge_order": 9,
    "max_edge_weight": 814.4557391193545,
    "max_vertex_degree": 25,
    "min_edge_order": 5.0,
    "min_edge_weight": 0.09459336435616095,
    "n_qubits": 9,
    "total_pstrings": 154
}