{
    "avg_edge_order": 1,
    "avg_edge_weight": 29.45886721332124,
    "avg_vertex_degree": 18.333333333333332,
    "clustering_coefficient": 0.33291911153650744,
    "edge_order_std_dev": 2.1908902300206643,
    "edge_weight_std_dev": 66.98266713738201,
    "induced_norm": 4536.665550851472,
    "max_edge_order": 9,
    "max_edge_weight": 838.2738017612344,
    "max_vertex_degree": 25,
    "min_edge_order": 5.0,
    "min_edge_weight": 0.03625834072902845,
    "n_qubits": 9,
    "total_pstrings": 154
}