{
    "avg_edge_order": 1,
    "avg_edge_weight": 33.10794902975189,
    "avg_vertex_degree": 5.0,
    "clustering_coefficient": 0.4220077730200311,
    "edge_order_std_dev": 1.02469507659596,
    "edge_weight_std_dev": 41.90448136371125,
    "induced_norm": 960.130521862805,
    "max_edge_order": 4,
    "max_edge_weight": 221.04406867460975,
    "max_vertex_degree": 6,
    "min_edge_order": 2.5,
    "min_edge_weight": 0.020374251189963388,
    "n_qubits": 4,
    "total_pstrings": 29
}