{
    "avg_edge_order": 1,
    "avg_edge_weight": 29.23968105136194,
    "avg_vertex_degree": 18.333333333333332,
    "clustering_coefficient": 0.33291911153650744,
    "edge_order_std_dev": 2.1908902300206643,
    "edge_weight_std_dev": 61.440734211732426,
    "induced_norm": 4502.91088190974,
    "max_edge_order": 9,
    "max_edge_weight": 769.1949580692157,
    "max_vertex_degree": 25,
    "min_edge_order": 5.0,
    "min_edge_weight": 0.7809884983320572,
    "n_qubits": 9,
    "total_pstrings": 154
}