{
    "avg_edge_order": 1,
    "avg_edge_weight": 29.331615894598226,
    "avg_vertex_degree": 18.333333333333332,
    "clustering_coefficient": 0.33291911153650744,
    "edge_order_std_dev": 2.1908902300206643,
    "edge_weight_std_dev": 64.45065793240028,
    "induced_norm": 4517.068847768127,
    "max_edge_order": 9,
    "max_edge_weight": 805.4308244444054,
    "max_vertex_degree": 25,
    "min_edge_order": 5.0,
    "min_edge_weight": 0.20264722695812498,
    "n_qubits": 9,
    "total_pstrings": 154
}