{
    "avg_edge_order": 1,
    "avg_edge_weight": 28.702676768892704,
    "avg_vertex_degree": 18.333333333333332,
    "clustering_coefficient": 0.33291911153650744,
    "edge_order_std_dev": 2.1908902300206643,
    "edge_weight_std_dev": 64.55040151917582,
    "induced_norm": 4420.212222409477,
    "max_edge_order": 9,
    "max_edge_weight": 804.8475981607448,
    "max_vertex_degree": 25,
    "min_edge_order": 5.0,
    "min_edge_weight": 0.4284834474037602,
    "n_qubits": 9,
    "total_pstrings": 154
}