{
    "avg_edge_order": 1,
    "avg_edge_weight": 30.924545502220703,
    "avg_vertex_degree": 18.333333333333332,
    "clustering_coefficient": 0.33291911153650744,
    "edge_order_std_dev": 2.1908902300206643,
    "edge_weight_std_dev": 67.59421293055796,
    "induced_norm": 4762.380007341987,
    "max_edge_order": 9,
    "max_edge_weight": 846.4046719878335,
    "max_vertex_degree": 25,
    "min_edge_order": 5.0,
    "min_edge_weight": 0.47811816614044744,
    "n_qubits": 9,
    "total_pstrings": 154
}