{
    "avg_edge_order": 1,
    "avg_edge_weight": 36.05887629437527,
    "avg_vertex_degree": 5.0,
    "clustering_coefficient": 0.4220077730200311,
    "edge_order_std_dev": 1.02469507659596,
    "edge_weight_std_dev": 49.04279725245616,
    "induced_norm": 1045.7074125368829,
    "max_edge_order": 4,
    "max_edge_weight": 284.0258261340914,
    "max_vertex_degree": 6,
    "min_edge_order": 2.5,
    "min_edge_weight": 1.2681944511513308,
    "n_qubits": 4,
    "total_pstrings": 29
}