{
    "avg_edge_order": 1,
    "avg_edge_weight": 0.40995779907054786,
    "avg_vertex_degree": 11.857142857142858,
    "clustering_coefficient": 0.42287682231527784,
    "edge_order_std_dev": 1.7106736722215758,
    "edge_weight_std_dev": 0.6420132103470472,
    "induced_norm": 39.35594871077257,
    "max_edge_order": 7,
    "max_edge_weight": 5.8998581783942505,
    "max_vertex_degree": 16,
    "min_edge_order": 4.036144578313253,
    "min_edge_weight": 0.011415287209760816,
    "n_qubits": 7,
    "total_pstrings": 96
}