{
    "avg_edge_order": 1,
    "avg_edge_weight": 0.3333150706619365,
    "avg_vertex_degree": 11.857142857142858,
    "clustering_coefficient": 0.42287682231527784,
    "edge_order_std_dev": 1.7106736722215758,
    "edge_weight_std_dev": 0.6143059765955182,
    "induced_norm": 31.99824678354591,
    "max_edge_order": 7,
    "max_edge_weight": 6.055105250358446,
    "max_vertex_degree": 16,
    "min_edge_order": 4.036144578313253,
    "min_edge_weight": 0.00038032388314018784,
    "n_qubits": 7,
    "total_pstrings": 96
}