{
    "avg_edge_order": 1,
    "avg_edge_weight": 0.35512461525550854,
    "avg_vertex_degree": 11.857142857142858,
    "clustering_coefficient": 0.42287682231527784,
    "edge_order_std_dev": 1.7106736722215758,
    "edge_weight_std_dev": 0.5890929555434705,
    "induced_norm": 34.09196306452882,
    "max_edge_order": 7,
    "max_edge_weight": 5.307808537271177,
    "max_vertex_degree": 16,
    "min_edge_order": 4.036144578313253,
    "min_edge_weight": 0.005518143432304168,
    "n_qubits": 7,
    "total_pstrings": 96
}