{
    "avg_edge_order": 1,
    "avg_edge_weight": 33.914853293756224,
    "avg_vertex_degree": 5.0,
    "clustering_coefficient": 0.4220077730200311,
    "edge_order_std_dev": 1.02469507659596,
    "edge_weight_std_dev": 51.72129944265521,
    "induced_norm": 983.5307455189303,
    "max_edge_order": 4,
    "max_edge_weight": 295.65546099487455,
    "max_vertex_degree": 6,
    "min_edge_order": 2.5,
    "min_edge_weight": 0.37502101697249923,
    "n_qubits": 4,
    "total_pstrings": 29
}