{
    "avg_edge_order": 1,
    "avg_edge_weight": 0.33218693825526663,
    "avg_vertex_degree": 11.857142857142858,
    "clustering_coefficient": 0.42287682231527784,
    "edge_order_std_dev": 1.7106736722215758,
    "edge_weight_std_dev": 0.5540198828971903,
    "induced_norm": 31.889946072505595,
    "max_edge_order": 7,
    "max_edge_weight": 5.22154890552725,
    "max_vertex_degree": 16,
    "min_edge_order": 4.036144578313253,
    "min_edge_weight": 0.004504993370660737,
    "n_qubits": 7,
    "total_pstrings": 96
}