{
    "avg_edge_order": 1,
    "avg_edge_weight": 0.3099652234714877,
    "avg_vertex_degree": 14.875,
    "clustering_coefficient": 0.41265216816786593,
    "edge_order_std_dev": 1.9438484284539173,
    "edge_weight_std_dev": 0.6070565643853951,
    "induced_norm": 37.50579204005002,
    "max_edge_order": 8,
    "max_edge_weight": 6.769733937858293,
    "max_vertex_degree": 20,
    "min_edge_order": 4.529411764705882,
    "min_edge_weight": 0.00037789633303447756,
    "n_qubits": 8,
    "total_pstrings": 121
}