{
    "avg_edge_order": 1,
    "avg_edge_weight": 0.29245001711643565,
    "avg_vertex_degree": 14.875,
    "clustering_coefficient": 0.41265216816786593,
    "edge_order_std_dev": 1.9438484284539173,
    "edge_weight_std_dev": 0.5475276682299156,
    "induced_norm": 35.38645207108871,
    "max_edge_order": 8,
    "max_edge_weight": 6.07219496348637,
    "max_vertex_degree": 20,
    "min_edge_order": 4.529411764705882,
    "min_edge_weight": 0.004517055649233159,
    "n_qubits": 8,
    "total_pstrings": 121
}