{
    "avg_edge_order": 1,
    "avg_edge_weight": 0.32679882913390534,
    "avg_vertex_degree": 14.875,
    "clustering_coefficient": 0.41265216816786593,
    "edge_order_std_dev": 1.9438484284539173,
    "edge_weight_std_dev": 0.639309081205202,
    "induced_norm": 39.54265832520257,
    "max_edge_order": 8,
    "max_edge_weight": 7.168286736605568,
    "max_vertex_degree": 20,
    "min_edge_order": 4.529411764705882,
    "min_edge_weight": 0.0046236123599656676,
    "n_qubits": 8,
    "total_pstrings": 121
}