{
    "avg_edge_order": 1,
    "avg_edge_weight": 0.30900992045008724,
    "avg_vertex_degree": 14.875,
    "clustering_coefficient": 0.41265216816786593,
    "edge_order_std_dev": 1.9438484284539173,
    "edge_weight_std_dev": 0.685145183761931,
    "induced_norm": 37.390200374460555,
    "max_edge_order": 8,
    "max_edge_weight": 7.616349791783477,
    "max_vertex_degree": 20,
    "min_edge_order": 4.529411764705882,
    "min_edge_weight": 0.0002470684684979796,
    "n_qubits": 8,
    "total_pstrings": 121
}