{
    "avg_edge_order": 1,
    "avg_edge_weight": 0.3068038107876325,
    "avg_vertex_degree": 14.875,
    "clustering_coefficient": 0.41265216816786593,
    "edge_order_std_dev": 1.9438484284539173,
    "edge_weight_std_dev": 0.6589711589456445,
    "induced_norm": 37.12326110530353,
    "max_edge_order": 8,
    "max_edge_weight": 7.367521968055822,
    "max_vertex_degree": 20,
    "min_edge_order": 4.529411764705882,
    "min_edge_weight": 9.725064831128671e-05,
    "n_qubits": 8,
    "total_pstrings": 121
}