{
    "avg_edge_order": 1,
    "avg_edge_weight": 31.578323858138265,
    "avg_vertex_degree": 5.0,
    "clustering_coefficient": 0.4220077730200311,
    "edge_order_std_dev": 1.02469507659596,
    "edge_weight_std_dev": 44.27691741156473,
    "induced_norm": 915.77139188601,
    "max_edge_order": 4,
    "max_edge_weight": 253.1805357856984,
    "max_vertex_degree": 6,
    "min_edge_order": 2.5,
    "min_edge_weight": 0.5874208617188516,
    "n_qubits": 4,
    "total_pstrings": 29
}