{
    "avg_edge_order": 1,
    "avg_edge_weight": 39.657560095710004,
    "avg_vertex_degree": 5.0,
    "clustering_coefficient": 0.4220077730200311,
    "edge_order_std_dev": 1.02469507659596,
    "edge_weight_std_dev": 49.10123662338834,
    "induced_norm": 1150.06924277559,
    "max_edge_order": 4,
    "max_edge_weight": 286.5691047927653,
    "max_vertex_degree": 6,
    "min_edge_order": 2.5,
    "min_edge_weight": 1.988673972094096,
    "n_qubits": 4,
    "total_pstrings": 29
}