{
    "avg_edge_order": 1,
    "avg_edge_weight": 0.3057910564290396,
    "avg_vertex_degree": 14.875,
    "clustering_coefficient": 0.41265216816786593,
    "edge_order_std_dev": 1.9438484284539173,
    "edge_weight_std_dev": 0.6282101608817832,
    "induced_norm": 37.00071782791379,
    "max_edge_order": 8,
    "max_edge_weight": 6.9401703254010565,
    "max_vertex_degree": 20,
    "min_edge_order": 4.529411764705882,
    "min_edge_weight": 0.00031249243512410096,
    "n_qubits": 8,
    "total_pstrings": 121
}