{
    "avg_edge_order": 1,
    "avg_edge_weight": 0.3116660788488886,
    "avg_vertex_degree": 14.875,
    "clustering_coefficient": 0.41265216816786593,
    "edge_order_std_dev": 1.9438484284539173,
    "edge_weight_std_dev": 0.600708626561521,
    "induced_norm": 37.71159554071551,
    "max_edge_order": 8,
    "max_edge_weight": 6.676343065913698,
    "max_vertex_degree": 20,
    "min_edge_order": 4.529411764705882,
    "min_edge_weight": 0.005095072327257866,
    "n_qubits": 8,
    "total_pstrings": 121
}