{
    "avg_edge_order": 1,
    "avg_edge_weight": 35.175431963391546,
    "avg_vertex_degree": 5.0,
    "clustering_coefficient": 0.4220077730200311,
    "edge_order_std_dev": 1.02469507659596,
    "edge_weight_std_dev": 43.06203717024349,
    "induced_norm": 1020.0875269383547,
    "max_edge_order": 4,
    "max_edge_weight": 234.39636348301934,
    "max_vertex_degree": 6,
    "min_edge_order": 2.5,
    "min_edge_weight": 0.6100046931722614,
    "n_qubits": 4,
    "total_pstrings": 29
}