{
    "avg_edge_order": 1,
    "avg_edge_weight": 0.33645017073748784,
    "avg_vertex_degree": 14.875,
    "clustering_coefficient": 0.41265216816786593,
    "edge_order_std_dev": 1.9438484284539173,
    "edge_weight_std_dev": 0.6417343144562092,
    "induced_norm": 40.710470659236,
    "max_edge_order": 8,
    "max_edge_weight": 7.18876195675071,
    "max_vertex_degree": 20,
    "min_edge_order": 4.529411764705882,
    "min_edge_weight": 0.002404041225503306,
    "n_qubits": 8,
    "total_pstrings": 121
}