{
    "avg_edge_order": 1,
    "avg_edge_weight": 0.27435660626798053,
    "avg_vertex_degree": 14.875,
    "clustering_coefficient": 0.41265216816786593,
    "edge_order_std_dev": 1.9438484284539173,
    "edge_weight_std_dev": 0.5760907002473858,
    "induced_norm": 33.19714935842565,
    "max_edge_order": 8,
    "max_edge_weight": 6.375382433758282,
    "max_vertex_degree": 20,
    "min_edge_order": 4.529411764705882,
    "min_edge_weight": 0.0023722414892081156,
    "n_qubits": 8,
    "total_pstrings": 121
}