{
    "avg_edge_order": 1,
    "avg_edge_weight": 0.3091767698934013,
    "avg_vertex_degree": 14.875,
    "clustering_coefficient": 0.41265216816786593,
    "edge_order_std_dev": 1.9438484284539173,
    "edge_weight_std_dev": 0.610134695654647,
    "induced_norm": 37.410389157101555,
    "max_edge_order": 8,
    "max_edge_weight": 6.789418330131619,
    "max_vertex_degree": 20,
    "min_edge_order": 4.529411764705882,
    "min_edge_weight": 0.0015824851723406086,
    "n_qubits": 8,
    "total_pstrings": 121
}