{
    "avg_edge_order": 1,
    "avg_edge_weight": 33.95610845859409,
    "avg_vertex_degree": 5.0,
    "clustering_coefficient": 0.4220077730200311,
    "edge_order_std_dev": 1.02469507659596,
    "edge_weight_std_dev": 43.05172558787525,
    "induced_norm": 984.7271452992287,
    "max_edge_order": 4,
    "max_edge_weight": 249.11202337425308,
    "max_vertex_degree": 6,
    "min_edge_order": 2.5,
    "min_edge_weight": 3.846738052891642,
    "n_qubits": 4,
    "total_pstrings": 29
}