{
    "avg_edge_order": 1,
    "avg_edge_weight": 0.2968634661227949,
    "avg_vertex_degree": 14.875,
    "clustering_coefficient": 0.41265216816786593,
    "edge_order_std_dev": 1.9438484284539173,
    "edge_weight_std_dev": 0.5968813874195791,
    "induced_norm": 36.21734286698096,
    "max_edge_order": 8,
    "max_edge_weight": 6.654407124711875,
    "max_vertex_degree": 20,
    "min_edge_order": 4.529411764705882,
    "min_edge_weight": 0.009391854299297342,
    "n_qubits": 8,
    "total_pstrings": 122
}