{
    "avg_edge_order": 1,
    "avg_edge_weight": 0.3024567953880526,
    "avg_vertex_degree": 14.875,
    "clustering_coefficient": 0.41265216816786593,
    "edge_order_std_dev": 1.9438484284539173,
    "edge_weight_std_dev": 0.6328588839439794,
    "induced_norm": 36.89972903734243,
    "max_edge_order": 8,
    "max_edge_weight": 6.99691819447626,
    "max_vertex_degree": 20,
    "min_edge_order": 4.529411764705882,
    "min_edge_weight": 0.004512462102792214,
    "n_qubits": 8,
    "total_pstrings": 122
}