{
    "avg_edge_order": 1,
    "avg_edge_weight": 0.3476039956218942,
    "avg_vertex_degree": 14.875,
    "clustering_coefficient": 0.41265216816786593,
    "edge_order_std_dev": 1.9438484284539173,
    "edge_weight_std_dev": 0.6867672844038782,
    "induced_norm": 42.40768746587107,
    "max_edge_order": 8,
    "max_edge_weight": 7.4113972687927525,
    "max_vertex_degree": 20,
    "min_edge_order": 4.529411764705882,
    "min_edge_weight": 0.0003805701628498137,
    "n_qubits": 8,
    "total_pstrings": 122
}