{
    "avg_edge_order": 1,
    "avg_edge_weight": 0.30594750701683054,
    "avg_vertex_degree": 14.875,
    "clustering_coefficient": 0.41265216816786593,
    "edge_order_std_dev": 1.9438484284539173,
    "edge_weight_std_dev": 0.6615399274589961,
    "induced_norm": 37.32559585605333,
    "max_edge_order": 8,
    "max_edge_weight": 7.217177833035489,
    "max_vertex_degree": 20,
    "min_edge_order": 4.529411764705882,
    "min_edge_weight": 0.0029874890722060288,
    "n_qubits": 8,
    "total_pstrings": 122
}