{
    "avg_edge_order": 1,
    "avg_edge_weight": 0.3338032816817142,
    "avg_vertex_degree": 14.875,
    "clustering_coefficient": 0.41265216816786593,
    "edge_order_std_dev": 1.9438484284539173,
    "edge_weight_std_dev": 0.6595616540496373,
    "induced_norm": 40.72400036516913,
    "max_edge_order": 8,
    "max_edge_weight": 7.115181833539462,
    "max_vertex_degree": 20,
    "min_edge_order": 4.529411764705882,
    "min_edge_weight": 0.0015297809536034546,
    "n_qubits": 8,
    "total_pstrings": 122
}