{
    "avg_edge_order": 1,
    "avg_edge_weight": 0.327862849655164,
    "avg_vertex_degree": 14.875,
    "clustering_coefficient": 0.41265216816786593,
    "edge_order_std_dev": 1.9438484284539173,
    "edge_weight_std_dev": 0.5938127153970333,
    "induced_norm": 39.99926765793003,
    "max_edge_order": 8,
    "max_edge_weight": 6.463856377091724,
    "max_vertex_degree": 20,
    "min_edge_order": 4.529411764705882,
    "min_edge_weight": 0.011810124422247326,
    "n_qubits": 8,
    "total_pstrings": 122
}