{
    "avg_edge_order": 1,
    "avg_edge_weight": 0.3218772670708369,
    "avg_vertex_degree": 14.875,
    "clustering_coefficient": 0.41265216816786593,
    "edge_order_std_dev": 1.9438484284539173,
    "edge_weight_std_dev": 0.6011732306816816,
    "induced_norm": 39.269026582642105,
    "max_edge_order": 8,
    "max_edge_weight": 6.514327833563892,
    "max_vertex_degree": 20,
    "min_edge_order": 4.529411764705882,
    "min_edge_weight": 0.0007754770934961241,
    "n_qubits": 8,
    "total_pstrings": 122
}