{
    "avg_edge_order": 1,
    "avg_edge_weight": 0.30803084656732,
    "avg_vertex_degree": 14.875,
    "clustering_coefficient": 0.41265216816786593,
    "edge_order_std_dev": 1.9438484284539173,
    "edge_weight_std_dev": 0.5852508082870586,
    "induced_norm": 37.57976328121303,
    "max_edge_order": 8,
    "max_edge_weight": 6.382466358507028,
    "max_vertex_degree": 20,
    "min_edge_order": 4.529411764705882,
    "min_edge_weight": 0.00019614384766414306,
    "n_qubits": 8,
    "total_pstrings": 122
}