{
    "avg_edge_order": 1,
    "avg_edge_weight": 0.313502623946276,
    "avg_vertex_degree": 14.875,
    "clustering_coefficient": 0.41265216816786593,
    "edge_order_std_dev": 1.9438484284539173,
    "edge_weight_std_dev": 0.6101932933326016,
    "induced_norm": 38.247320121445675,
    "max_edge_order": 8,
    "max_edge_weight": 6.731722396500521,
    "max_vertex_degree": 20,
    "min_edge_order": 4.529411764705882,
    "min_edge_weight": 0.00307934857027492,
    "n_qubits": 8,
    "total_pstrings": 122
}