{
    "avg_edge_order": 1,
    "avg_edge_weight": 0.3714877656885931,
    "avg_vertex_degree": 14.875,
    "clustering_coefficient": 0.4134067645102325,
    "edge_order_std_dev": 1.9438484284539173,
    "edge_weight_std_dev": 0.7285460558919652,
    "induced_norm": 46.435970711074134,
    "max_edge_order": 8,
    "max_edge_weight": 7.771355242596291,
    "max_vertex_degree": 20,
    "min_edge_order": 4.529411764705882,
    "min_edge_weight": 0.010756952033497469,
    "n_qubits": 8,
    "total_pstrings": 125
}