{
    "avg_edge_order": 1,
    "avg_edge_weight": 0.34959033895597263,
    "avg_vertex_degree": 14.875,
    "clustering_coefficient": 0.4134067645102325,
    "edge_order_std_dev": 1.9438484284539173,
    "edge_weight_std_dev": 0.6474426226581073,
    "induced_norm": 43.69879236949658,
    "max_edge_order": 8,
    "max_edge_weight": 7.031351779385085,
    "max_vertex_degree": 20,
    "min_edge_order": 4.529411764705882,
    "min_edge_weight": 0.0031620453631858725,
    "n_qubits": 8,
    "total_pstrings": 125
}