{
    "avg_edge_order": 1,
    "avg_edge_weight": 0.3429613235120371,
    "avg_vertex_degree": 14.875,
    "clustering_coefficient": 0.4134067645102325,
    "edge_order_std_dev": 1.9438484284539173,
    "edge_weight_std_dev": 0.6737645421692072,
    "induced_norm": 42.87016543900462,
    "max_edge_order": 8,
    "max_edge_weight": 7.311956029218695,
    "max_vertex_degree": 20,
    "min_edge_order": 4.529411764705882,
    "min_edge_weight": 0.0004213080128921409,
    "n_qubits": 8,
    "total_pstrings": 125
}