{
    "avg_edge_order": 1,
    "avg_edge_weight": 0.3685231466976909,
    "avg_vertex_degree": 15.125,
    "clustering_coefficient": 0.41895814351767824,
    "edge_order_std_dev": 1.9545061411663147,
    "edge_weight_std_dev": 0.6342678850409585,
    "induced_norm": 48.645055364095214,
    "max_edge_order": 8,
    "max_edge_weight": 6.600194036603143,
    "max_vertex_degree": 20,
    "min_edge_order": 4.487603305785124,
    "min_edge_weight": 0.003937534602403037,
    "n_qubits": 8,
    "total_pstrings": 132
}