{
    "avg_edge_order": 1,
    "avg_edge_weight": 35.1694947674039,
    "avg_vertex_degree": 5.0,
    "clustering_coefficient": 0.4220077730200311,
    "edge_order_std_dev": 1.02469507659596,
    "edge_weight_std_dev": 57.39477319952828,
    "induced_norm": 1019.915348254713,
    "max_edge_order": 4,
    "max_edge_weight": 328.8355870851114,
    "max_vertex_degree": 6,
    "min_edge_order": 2.5,
    "min_edge_weight": 0.5666572140503376,
    "n_qubits": 4,
    "total_pstrings": 29
}