{
    "avg_edge_order": 1,
    "avg_edge_weight": 0.40604795513363673,
    "avg_vertex_degree": 15.125,
    "clustering_coefficient": 0.41895814351767824,
    "edge_order_std_dev": 1.9545061411663147,
    "edge_weight_std_dev": 0.677264802156083,
    "induced_norm": 53.59833007764006,
    "max_edge_order": 8,
    "max_edge_weight": 7.211958567652309,
    "max_vertex_degree": 20,
    "min_edge_order": 4.487603305785124,
    "min_edge_weight": 0.00017220916799837171,
    "n_qubits": 8,
    "total_pstrings": 132
}