{
    "avg_edge_order": 1,
    "avg_edge_weight": 0.39394323232231726,
    "avg_vertex_degree": 15.125,
    "clustering_coefficient": 0.41895814351767824,
    "edge_order_std_dev": 1.9545061411663147,
    "edge_weight_std_dev": 0.6842944074261387,
    "induced_norm": 52.00050666654589,
    "max_edge_order": 8,
    "max_edge_weight": 7.313538130482221,
    "max_vertex_degree": 20,
    "min_edge_order": 4.487603305785124,
    "min_edge_weight": 0.0030255605208422964,
    "n_qubits": 8,
    "total_pstrings": 132
}