{
    "avg_edge_order": 1,
    "avg_edge_weight": 0.3817533797774777,
    "avg_vertex_degree": 15.125,
    "clustering_coefficient": 0.41895814351767824,
    "edge_order_std_dev": 1.9545061411663147,
    "edge_weight_std_dev": 0.6352046335088455,
    "induced_norm": 50.39144613062706,
    "max_edge_order": 8,
    "max_edge_weight": 6.814151372219831,
    "max_vertex_degree": 20,
    "min_edge_order": 4.487603305785124,
    "min_edge_weight": 0.008526315560185127,
    "n_qubits": 8,
    "total_pstrings": 132
}