{
    "avg_edge_order": 1,
    "avg_edge_weight": 0.3807881623281357,
    "avg_vertex_degree": 15.125,
    "clustering_coefficient": 0.41895814351767824,
    "edge_order_std_dev": 1.9545061411663147,
    "edge_weight_std_dev": 0.7436832590633121,
    "induced_norm": 50.26403742731391,
    "max_edge_order": 8,
    "max_edge_weight": 7.240677012296111,
    "max_vertex_degree": 20,
    "min_edge_order": 4.487603305785124,
    "min_edge_weight": 0.0009433129305598253,
    "n_qubits": 8,
    "total_pstrings": 132
}