{
    "avg_edge_order": 1,
    "avg_edge_weight": 38.5705015486642,
    "avg_vertex_degree": 5.0,
    "clustering_coefficient": 0.4220077730200311,
    "edge_order_std_dev": 1.02469507659596,
    "edge_weight_std_dev": 55.215164034017114,
    "induced_norm": 1118.544544911262,
    "max_edge_order": 4,
    "max_edge_weight": 312.53533751035707,
    "max_vertex_degree": 6,
    "min_edge_order": 2.5,
    "min_edge_weight": 2.6218009676380944,
    "n_qubits": 4,
    "total_pstrings": 29
}