{
    "avg_edge_order": 1,
    "avg_edge_weight": 0.4277226688270586,
    "avg_vertex_degree": 15.125,
    "clustering_coefficient": 0.38150974710082836,
    "edge_order_std_dev": 1.9545061411663147,
    "edge_weight_std_dev": 0.7164600962891893,
    "induced_norm": 62.875232317577634,
    "max_edge_order": 8,
    "max_edge_weight": 7.048375709415238,
    "max_vertex_degree": 20,
    "min_edge_order": 4.487603305785124,
    "min_edge_weight": 0.0011755212884422828,
    "n_qubits": 8,
    "total_pstrings": 147
}