{
    "avg_edge_order": 1,
    "avg_edge_weight": 0.42697556144146875,
    "avg_vertex_degree": 15.125,
    "clustering_coefficient": 0.38150974710082836,
    "edge_order_std_dev": 1.9545061411663147,
    "edge_weight_std_dev": 0.717173262104551,
    "induced_norm": 62.76540753189589,
    "max_edge_order": 8,
    "max_edge_weight": 6.933433023788473,
    "max_vertex_degree": 20,
    "min_edge_order": 4.487603305785124,
    "min_edge_weight": 0.00821639748719416,
    "n_qubits": 8,
    "total_pstrings": 147
}