{
    "avg_edge_order": 1,
    "avg_edge_weight": 36.95255613340528,
    "avg_vertex_degree": 5.0,
    "clustering_coefficient": 0.4220077730200311,
    "edge_order_std_dev": 1.02469507659596,
    "edge_weight_std_dev": 54.05673790519219,
    "induced_norm": 1071.624127868753,
    "max_edge_order": 4,
    "max_edge_weight": 312.3376266352672,
    "max_vertex_degree": 6,
    "min_edge_order": 2.5,
    "min_edge_weight": 0.905836527336884,
    "n_qubits": 4,
    "total_pstrings": 29
}