{
    "avg_edge_order": 1,
    "avg_edge_weight": 30.89502088774249,
    "avg_vertex_degree": 5.0,
    "clustering_coefficient": 0.4220077730200311,
    "edge_order_std_dev": 1.02469507659596,
    "edge_weight_std_dev": 47.804620480580134,
    "induced_norm": 895.9556057445321,
    "max_edge_order": 4,
    "max_edge_weight": 275.3248211825453,
    "max_vertex_degree": 6,
    "min_edge_order": 2.5,
    "min_edge_weight": 0.6088532023169391,
    "n_qubits": 4,
    "total_pstrings": 29
}