{
    "avg_edge_order": 1,
    "avg_edge_weight": 0.29012981186373193,
    "avg_vertex_degree": 18.22222222222222,
    "clustering_coefficient": 0.3940297837089769,
    "edge_order_std_dev": 2.1751120506942967,
    "edge_weight_std_dev": 0.6202366036949769,
    "induced_norm": 44.67999102701472,
    "max_edge_order": 9,
    "max_edge_weight": 7.739241374955976,
    "max_vertex_degree": 25,
    "min_edge_order": 5.024390243902439,
    "min_edge_weight": 0.0011876114493010737,
    "n_qubits": 9,
    "total_pstrings": 154
}