{
    "avg_edge_order": 1,
    "avg_edge_weight": 33.69360946709091,
    "avg_vertex_degree": 7.0,
    "clustering_coefficient": 0.40579755745685286,
    "edge_order_std_dev": 1.2649110640673518,
    "edge_weight_std_dev": 60.158062932829935,
    "induced_norm": 1549.906035486181,
    "max_edge_order": 5,
    "max_edge_weight": 424.7536415003105,
    "max_vertex_degree": 9,
    "min_edge_order": 3.0,
    "min_edge_weight": 0.241822993188606,
    "n_qubits": 5,
    "total_pstrings": 46
}