{
    "avg_edge_order": 1,
    "avg_edge_weight": 0.3272796748954091,
    "avg_vertex_degree": 18.22222222222222,
    "clustering_coefficient": 0.3940297837089769,
    "edge_order_std_dev": 2.1751120506942967,
    "edge_weight_std_dev": 0.6394261963786105,
    "induced_norm": 50.40106993389304,
    "max_edge_order": 9,
    "max_edge_weight": 8.00295382546483,
    "max_vertex_degree": 25,
    "min_edge_order": 5.024390243902439,
    "min_edge_weight": 0.006248071488116513,
    "n_qubits": 9,
    "total_pstrings": 154
}