{
    "avg_edge_order": 1,
    "avg_edge_weight": 0.2971111185248187,
    "avg_vertex_degree": 18.22222222222222,
    "clustering_coefficient": 0.3940297837089769,
    "edge_order_std_dev": 2.1751120506942967,
    "edge_weight_std_dev": 0.6465650844613556,
    "induced_norm": 45.75511225282206,
    "max_edge_order": 9,
    "max_edge_weight": 8.101573822279583,
    "max_vertex_degree": 25,
    "min_edge_order": 5.024390243902439,
    "min_edge_weight": 0.006071396897349757,
    "n_qubits": 9,
    "total_pstrings": 154
}