{
    "avg_edge_order": 1,
    "avg_edge_weight": 0.31745062615341235,
    "avg_vertex_degree": 18.22222222222222,
    "clustering_coefficient": 0.3940297837089769,
    "edge_order_std_dev": 2.1751120506942967,
    "edge_weight_std_dev": 0.7042230957347387,
    "induced_norm": 48.88739642762552,
    "max_edge_order": 9,
    "max_edge_weight": 8.84615873389588,
    "max_vertex_degree": 25,
    "min_edge_order": 5.024390243902439,
    "min_edge_weight": 0.006150938623620261,
    "n_qubits": 9,
    "total_pstrings": 154
}