{
    "avg_edge_order": 1,
    "avg_edge_weight": 33.375242442555425,
    "avg_vertex_degree": 7.0,
    "clustering_coefficient": 0.40579755745685286,
    "edge_order_std_dev": 1.2649110640673518,
    "edge_weight_std_dev": 56.78526253862488,
    "induced_norm": 1535.2611523575492,
    "max_edge_order": 5,
    "max_edge_weight": 403.18917726133446,
    "max_vertex_degree": 9,
    "min_edge_order": 3.0,
    "min_edge_weight": 0.3411347987246238,
    "n_qubits": 5,
    "total_pstrings": 46
}