{
    "avg_edge_order": 1,
    "avg_edge_weight": 0.29182507193792945,
    "avg_vertex_degree": 18.22222222222222,
    "clustering_coefficient": 0.3940297837089769,
    "edge_order_std_dev": 2.1751120506942967,
    "edge_weight_std_dev": 0.5808791413809101,
    "induced_norm": 45.23288615037905,
    "max_edge_order": 9,
    "max_edge_weight": 7.230327288446601,
    "max_vertex_degree": 25,
    "min_edge_order": 5.024390243902439,
    "min_edge_weight": 8.718161471632513e-07,
    "n_qubits": 9,
    "total_pstrings": 155
}