{
    "avg_edge_order": 1,
    "avg_edge_weight": 0.3128770388274443,
    "avg_vertex_degree": 18.22222222222222,
    "clustering_coefficient": 0.3940297837089769,
    "edge_order_std_dev": 2.1751120506942967,
    "edge_weight_std_dev": 0.6601295547208925,
    "induced_norm": 48.49594101825386,
    "max_edge_order": 9,
    "max_edge_weight": 8.236139119290788,
    "max_vertex_degree": 25,
    "min_edge_order": 5.024390243902439,
    "min_edge_weight": 0.0004283735088900231,
    "n_qubits": 9,
    "total_pstrings": 155
}