{
    "avg_edge_order": 1,
    "avg_edge_weight": 0.34279368512985336,
    "avg_vertex_degree": 18.22222222222222,
    "clustering_coefficient": 0.3940297837089769,
    "edge_order_std_dev": 2.1751120506942967,
    "edge_weight_std_dev": 0.7090750663343924,
    "induced_norm": 53.133021195127256,
    "max_edge_order": 9,
    "max_edge_weight": 8.864670745462726,
    "max_vertex_degree": 25,
    "min_edge_order": 5.024390243902439,
    "min_edge_weight": 0.000173476720797483,
    "n_qubits": 9,
    "total_pstrings": 155
}