{
    "avg_edge_order": 1,
    "avg_edge_weight": 0.3196258357537892,
    "avg_vertex_degree": 18.22222222222222,
    "clustering_coefficient": 0.3940297837089769,
    "edge_order_std_dev": 2.1751120506942967,
    "edge_weight_std_dev": 0.6997425988112038,
    "induced_norm": 49.54200454183735,
    "max_edge_order": 9,
    "max_edge_weight": 8.744613932701775,
    "max_vertex_degree": 25,
    "min_edge_order": 5.024390243902439,
    "min_edge_weight": 0.005577474076121025,
    "n_qubits": 9,
    "total_pstrings": 155
}