{
    "avg_edge_order": 1,
    "avg_edge_weight": 0.31659206604267437,
    "avg_vertex_degree": 18.22222222222222,
    "clustering_coefficient": 0.3940297837089769,
    "edge_order_std_dev": 2.1751120506942967,
    "edge_weight_std_dev": 0.6821837499979119,
    "induced_norm": 49.07177023661452,
    "max_edge_order": 9,
    "max_edge_weight": 8.511560868035465,
    "max_vertex_degree": 25,
    "min_edge_order": 5.024390243902439,
    "min_edge_weight": 0.002887075338350642,
    "n_qubits": 9,
    "total_pstrings": 155
}