{
    "avg_edge_order": 1,
    "avg_edge_weight": 0.3378874824069671,
    "avg_vertex_degree": 18.22222222222222,
    "clustering_coefficient": 0.3940297837089769,
    "edge_order_std_dev": 2.1751120506942967,
    "edge_weight_std_dev": 0.6549706866229688,
    "induced_norm": 52.37255977307993,
    "max_edge_order": 9,
    "max_edge_weight": 8.130693875694913,
    "max_vertex_degree": 25,
    "min_edge_order": 5.024390243902439,
    "min_edge_weight": 0.0026037120982534967,
    "n_qubits": 9,
    "total_pstrings": 155
}