{
    "avg_edge_order": 1,
    "avg_edge_weight": 0.31663586644064556,
    "avg_vertex_degree": 18.22222222222222,
    "clustering_coefficient": 0.3944903086902307,
    "edge_order_std_dev": 2.1751120506942967,
    "edge_weight_std_dev": 0.6469936744450623,
    "induced_norm": 50.028466897621996,
    "max_edge_order": 9,
    "max_edge_weight": 7.925322884121802,
    "max_vertex_degree": 25,
    "min_edge_order": 5.024390243902439,
    "min_edge_weight": 0.00028453686588808536,
    "n_qubits": 9,
    "total_pstrings": 158
}