{
    "avg_edge_order": 1,
    "avg_edge_weight": 0.31089262987295363,
    "avg_vertex_degree": 18.22222222222222,
    "clustering_coefficient": 0.3944903086902307,
    "edge_order_std_dev": 2.1751120506942967,
    "edge_weight_std_dev": 0.6667809955171429,
    "induced_norm": 49.12103551992668,
    "max_edge_order": 9,
    "max_edge_weight": 8.203396696957048,
    "max_vertex_degree": 25,
    "min_edge_order": 5.024390243902439,
    "min_edge_weight": 0.0018381600999498593,
    "n_qubits": 9,
    "total_pstrings": 158
}