{
    "avg_edge_order": 1,
    "avg_edge_weight": 31.253895389717865,
    "avg_vertex_degree": 7.0,
    "clustering_coefficient": 0.40579755745685286,
    "edge_order_std_dev": 1.2649110640673518,
    "edge_weight_std_dev": 53.713561596645015,
    "induced_norm": 1437.679187927022,
    "max_edge_order": 5,
    "max_edge_weight": 379.5122586261364,
    "max_vertex_degree": 9,
    "min_edge_order": 3.0,
    "min_edge_weight": 0.11889092821589742,
    "n_qubits": 5,
    "total_pstrings": 46
}