{
    "avg_edge_order": 1,
    "avg_edge_weight": 0.3277017831121094,
    "avg_vertex_degree": 18.444444444444443,
    "clustering_coefficient": 0.3978557808856851,
    "edge_order_std_dev": 2.187004200080886,
    "edge_weight_std_dev": 0.6532506092081208,
    "induced_norm": 54.07079421349803,
    "max_edge_order": 9,
    "max_edge_weight": 7.888613212491679,
    "max_vertex_degree": 25,
    "min_edge_order": 4.9879518072289155,
    "min_edge_weight": 0.004592885192319762,
    "n_qubits": 9,
    "total_pstrings": 165
}