{
    "avg_edge_order": 1,
    "avg_edge_weight": 0.3549627521558458,
    "avg_vertex_degree": 18.444444444444443,
    "clustering_coefficient": 0.3978557808856851,
    "edge_order_std_dev": 2.187004200080886,
    "edge_weight_std_dev": 0.6439240320202176,
    "induced_norm": 58.568854105714536,
    "max_edge_order": 9,
    "max_edge_weight": 7.469697307209357,
    "max_vertex_degree": 25,
    "min_edge_order": 4.9879518072289155,
    "min_edge_weight": 0.00394413937443,
    "n_qubits": 9,
    "total_pstrings": 165
}