{
    "avg_edge_order": 1,
    "avg_edge_weight": 30.20911365548782,
    "avg_vertex_degree": 7.0,
    "clustering_coefficient": 0.40579755745685286,
    "edge_order_std_dev": 1.2649110640673518,
    "edge_weight_std_dev": 44.82572204544924,
    "induced_norm": 1389.6192281524402,
    "max_edge_order": 5,
    "max_edge_weight": 314.7460791565098,
    "max_vertex_degree": 9,
    "min_edge_order": 3.0,
    "min_edge_weight": 0.5810095903459658,
    "n_qubits": 5,
    "total_pstrings": 46
}