{
    "avg_edge_order": 1,
    "avg_edge_weight": 0.40807615732983005,
    "avg_vertex_degree": 18.444444444444443,
    "clustering_coefficient": 0.40457079097113363,
    "edge_order_std_dev": 2.187004200080886,
    "edge_weight_std_dev": 0.7353159233452559,
    "induced_norm": 73.45370831936938,
    "max_edge_order": 9,
    "max_edge_weight": 7.91028762307584,
    "max_vertex_degree": 25,
    "min_edge_order": 4.9879518072289155,
    "min_edge_weight": 0.0008988205728882592,
    "n_qubits": 9,
    "total_pstrings": 180
}