{
    "avg_edge_order": 1,
    "avg_edge_weight": 0.48880428130649517,
    "avg_vertex_degree": 19.555555555555557,
    "clustering_coefficient": 0.35053996525677567,
    "edge_order_std_dev": 2.197828332733312,
    "edge_weight_std_dev": 0.7185126821365737,
    "induced_norm": 103.13770335567045,
    "max_edge_order": 9,
    "max_edge_weight": 6.933835282882564,
    "max_vertex_degree": 28,
    "min_edge_order": 4.8522727272727275,
    "min_edge_weight": 0.0035992098109286497,
    "n_qubits": 9,
    "total_pstrings": 211
}