{
    "avg_edge_order": 1,
    "avg_edge_weight": 0.47950301285926533,
    "avg_vertex_degree": 19.555555555555557,
    "clustering_coefficient": 0.35053996525677567,
    "edge_order_std_dev": 2.197828332733312,
    "edge_weight_std_dev": 0.7222230206281388,
    "induced_norm": 101.17513571330498,
    "max_edge_order": 9,
    "max_edge_weight": 7.239231285099409,
    "max_vertex_degree": 28,
    "min_edge_order": 4.8522727272727275,
    "min_edge_weight": 0.0018734540921880871,
    "n_qubits": 9,
    "total_pstrings": 211
}