{
    "avg_edge_order": 1,
    "avg_edge_weight": 0.4845389586250973,
    "avg_vertex_degree": 19.555555555555557,
    "clustering_coefficient": 0.35053996525677567,
    "edge_order_std_dev": 2.197828332733312,
    "edge_weight_std_dev": 0.6892553347330349,
    "induced_norm": 102.23772026989553,
    "max_edge_order": 9,
    "max_edge_weight": 7.225247570749426,
    "max_vertex_degree": 28,
    "min_edge_order": 4.8522727272727275,
    "min_edge_weight": 0.0028401048480303226,
    "n_qubits": 9,
    "total_pstrings": 211
}