{
    "avg_edge_order": 1,
    "avg_edge_weight": 0.47511899491664294,
    "avg_vertex_degree": 19.555555555555557,
    "clustering_coefficient": 0.35053996525677567,
    "edge_order_std_dev": 2.197828332733312,
    "edge_weight_std_dev": 0.7423613127441947,
    "induced_norm": 100.25010792741168,
    "max_edge_order": 9,
    "max_edge_weight": 8.141950704522387,
    "max_vertex_degree": 28,
    "min_edge_order": 4.8522727272727275,
    "min_edge_weight": 2.0217375004343008e-05,
    "n_qubits": 9,
    "total_pstrings": 211
}