{
    "avg_edge_order": 1,
    "avg_edge_weight": 33.76662855255018,
    "avg_vertex_degree": 7.0,
    "clustering_coefficient": 0.40579755745685286,
    "edge_order_std_dev": 1.2649110640673518,
    "edge_weight_std_dev": 56.960199910910944,
    "induced_norm": 1553.2649134173087,
    "max_edge_order": 5,
    "max_edge_weight": 406.21310514782783,
    "max_vertex_degree": 9,
    "min_edge_order": 3.0,
    "min_edge_weight": 0.6567597600646402,
    "n_qubits": 5,
    "total_pstrings": 46
}