{
    "avg_edge_order": 1,
    "avg_edge_weight": 0.28094079956332496,
    "avg_vertex_degree": 21.9,
    "clustering_coefficient": 0.3880373923722996,
    "edge_order_std_dev": 2.40495828597718,
    "edge_weight_std_dev": 0.6907849806031211,
    "induced_norm": 53.659692716595096,
    "max_edge_order": 10,
    "max_edge_weight": 9.578529624648342,
    "max_vertex_degree": 30,
    "min_edge_order": 5.52054794520548,
    "min_edge_weight": 1.79761750870866e-05,
    "n_qubits": 10,
    "total_pstrings": 191
}