{
    "avg_edge_order": 1,
    "avg_edge_weight": 0.3251079285883239,
    "avg_vertex_degree": 21.9,
    "clustering_coefficient": 0.3880373923722996,
    "edge_order_std_dev": 2.40495828597718,
    "edge_weight_std_dev": 0.7059919948726145,
    "induced_norm": 62.095614360369865,
    "max_edge_order": 10,
    "max_edge_weight": 9.842700031029688,
    "max_vertex_degree": 30,
    "min_edge_order": 5.52054794520548,
    "min_edge_weight": 0.002594570879335456,
    "n_qubits": 10,
    "total_pstrings": 191
}