{
    "avg_edge_order": 1,
    "avg_edge_weight": 33.79662259462455,
    "avg_vertex_degree": 7.0,
    "clustering_coefficient": 0.40579755745685286,
    "edge_order_std_dev": 1.2649110640673518,
    "edge_weight_std_dev": 56.584246028837654,
    "induced_norm": 1554.6446393527294,
    "max_edge_order": 5,
    "max_edge_weight": 401.0060540979813,
    "max_vertex_degree": 9,
    "min_edge_order": 3.0,
    "min_edge_weight": 0.3119786169011789,
    "n_qubits": 5,
    "total_pstrings": 46
}