{
    "avg_edge_order": 1,
    "avg_edge_weight": 0.2973008284599133,
    "avg_vertex_degree": 21.9,
    "clustering_coefficient": 0.3880373923722996,
    "edge_order_std_dev": 2.40495828597718,
    "edge_weight_std_dev": 0.6435559909214884,
    "induced_norm": 56.78445823584344,
    "max_edge_order": 10,
    "max_edge_weight": 8.937666722830867,
    "max_vertex_degree": 30,
    "min_edge_order": 5.52054794520548,
    "min_edge_weight": 0.00012998816960674286,
    "n_qubits": 10,
    "total_pstrings": 191
}