{
    "avg_edge_order": 1,
    "avg_edge_weight": 0.29978763887781495,
    "avg_vertex_degree": 21.9,
    "clustering_coefficient": 0.3880373923722996,
    "edge_order_std_dev": 2.40495828597718,
    "edge_weight_std_dev": 0.7165409409210898,
    "induced_norm": 57.25943902566265,
    "max_edge_order": 10,
    "max_edge_weight": 9.964409063833891,
    "max_vertex_degree": 30,
    "min_edge_order": 5.52054794520548,
    "min_edge_weight": 0.0018962955882793064,
    "n_qubits": 10,
    "total_pstrings": 191
}