{
    "avg_edge_order": 1,
    "avg_edge_weight": 0.2905686871258853,
    "avg_vertex_degree": 21.9,
    "clustering_coefficient": 0.3880373923722996,
    "edge_order_std_dev": 2.40495828597718,
    "edge_weight_std_dev": 0.6452342082777613,
    "induced_norm": 55.4986192410441,
    "max_edge_order": 10,
    "max_edge_weight": 8.967199594211355,
    "max_vertex_degree": 30,
    "min_edge_order": 5.52054794520548,
    "min_edge_weight": 0.002898801745844115,
    "n_qubits": 10,
    "total_pstrings": 191
}