{
    "avg_edge_order": 1,
    "avg_edge_weight": 29.877500600926712,
    "avg_vertex_degree": 7.0,
    "clustering_coefficient": 0.40579755745685286,
    "edge_order_std_dev": 1.2649110640673518,
    "edge_weight_std_dev": 51.6984074371056,
    "induced_norm": 1374.3650276426285,
    "max_edge_order": 5,
    "max_edge_weight": 364.77750580543216,
    "max_vertex_degree": 9,
    "min_edge_order": 3.0,
    "min_edge_weight": 0.6688168075421608,
    "n_qubits": 5,
    "total_pstrings": 46
}