{
    "avg_edge_order": 1,
    "avg_edge_weight": 0.27259800434810777,
    "avg_vertex_degree": 21.9,
    "clustering_coefficient": 0.3880373923722996,
    "edge_order_std_dev": 2.40495828597718,
    "edge_weight_std_dev": 0.5813887967608318,
    "induced_norm": 52.0662188304886,
    "max_edge_order": 10,
    "max_edge_weight": 8.048188701091728,
    "max_vertex_degree": 30,
    "min_edge_order": 5.52054794520548,
    "min_edge_weight": 0.0034216363069257127,
    "n_qubits": 10,
    "total_pstrings": 191
}