{
    "avg_edge_order": 1,
    "avg_edge_weight": 33.62674128187361,
    "avg_vertex_degree": 7.0,
    "clustering_coefficient": 0.40579755745685286,
    "edge_order_std_dev": 1.2649110640673518,
    "edge_weight_std_dev": 55.38218594299744,
    "induced_norm": 1546.8300989661861,
    "max_edge_order": 5,
    "max_edge_weight": 393.6200185514512,
    "max_vertex_degree": 9,
    "min_edge_order": 3.0,
    "min_edge_weight": 0.31491486853312267,
    "n_qubits": 5,
    "total_pstrings": 46
}