{
    "avg_edge_order": 1,
    "avg_edge_weight": 0.2967835929310713,
    "avg_vertex_degree": 21.9,
    "clustering_coefficient": 0.3880373923722996,
    "edge_order_std_dev": 2.40495828597718,
    "edge_weight_std_dev": 0.6871125735344225,
    "induced_norm": 56.68566624983463,
    "max_edge_order": 10,
    "max_edge_weight": 9.482336094662454,
    "max_vertex_degree": 30,
    "min_edge_order": 5.52054794520548,
    "min_edge_weight": 0.007875144091064878,
    "n_qubits": 10,
    "total_pstrings": 191
}