{
    "avg_edge_order": 1,
    "avg_edge_weight": 31.505631271847744,
    "avg_vertex_degree": 7.0,
    "clustering_coefficient": 0.40579755745685286,
    "edge_order_std_dev": 1.2649110640673518,
    "edge_weight_std_dev": 50.863973720927575,
    "induced_norm": 1449.2590385049966,
    "max_edge_order": 5,
    "max_edge_weight": 355.5448286254981,
    "max_vertex_degree": 9,
    "min_edge_order": 3.0,
    "min_edge_weight": 1.0939843777021458,
    "n_qubits": 5,
    "total_pstrings": 46
}