{
    "avg_edge_order": 1,
    "avg_edge_weight": 0.29223654662314846,
    "avg_vertex_degree": 21.9,
    "clustering_coefficient": 0.3880373923722996,
    "edge_order_std_dev": 2.40495828597718,
    "edge_weight_std_dev": 0.6453356086948564,
    "induced_norm": 56.10941695164452,
    "max_edge_order": 10,
    "max_edge_weight": 8.918640524772616,
    "max_vertex_degree": 30,
    "min_edge_order": 5.52054794520548,
    "min_edge_weight": 0.0019393560433214607,
    "n_qubits": 10,
    "total_pstrings": 192
}