{
    "avg_edge_order": 1,
    "avg_edge_weight": 0.3017888151818356,
    "avg_vertex_degree": 21.9,
    "clustering_coefficient": 0.3880373923722996,
    "edge_order_std_dev": 2.40495828597718,
    "edge_weight_std_dev": 0.6268623176726748,
    "induced_norm": 57.94345251491244,
    "max_edge_order": 10,
    "max_edge_weight": 8.690758576400734,
    "max_vertex_degree": 30,
    "min_edge_order": 5.52054794520548,
    "min_edge_weight": 0.0016661406112694621,
    "n_qubits": 10,
    "total_pstrings": 192
}