{
    "avg_edge_order": 1,
    "avg_edge_weight": 0.294749046740921,
    "avg_vertex_degree": 21.9,
    "clustering_coefficient": 0.3880373923722996,
    "edge_order_std_dev": 2.40495828597718,
    "edge_weight_std_dev": 0.6203483156615773,
    "induced_norm": 56.59181697425685,
    "max_edge_order": 10,
    "max_edge_weight": 8.578247723512611,
    "max_vertex_degree": 30,
    "min_edge_order": 5.52054794520548,
    "min_edge_weight": 0.00011032387572518232,
    "n_qubits": 10,
    "total_pstrings": 192
}