{
    "avg_edge_order": 1,
    "avg_edge_weight": 34.35622637590073,
    "avg_vertex_degree": 7.0,
    "clustering_coefficient": 0.40579755745685286,
    "edge_order_std_dev": 1.2649110640673518,
    "edge_weight_std_dev": 51.287459686340924,
    "induced_norm": 1580.3864132914339,
    "max_edge_order": 5,
    "max_edge_weight": 362.36129172446823,
    "max_vertex_degree": 9,
    "min_edge_order": 3.0,
    "min_edge_weight": 0.4402087501596874,
    "n_qubits": 5,
    "total_pstrings": 46
}