{
    "avg_edge_order": 1,
    "avg_edge_weight": 0.30130681668137343,
    "avg_vertex_degree": 21.9,
    "clustering_coefficient": 0.3880373923722996,
    "edge_order_std_dev": 2.40495828597718,
    "edge_weight_std_dev": 0.6799720087241237,
    "induced_norm": 57.85090880282371,
    "max_edge_order": 10,
    "max_edge_weight": 9.228584178146932,
    "max_vertex_degree": 30,
    "min_edge_order": 5.52054794520548,
    "min_edge_weight": 0.0006427286755950612,
    "n_qubits": 10,
    "total_pstrings": 192
}