{
    "avg_edge_order": 1,
    "avg_edge_weight": 0.3208716426043293,
    "avg_vertex_degree": 21.9,
    "clustering_coefficient": 0.3883408666833972,
    "edge_order_std_dev": 2.40495828597718,
    "edge_weight_std_dev": 0.6694626377587357,
    "induced_norm": 62.56997030784424,
    "max_edge_order": 10,
    "max_edge_weight": 9.150536438199717,
    "max_vertex_degree": 30,
    "min_edge_order": 5.52054794520548,
    "min_edge_weight": 0.0016776586612984867,
    "n_qubits": 10,
    "total_pstrings": 195
}