{
    "avg_edge_order": 1,
    "avg_edge_weight": 0.31222646019778183,
    "avg_vertex_degree": 21.9,
    "clustering_coefficient": 0.3883408666833972,
    "edge_order_std_dev": 2.40495828597718,
    "edge_weight_std_dev": 0.7072093511756053,
    "induced_norm": 60.884159738567455,
    "max_edge_order": 10,
    "max_edge_weight": 9.745982833223405,
    "max_vertex_degree": 30,
    "min_edge_order": 5.52054794520548,
    "min_edge_weight": 0.0008724966913846166,
    "n_qubits": 10,
    "total_pstrings": 195
}