{
    "avg_edge_order": 1,
    "avg_edge_weight": 35.7322821748248,
    "avg_vertex_degree": 7.0,
    "clustering_coefficient": 0.40579755745685286,
    "edge_order_std_dev": 1.2649110640673518,
    "edge_weight_std_dev": 52.28816818905334,
    "induced_norm": 1643.6849800419411,
    "max_edge_order": 5,
    "max_edge_weight": 373.00267893775714,
    "max_vertex_degree": 9,
    "min_edge_order": 3.0,
    "min_edge_weight": 0.27218505806014903,
    "n_qubits": 5,
    "total_pstrings": 46
}