{
    "avg_edge_order": 1,
    "avg_edge_weight": 0.3150506701560986,
    "avg_vertex_degree": 21.9,
    "clustering_coefficient": 0.3883408666833972,
    "edge_order_std_dev": 2.40495828597718,
    "edge_weight_std_dev": 0.6498142957613596,
    "induced_norm": 61.43488068043922,
    "max_edge_order": 10,
    "max_edge_weight": 8.887564739273051,
    "max_vertex_degree": 30,
    "min_edge_order": 5.52054794520548,
    "min_edge_weight": 0.001315582015026684,
    "n_qubits": 10,
    "total_pstrings": 195
}