{
    "avg_edge_order": 1,
    "avg_edge_weight": 0.34371861893094957,
    "avg_vertex_degree": 22.1,
    "clustering_coefficient": 0.39054887652057013,
    "edge_order_std_dev": 2.4171537424701848,
    "edge_weight_std_dev": 0.6835248033611032,
    "induced_norm": 69.43116102405179,
    "max_edge_order": 10,
    "max_edge_weight": 9.35923878676368,
    "max_vertex_degree": 30,
    "min_edge_order": 5.48868778280543,
    "min_edge_weight": 0.0012111874239773557,
    "n_qubits": 10,
    "total_pstrings": 202
}