{
    "avg_edge_order": 1,
    "avg_edge_weight": 0.35330015553231103,
    "avg_vertex_degree": 22.1,
    "clustering_coefficient": 0.39054887652057013,
    "edge_order_std_dev": 2.4171537424701848,
    "edge_weight_std_dev": 0.6743490345677196,
    "induced_norm": 71.36663141752682,
    "max_edge_order": 10,
    "max_edge_weight": 8.879429795555726,
    "max_vertex_degree": 30,
    "min_edge_order": 5.48868778280543,
    "min_edge_weight": 0.0021930258497603883,
    "n_qubits": 10,
    "total_pstrings": 202
}