{
    "avg_edge_order": 1,
    "avg_edge_weight": 0.3839014472744668,
    "avg_vertex_degree": 22.1,
    "clustering_coefficient": 0.39498180706840097,
    "edge_order_std_dev": 2.4171537424701848,
    "edge_weight_std_dev": 0.7071303323551145,
    "induced_norm": 83.30661405855929,
    "max_edge_order": 10,
    "max_edge_weight": 9.461343364624465,
    "max_vertex_degree": 30,
    "min_edge_order": 5.48868778280543,
    "min_edge_weight": 0.007459185581536909,
    "n_qubits": 10,
    "total_pstrings": 217
}