{
    "avg_edge_order": 1,
    "avg_edge_weight": 0.39733035237545183,
    "avg_vertex_degree": 22.1,
    "clustering_coefficient": 0.39498180706840097,
    "edge_order_std_dev": 2.4171537424701848,
    "edge_weight_std_dev": 0.7441865895848009,
    "induced_norm": 86.22068646547302,
    "max_edge_order": 10,
    "max_edge_weight": 8.929616588489486,
    "max_vertex_degree": 30,
    "min_edge_order": 5.48868778280543,
    "min_edge_weight": 0.0020558756251513044,
    "n_qubits": 10,
    "total_pstrings": 217
}