{
    "avg_edge_order": 1,
    "avg_edge_weight": 0.4108747906192941,
    "avg_vertex_degree": 22.1,
    "clustering_coefficient": 0.39498180706840097,
    "edge_order_std_dev": 2.4171537424701848,
    "edge_weight_std_dev": 0.7378899049382636,
    "induced_norm": 89.15982956438683,
    "max_edge_order": 10,
    "max_edge_weight": 9.361227870031698,
    "max_vertex_degree": 30,
    "min_edge_order": 5.48868778280543,
    "min_edge_weight": 0.0040164423895880375,
    "n_qubits": 10,
    "total_pstrings": 217
}