{
    "avg_edge_order": 1,
    "avg_edge_weight": 0.3866895062040823,
    "avg_vertex_degree": 22.1,
    "clustering_coefficient": 0.39498180706840097,
    "edge_order_std_dev": 2.4171537424701848,
    "edge_weight_std_dev": 0.6675112532990198,
    "induced_norm": 83.91162284628587,
    "max_edge_order": 10,
    "max_edge_weight": 8.936039741332628,
    "max_vertex_degree": 30,
    "min_edge_order": 5.48868778280543,
    "min_edge_weight": 0.0018579238596030945,
    "n_qubits": 10,
    "total_pstrings": 217
}