{
    "avg_edge_order": 1,
    "avg_edge_weight": 34.8628393711185,
    "avg_vertex_degree": 7.0,
    "clustering_coefficient": 0.40579755745685286,
    "edge_order_std_dev": 1.2649110640673518,
    "edge_weight_std_dev": 55.61222026054605,
    "induced_norm": 1603.6906110714506,
    "max_edge_order": 5,
    "max_edge_weight": 393.9879106489685,
    "max_vertex_degree": 9,
    "min_edge_order": 3.0,
    "min_edge_weight": 0.4831802782333625,
    "n_qubits": 5,
    "total_pstrings": 46
}