{
    "avg_edge_order": 1,
    "avg_edge_weight": 0.4071524594224996,
    "avg_vertex_degree": 22.1,
    "clustering_coefficient": 0.39498180706840097,
    "edge_order_std_dev": 2.4171537424701848,
    "edge_weight_std_dev": 0.7569016935213903,
    "induced_norm": 88.35208369468239,
    "max_edge_order": 10,
    "max_edge_weight": 10.081580429920386,
    "max_vertex_degree": 30,
    "min_edge_order": 5.48868778280543,
    "min_edge_weight": 0.00262020433554927,
    "n_qubits": 10,
    "total_pstrings": 217
}