{
    "avg_edge_order": 1,
    "avg_edge_weight": 0.39399455461000693,
    "avg_vertex_degree": 22.1,
    "clustering_coefficient": 0.39498180706840097,
    "edge_order_std_dev": 2.4171537424701848,
    "edge_weight_std_dev": 0.726443804455525,
    "induced_norm": 85.49681835037153,
    "max_edge_order": 10,
    "max_edge_weight": 9.179145219572861,
    "max_vertex_degree": 30,
    "min_edge_order": 5.48868778280543,
    "min_edge_weight": 0.0006372221156891178,
    "n_qubits": 10,
    "total_pstrings": 217
}