{
    "avg_edge_order": 1,
    "avg_edge_weight": 0.37130045469182393,
    "avg_vertex_degree": 22.1,
    "clustering_coefficient": 0.39498180706840097,
    "edge_order_std_dev": 2.4171537424701848,
    "edge_weight_std_dev": 0.6785507016256576,
    "induced_norm": 80.57219866812576,
    "max_edge_order": 10,
    "max_edge_weight": 9.074946875306757,
    "max_vertex_degree": 30,
    "min_edge_order": 5.48868778280543,
    "min_edge_weight": 0.0010162636195191754,
    "n_qubits": 10,
    "total_pstrings": 217
}