{
    "avg_edge_order": 1,
    "avg_edge_weight": 0.38543924924223616,
    "avg_vertex_degree": 22.1,
    "clustering_coefficient": 0.39498180706840097,
    "edge_order_std_dev": 2.4171537424701848,
    "edge_weight_std_dev": 0.7097673403402943,
    "induced_norm": 83.64031708556529,
    "max_edge_order": 10,
    "max_edge_weight": 9.079788783265535,
    "max_vertex_degree": 30,
    "min_edge_order": 5.48868778280543,
    "min_edge_weight": 0.00030587507331208963,
    "n_qubits": 10,
    "total_pstrings": 217
}