{
    "avg_edge_order": 1,
    "avg_edge_weight": 0.4617881362159888,
    "avg_vertex_degree": 23.1,
    "clustering_coefficient": 0.35899274973867457,
    "edge_order_std_dev": 2.4383786976110584,
    "edge_weight_std_dev": 0.7171665705814577,
    "induced_norm": 114.52345778156521,
    "max_edge_order": 10,
    "max_edge_weight": 8.704059472340534,
    "max_vertex_degree": 32,
    "min_edge_order": 5.363636363636363,
    "min_edge_weight": 0.0006317206796903063,
    "n_qubits": 10,
    "total_pstrings": 248
}