{
    "avg_edge_order": 1,
    "avg_edge_weight": 0.48056640151619334,
    "avg_vertex_degree": 23.1,
    "clustering_coefficient": 0.35899274973867457,
    "edge_order_std_dev": 2.4383786976110584,
    "edge_weight_std_dev": 0.7454224363472569,
    "induced_norm": 119.18046757601599,
    "max_edge_order": 10,
    "max_edge_weight": 9.2446500100303,
    "max_vertex_degree": 32,
    "min_edge_order": 5.363636363636363,
    "min_edge_weight": 0.003952375557687959,
    "n_qubits": 10,
    "total_pstrings": 248
}