{
    "avg_edge_order": 1,
    "avg_edge_weight": 0.45608073737987476,
    "avg_vertex_degree": 23.1,
    "clustering_coefficient": 0.35899274973867457,
    "edge_order_std_dev": 2.4383786976110584,
    "edge_weight_std_dev": 0.7178313540225864,
    "induced_norm": 113.10802287020896,
    "max_edge_order": 10,
    "max_edge_weight": 8.876390522594289,
    "max_vertex_degree": 32,
    "min_edge_order": 5.363636363636363,
    "min_edge_weight": 0.012036815317462923,
    "n_qubits": 10,
    "total_pstrings": 248
}