{
    "avg_edge_order": 1,
    "avg_edge_weight": 0.4618213488843666,
    "avg_vertex_degree": 23.1,
    "clustering_coefficient": 0.35899274973867457,
    "edge_order_std_dev": 2.4383786976110584,
    "edge_weight_std_dev": 0.78580721094159,
    "induced_norm": 114.53169452332293,
    "max_edge_order": 10,
    "max_edge_weight": 9.51527171060053,
    "max_vertex_degree": 32,
    "min_edge_order": 5.363636363636363,
    "min_edge_weight": 0.000517480754499644,
    "n_qubits": 10,
    "total_pstrings": 248
}