{
    "avg_edge_order": 1,
    "avg_edge_weight": 0.4530338149893171,
    "avg_vertex_degree": 23.1,
    "clustering_coefficient": 0.35899274973867457,
    "edge_order_std_dev": 2.4383786976110584,
    "edge_weight_std_dev": 0.7452406920923377,
    "induced_norm": 112.35238611735062,
    "max_edge_order": 10,
    "max_edge_weight": 8.635972712831604,
    "max_vertex_degree": 32,
    "min_edge_order": 5.363636363636363,
    "min_edge_weight": 0.00015063550298910489,
    "n_qubits": 10,
    "total_pstrings": 248
}