{
    "avg_edge_order": 1,
    "avg_edge_weight": 0.47958486266853073,
    "avg_vertex_degree": 23.1,
    "clustering_coefficient": 0.35899274973867457,
    "edge_order_std_dev": 2.4383786976110584,
    "edge_weight_std_dev": 0.7772276003230049,
    "induced_norm": 118.93704594179562,
    "max_edge_order": 10,
    "max_edge_weight": 10.046051774556124,
    "max_vertex_degree": 32,
    "min_edge_order": 5.363636363636363,
    "min_edge_weight": 0.0012228052514863252,
    "n_qubits": 10,
    "total_pstrings": 248
}