{
    "avg_edge_order": 1,
    "avg_edge_weight": 0.4664556862872412,
    "avg_vertex_degree": 23.1,
    "clustering_coefficient": 0.35899274973867457,
    "edge_order_std_dev": 2.4383786976110584,
    "edge_weight_std_dev": 0.7499127517147708,
    "induced_norm": 115.68101019923583,
    "max_edge_order": 10,
    "max_edge_weight": 9.24567066035722,
    "max_vertex_degree": 32,
    "min_edge_order": 5.363636363636363,
    "min_edge_weight": 0.002228808824211559,
    "n_qubits": 10,
    "total_pstrings": 248
}