{
    "avg_edge_order": 1,
    "avg_edge_weight": 0.595780251934411,
    "avg_vertex_degree": 23.1,
    "clustering_coefficient": 0.27418928069300574,
    "edge_order_std_dev": 2.4383786976110584,
    "edge_weight_std_dev": 0.7915360948967874,
    "induced_norm": 185.28765835160186,
    "max_edge_order": 10,
    "max_edge_weight": 9.134530947435987,
    "max_vertex_degree": 32,
    "min_edge_order": 5.363636363636363,
    "min_edge_weight": 0.0012342898683986858,
    "n_qubits": 10,
    "total_pstrings": 311
}