{
    "avg_edge_order": 1,
    "avg_edge_weight": 0.5805581533326474,
    "avg_vertex_degree": 23.1,
    "clustering_coefficient": 0.27418928069300574,
    "edge_order_std_dev": 2.4383786976110584,
    "edge_weight_std_dev": 0.8040228300179159,
    "induced_norm": 180.5535856864533,
    "max_edge_order": 10,
    "max_edge_weight": 9.502161999606471,
    "max_vertex_degree": 32,
    "min_edge_order": 5.363636363636363,
    "min_edge_weight": 0.0013876632364729913,
    "n_qubits": 10,
    "total_pstrings": 311
}