{
    "avg_edge_order": 1,
    "avg_edge_weight": 0.5991173103018983,
    "avg_vertex_degree": 23.1,
    "clustering_coefficient": 0.27418928069300574,
    "edge_order_std_dev": 2.4383786976110584,
    "edge_weight_std_dev": 0.849056570757787,
    "induced_norm": 186.32548350389044,
    "max_edge_order": 10,
    "max_edge_weight": 9.794177654574845,
    "max_vertex_degree": 32,
    "min_edge_order": 5.363636363636363,
    "min_edge_weight": 0.001755440297056432,
    "n_qubits": 10,
    "total_pstrings": 311
}