{
    "avg_edge_order": 1,
    "avg_edge_weight": 34.515277744585525,
    "avg_vertex_degree": 7.0,
    "clustering_coefficient": 0.40579755745685286,
    "edge_order_std_dev": 1.2649110640673518,
    "edge_weight_std_dev": 55.374351602284044,
    "induced_norm": 1587.7027762509342,
    "max_edge_order": 5,
    "max_edge_weight": 391.35976086893714,
    "max_vertex_degree": 9,
    "min_edge_order": 3.0,
    "min_edge_weight": 0.23881056214518637,
    "n_qubits": 5,
    "total_pstrings": 46
}