{
    "avg_edge_order": 1,
    "avg_edge_weight": 35.81165011912708,
    "avg_vertex_degree": 7.0,
    "clustering_coefficient": 0.40579755745685286,
    "edge_order_std_dev": 1.2649110640673518,
    "edge_weight_std_dev": 60.83688394340204,
    "induced_norm": 1647.335905479846,
    "max_edge_order": 5,
    "max_edge_weight": 420.55686335388214,
    "max_vertex_degree": 9,
    "min_edge_order": 3.0,
    "min_edge_weight": 0.802505433556655,
    "n_qubits": 5,
    "total_pstrings": 46
}