{
    "avg_edge_order": 1,
    "avg_edge_weight": 0.30104272255547143,
    "avg_vertex_degree": 25.90909090909091,
    "clustering_coefficient": 0.375987353986155,
    "edge_order_std_dev": 2.6337301149228964,
    "edge_weight_std_dev": 0.6946655079802981,
    "induced_norm": 69.8419116328694,
    "max_edge_order": 11,
    "max_edge_weight": 10.634674280078215,
    "max_vertex_degree": 36,
    "min_edge_order": 6.017543859649122,
    "min_edge_weight": 0.005405584757141146,
    "n_qubits": 11,
    "total_pstrings": 232
}