{
    "avg_edge_order": 1,
    "avg_edge_weight": 31.67574862493668,
    "avg_vertex_degree": 7.0,
    "clustering_coefficient": 0.40579755745685286,
    "edge_order_std_dev": 1.2649110640673518,
    "edge_weight_std_dev": 49.625170674770104,
    "induced_norm": 1457.0844367470872,
    "max_edge_order": 5,
    "max_edge_weight": 338.9607768702205,
    "max_vertex_degree": 9,
    "min_edge_order": 3.0,
    "min_edge_weight": 0.7012770567034927,
    "n_qubits": 5,
    "total_pstrings": 46
}