{
    "avg_edge_order": 1,
    "avg_edge_weight": 0.28884103264947514,
    "avg_vertex_degree": 25.90909090909091,
    "clustering_coefficient": 0.375987353986155,
    "edge_order_std_dev": 2.6337301149228964,
    "edge_weight_std_dev": 0.6562783059423752,
    "induced_norm": 67.01111957467825,
    "max_edge_order": 11,
    "max_edge_weight": 10.019182789374316,
    "max_vertex_degree": 36,
    "min_edge_order": 6.017543859649122,
    "min_edge_weight": 0.002106189744721876,
    "n_qubits": 11,
    "total_pstrings": 232
}