{
    "avg_edge_order": 1,
    "avg_edge_weight": 33.15324721177682,
    "avg_vertex_degree": 7.0,
    "clustering_coefficient": 0.40579755745685286,
    "edge_order_std_dev": 1.2649110640673518,
    "edge_weight_std_dev": 48.92922719259583,
    "induced_norm": 1525.0493717417344,
    "max_edge_order": 5,
    "max_edge_weight": 340.0745860283997,
    "max_vertex_degree": 9,
    "min_edge_order": 3.0,
    "min_edge_weight": 0.19622634084692225,
    "n_qubits": 5,
    "total_pstrings": 46
}