{
    "avg_edge_order": 1,
    "avg_edge_weight": 0.293808455199143,
    "avg_vertex_degree": 25.90909090909091,
    "clustering_coefficient": 0.375987353986155,
    "edge_order_std_dev": 2.6337301149228964,
    "edge_weight_std_dev": 0.7015931825042973,
    "induced_norm": 68.16356160620117,
    "max_edge_order": 11,
    "max_edge_weight": 10.720743427111348,
    "max_vertex_degree": 36,
    "min_edge_order": 6.017543859649122,
    "min_edge_weight": 0.0016191553748901577,
    "n_qubits": 11,
    "total_pstrings": 232
}