{
    "avg_edge_order": 1,
    "avg_edge_weight": 0.2895249106193839,
    "avg_vertex_degree": 25.90909090909091,
    "clustering_coefficient": 0.375987353986155,
    "edge_order_std_dev": 2.6337301149228964,
    "edge_weight_std_dev": 0.6779388872222519,
    "induced_norm": 67.16977926369707,
    "max_edge_order": 11,
    "max_edge_weight": 10.349924150403744,
    "max_vertex_degree": 36,
    "min_edge_order": 6.017543859649122,
    "min_edge_weight": 0.0019821010095950053,
    "n_qubits": 11,
    "total_pstrings": 232
}