{
    "avg_edge_order": 1,
    "avg_edge_weight": 33.45937442820247,
    "avg_vertex_degree": 7.0,
    "clustering_coefficient": 0.40579755745685286,
    "edge_order_std_dev": 1.2649110640673518,
    "edge_weight_std_dev": 50.33075304466054,
    "induced_norm": 1539.1312236973142,
    "max_edge_order": 5,
    "max_edge_weight": 354.89537681868916,
    "max_vertex_degree": 9,
    "min_edge_order": 3.0,
    "min_edge_weight": 0.17739835549922534,
    "n_qubits": 5,
    "total_pstrings": 46
}