{
    "avg_edge_order": 1,
    "avg_edge_weight": 0.31433216172201117,
    "avg_vertex_degree": 25.90909090909091,
    "clustering_coefficient": 0.375987353986155,
    "edge_order_std_dev": 2.6337301149228964,
    "edge_weight_std_dev": 0.6909808610192241,
    "induced_norm": 73.23939368122862,
    "max_edge_order": 11,
    "max_edge_weight": 10.338883443180059,
    "max_vertex_degree": 36,
    "min_edge_order": 6.017543859649122,
    "min_edge_weight": 0.0006874398181455632,
    "n_qubits": 11,
    "total_pstrings": 233
}