{
    "avg_edge_order": 1,
    "avg_edge_weight": 0.3035702454264608,
    "avg_vertex_degree": 25.90909090909091,
    "clustering_coefficient": 0.375987353986155,
    "edge_order_std_dev": 2.6337301149228964,
    "edge_weight_std_dev": 0.6876248945902221,
    "induced_norm": 70.7318671843654,
    "max_edge_order": 11,
    "max_edge_weight": 10.430341222991238,
    "max_vertex_degree": 36,
    "min_edge_order": 6.017543859649122,
    "min_edge_weight": 0.007373443486140052,
    "n_qubits": 11,
    "total_pstrings": 233
}