{
    "avg_edge_order": 1,
    "avg_edge_weight": 0.2951823862772927,
    "avg_vertex_degree": 25.90909090909091,
    "clustering_coefficient": 0.375987353986155,
    "edge_order_std_dev": 2.6337301149228964,
    "edge_weight_std_dev": 0.6288787426909759,
    "induced_norm": 68.77749600260918,
    "max_edge_order": 11,
    "max_edge_weight": 9.417597624352023,
    "max_vertex_degree": 36,
    "min_edge_order": 6.017543859649122,
    "min_edge_weight": 0.0004198286171995247,
    "n_qubits": 11,
    "total_pstrings": 233
}