{
    "avg_edge_order": 1,
    "avg_edge_weight": 0.29322916807371663,
    "avg_vertex_degree": 25.90909090909091,
    "clustering_coefficient": 0.375987353986155,
    "edge_order_std_dev": 2.6337301149228964,
    "edge_weight_std_dev": 0.7118135675166375,
    "induced_norm": 68.32239616117594,
    "max_edge_order": 11,
    "max_edge_weight": 10.774702299718243,
    "max_vertex_degree": 36,
    "min_edge_order": 6.017543859649122,
    "min_edge_weight": 0.002236969806709288,
    "n_qubits": 11,
    "total_pstrings": 233
}