{
    "avg_edge_order": 1,
    "avg_edge_weight": 34.063722495480185,
    "avg_vertex_degree": 7.0,
    "clustering_coefficient": 0.40579755745685286,
    "edge_order_std_dev": 1.2649110640673518,
    "edge_weight_std_dev": 54.89362813443626,
    "induced_norm": 1566.9312347920888,
    "max_edge_order": 5,
    "max_edge_weight": 385.4083213812256,
    "max_vertex_degree": 9,
    "min_edge_order": 3.0,
    "min_edge_weight": 3.1348181962737303,
    "n_qubits": 5,
    "total_pstrings": 46
}