{
    "avg_edge_order": 1,
    "avg_edge_weight": 0.3134728678462141,
    "avg_vertex_degree": 25.90909090909091,
    "clustering_coefficient": 0.37619159159346666,
    "edge_order_std_dev": 2.6337301149228964,
    "edge_weight_std_dev": 0.7231515161792939,
    "induced_norm": 73.97959681170651,
    "max_edge_order": 11,
    "max_edge_weight": 10.899721228166877,
    "max_vertex_degree": 36,
    "min_edge_order": 6.017543859649122,
    "min_edge_weight": 0.0028573661380821846,
    "n_qubits": 11,
    "total_pstrings": 236
}