{
    "avg_edge_order": 1,
    "avg_edge_weight": 0.3091392557438204,
    "avg_vertex_degree": 25.90909090909091,
    "clustering_coefficient": 0.37619159159346666,
    "edge_order_std_dev": 2.6337301149228964,
    "edge_weight_std_dev": 0.6856543605144464,
    "induced_norm": 72.95686435554158,
    "max_edge_order": 11,
    "max_edge_weight": 10.278966099297726,
    "max_vertex_degree": 36,
    "min_edge_order": 6.017543859649122,
    "min_edge_weight": 0.0033296879198547735,
    "n_qubits": 11,
    "total_pstrings": 236
}