{
    "avg_edge_order": 1,
    "avg_edge_weight": 0.30321479821430747,
    "avg_vertex_degree": 25.90909090909091,
    "clustering_coefficient": 0.37619159159346666,
    "edge_order_std_dev": 2.6337301149228964,
    "edge_weight_std_dev": 0.6456260130629591,
    "induced_norm": 71.5586923785766,
    "max_edge_order": 11,
    "max_edge_weight": 9.741808810502766,
    "max_vertex_degree": 36,
    "min_edge_order": 6.017543859649122,
    "min_edge_weight": 0.0013509237078507264,
    "n_qubits": 11,
    "total_pstrings": 236
}