{
    "avg_edge_order": 1,
    "avg_edge_weight": 0.307344787673473,
    "avg_vertex_degree": 25.90909090909091,
    "clustering_coefficient": 0.37619159159346666,
    "edge_order_std_dev": 2.6337301149228964,
    "edge_weight_std_dev": 0.6881858643732286,
    "induced_norm": 72.53336989093967,
    "max_edge_order": 11,
    "max_edge_weight": 10.305918414112092,
    "max_vertex_degree": 36,
    "min_edge_order": 6.017543859649122,
    "min_edge_weight": 0.00011182013490879106,
    "n_qubits": 11,
    "total_pstrings": 236
}