{
    "avg_edge_order": 1,
    "avg_edge_weight": 0.31783450619944287,
    "avg_vertex_degree": 25.90909090909091,
    "clustering_coefficient": 0.37619159159346666,
    "edge_order_std_dev": 2.6337301149228964,
    "edge_weight_std_dev": 0.7190639935720224,
    "induced_norm": 75.00894346306853,
    "max_edge_order": 11,
    "max_edge_weight": 10.893391077929993,
    "max_vertex_degree": 36,
    "min_edge_order": 6.017543859649122,
    "min_edge_weight": 0.0037270878590707213,
    "n_qubits": 11,
    "total_pstrings": 236
}