{
    "avg_edge_order": 1,
    "avg_edge_weight": 0.31400575854446877,
    "avg_vertex_degree": 26.09090909090909,
    "clustering_coefficient": 0.37767301281756926,
    "edge_order_std_dev": 2.6457306619518697,
    "edge_weight_std_dev": 0.661337635147639,
    "induced_norm": 76.30339932630594,
    "max_edge_order": 11,
    "max_edge_weight": 9.709949773940881,
    "max_vertex_degree": 36,
    "min_edge_order": 5.989547038327526,
    "min_edge_weight": 1.4542742258205621e-05,
    "n_qubits": 11,
    "total_pstrings": 243
}