{
    "avg_edge_order": 1,
    "avg_edge_weight": 0.33477076876013634,
    "avg_vertex_degree": 26.09090909090909,
    "clustering_coefficient": 0.37767301281756926,
    "edge_order_std_dev": 2.6457306619518697,
    "edge_weight_std_dev": 0.6624174608389855,
    "induced_norm": 81.34929680871319,
    "max_edge_order": 11,
    "max_edge_weight": 9.592001091612195,
    "max_vertex_degree": 36,
    "min_edge_order": 5.989547038327526,
    "min_edge_weight": 0.0007503148155520445,
    "n_qubits": 11,
    "total_pstrings": 243
}