{
    "avg_edge_order": 1,
    "avg_edge_weight": 0.3362802479976988,
    "avg_vertex_degree": 26.09090909090909,
    "clustering_coefficient": 0.37767301281756926,
    "edge_order_std_dev": 2.6457306619518697,
    "edge_weight_std_dev": 0.679458985495269,
    "induced_norm": 81.71610026344082,
    "max_edge_order": 11,
    "max_edge_weight": 10.047416331500035,
    "max_vertex_degree": 36,
    "min_edge_order": 5.989547038327526,
    "min_edge_weight": 0.00019198041670392962,
    "n_qubits": 11,
    "total_pstrings": 243
}