{
    "avg_edge_order": 1,
    "avg_edge_weight": 31.253458151852943,
    "avg_vertex_degree": 7.0,
    "clustering_coefficient": 0.40579755745685286,
    "edge_order_std_dev": 1.2649110640673518,
    "edge_weight_std_dev": 47.10222504511961,
    "induced_norm": 1437.6590749852355,
    "max_edge_order": 5,
    "max_edge_weight": 321.6741465788798,
    "max_vertex_degree": 9,
    "min_edge_order": 3.0,
    "min_edge_weight": 1.0791088695419049,
    "n_qubits": 5,
    "total_pstrings": 46
}