{
    "avg_edge_order": 1,
    "avg_edge_weight": 0.3621699515507001,
    "avg_vertex_degree": 26.09090909090909,
    "clustering_coefficient": 0.38066306858685794,
    "edge_order_std_dev": 2.6457306619518697,
    "edge_weight_std_dev": 0.7171388655384953,
    "induced_norm": 93.43984750008069,
    "max_edge_order": 11,
    "max_edge_weight": 9.971545479823511,
    "max_vertex_degree": 36,
    "min_edge_order": 5.989547038327526,
    "min_edge_weight": 0.003803941274689082,
    "n_qubits": 11,
    "total_pstrings": 258
}