{
    "avg_edge_order": 1,
    "avg_edge_weight": 0.36730365840706486,
    "avg_vertex_degree": 26.09090909090909,
    "clustering_coefficient": 0.38066306858685794,
    "edge_order_std_dev": 2.6457306619518697,
    "edge_weight_std_dev": 0.7336925550610046,
    "induced_norm": 94.76434386902278,
    "max_edge_order": 11,
    "max_edge_weight": 10.68255531311449,
    "max_vertex_degree": 36,
    "min_edge_order": 5.989547038327526,
    "min_edge_weight": 0.00038494851420395326,
    "n_qubits": 11,
    "total_pstrings": 258
}