{
    "avg_edge_order": 1,
    "avg_edge_weight": 0.38789107281289215,
    "avg_vertex_degree": 26.09090909090909,
    "clustering_coefficient": 0.38066306858685794,
    "edge_order_std_dev": 2.6457306619518697,
    "edge_weight_std_dev": 0.816498902809207,
    "induced_norm": 100.07589678572612,
    "max_edge_order": 11,
    "max_edge_weight": 11.414520958658107,
    "max_vertex_degree": 36,
    "min_edge_order": 5.989547038327526,
    "min_edge_weight": 9.65574918132539e-06,
    "n_qubits": 11,
    "total_pstrings": 258
}