{
    "avg_edge_order": 1,
    "avg_edge_weight": 0.3775497899150027,
    "avg_vertex_degree": 26.09090909090909,
    "clustering_coefficient": 0.38066306858685794,
    "edge_order_std_dev": 2.6457306619518697,
    "edge_weight_std_dev": 0.8124992649447869,
    "induced_norm": 97.40784579807074,
    "max_edge_order": 11,
    "max_edge_weight": 11.446178267803003,
    "max_vertex_degree": 36,
    "min_edge_order": 5.989547038327526,
    "min_edge_weight": 0.0010133730598980706,
    "n_qubits": 11,
    "total_pstrings": 258
}