{
    "avg_edge_order": 1,
    "avg_edge_weight": 0.44988657567785306,
    "avg_vertex_degree": 27.0,
    "clustering_coefficient": 0.3714919876552784,
    "edge_order_std_dev": 2.673218323170642,
    "edge_weight_std_dev": 0.7795900235542178,
    "induced_norm": 130.0172203708995,
    "max_edge_order": 11,
    "max_edge_weight": 11.137108004077819,
    "max_vertex_degree": 36,
    "min_edge_order": 5.875420875420875,
    "min_edge_weight": 0.0019940716177809237,
    "n_qubits": 11,
    "total_pstrings": 289
}