{
    "avg_edge_order": 1,
    "avg_edge_weight": 0.45325019111037673,
    "avg_vertex_degree": 27.0,
    "clustering_coefficient": 0.3714919876552784,
    "edge_order_std_dev": 2.673218323170642,
    "edge_weight_std_dev": 0.7608571775135995,
    "induced_norm": 130.98930523089885,
    "max_edge_order": 11,
    "max_edge_weight": 10.569492771555272,
    "max_vertex_degree": 36,
    "min_edge_order": 5.875420875420875,
    "min_edge_weight": 0.0039642169605065836,
    "n_qubits": 11,
    "total_pstrings": 289
}