{
    "avg_edge_order": 1,
    "avg_edge_weight": 0.4541550264245106,
    "avg_vertex_degree": 27.0,
    "clustering_coefficient": 0.3714919876552784,
    "edge_order_std_dev": 2.673218323170642,
    "edge_weight_std_dev": 0.7804419634888133,
    "induced_norm": 131.2508026366836,
    "max_edge_order": 11,
    "max_edge_weight": 10.356817792799909,
    "max_vertex_degree": 36,
    "min_edge_order": 5.875420875420875,
    "min_edge_weight": 0.0002317179001059544,
    "n_qubits": 11,
    "total_pstrings": 289
}