{
    "avg_edge_order": 1,
    "avg_edge_weight": 0.45955694284365683,
    "avg_vertex_degree": 27.0,
    "clustering_coefficient": 0.3714919876552784,
    "edge_order_std_dev": 2.673218323170642,
    "edge_weight_std_dev": 0.8071765162502473,
    "induced_norm": 132.81195648181688,
    "max_edge_order": 11,
    "max_edge_weight": 11.089579998746482,
    "max_vertex_degree": 36,
    "min_edge_order": 5.875420875420875,
    "min_edge_weight": 0.0022902686312335496,
    "n_qubits": 11,
    "total_pstrings": 289
}