{
    "avg_edge_order": 1,
    "avg_edge_weight": 0.4377273447774014,
    "avg_vertex_degree": 27.0,
    "clustering_coefficient": 0.3714919876552784,
    "edge_order_std_dev": 2.673218323170642,
    "edge_weight_std_dev": 0.7345376405448079,
    "induced_norm": 126.50320264066899,
    "max_edge_order": 11,
    "max_edge_weight": 10.284501510682297,
    "max_vertex_degree": 36,
    "min_edge_order": 5.875420875420875,
    "min_edge_weight": 0.0010620116518166856,
    "n_qubits": 11,
    "total_pstrings": 289
}