{
    "avg_edge_order": 1,
    "avg_edge_weight": 0.5431729508518403,
    "avg_vertex_degree": 27.0,
    "clustering_coefficient": 0.2868313456938465,
    "edge_order_std_dev": 2.673218323170642,
    "edge_weight_std_dev": 0.7677753644150668,
    "induced_norm": 191.1968786998478,
    "max_edge_order": 11,
    "max_edge_weight": 10.245109478686741,
    "max_vertex_degree": 36,
    "min_edge_order": 5.875420875420875,
    "min_edge_weight": 0.00010756133117234556,
    "n_qubits": 11,
    "total_pstrings": 352
}