{
    "avg_edge_order": 1,
    "avg_edge_weight": 0.5598362586518033,
    "avg_vertex_degree": 27.0,
    "clustering_coefficient": 0.2868313456938465,
    "edge_order_std_dev": 2.673218323170642,
    "edge_weight_std_dev": 0.8447108299157504,
    "induced_norm": 197.0623630454348,
    "max_edge_order": 11,
    "max_edge_weight": 11.008473167676694,
    "max_vertex_degree": 36,
    "min_edge_order": 5.875420875420875,
    "min_edge_weight": 0.0003966701852171628,
    "n_qubits": 11,
    "total_pstrings": 352
}