{
    "avg_edge_order": 1,
    "avg_edge_weight": 0.29556300709395705,
    "avg_vertex_degree": 30.25,
    "clustering_coefficient": 0.3716945697721364,
    "edge_order_std_dev": 2.861671604321946,
    "edge_weight_std_dev": 0.6819764175631715,
    "induced_norm": 81.87095296502606,
    "max_edge_order": 12,
    "max_edge_weight": 11.348942657919972,
    "max_vertex_degree": 42,
    "min_edge_order": 6.515151515151516,
    "min_edge_weight": 0.0017303295875589209,
    "n_qubits": 12,
    "total_pstrings": 277
}