{
    "avg_edge_order": 1,
    "avg_edge_weight": 0.2980150124703378,
    "avg_vertex_degree": 30.25,
    "clustering_coefficient": 0.3716945697721364,
    "edge_order_std_dev": 2.861671604321946,
    "edge_weight_std_dev": 0.6874581102351008,
    "induced_norm": 82.55015845428355,
    "max_edge_order": 12,
    "max_edge_weight": 11.458251195921932,
    "max_vertex_degree": 42,
    "min_edge_order": 6.515151515151516,
    "min_edge_weight": 3.4423397363703145e-06,
    "n_qubits": 12,
    "total_pstrings": 277
}