{
    "avg_edge_order": 1,
    "avg_edge_weight": 0.28825180937474143,
    "avg_vertex_degree": 30.25,
    "clustering_coefficient": 0.3716945697721364,
    "edge_order_std_dev": 2.861671604321946,
    "edge_weight_std_dev": 0.6572298810855316,
    "induced_norm": 79.84575119680339,
    "max_edge_order": 12,
    "max_edge_weight": 10.967790566931711,
    "max_vertex_degree": 42,
    "min_edge_order": 6.515151515151516,
    "min_edge_weight": 0.002021741011739908,
    "n_qubits": 12,
    "total_pstrings": 277
}