{
    "avg_edge_order": 1,
    "avg_edge_weight": 0.30940000117904365,
    "avg_vertex_degree": 30.25,
    "clustering_coefficient": 0.3716945697721364,
    "edge_order_std_dev": 2.861671604321946,
    "edge_weight_std_dev": 0.7796048616936009,
    "induced_norm": 85.70380032659513,
    "max_edge_order": 12,
    "max_edge_weight": 13.015482439467178,
    "max_vertex_degree": 42,
    "min_edge_order": 6.515151515151516,
    "min_edge_weight": 0.00030690040806091723,
    "n_qubits": 12,
    "total_pstrings": 277
}