{
    "avg_edge_order": 1,
    "avg_edge_weight": 0.28974004586942576,
    "avg_vertex_degree": 30.25,
    "clustering_coefficient": 0.3716945697721364,
    "edge_order_std_dev": 2.861671604321946,
    "edge_weight_std_dev": 0.7089041495985087,
    "induced_norm": 80.257992705831,
    "max_edge_order": 12,
    "max_edge_weight": 11.798411295875683,
    "max_vertex_degree": 42,
    "min_edge_order": 6.515151515151516,
    "min_edge_weight": 0.00030009431186622804,
    "n_qubits": 12,
    "total_pstrings": 277
}