{
    "avg_edge_order": 1,
    "avg_edge_weight": 0.3028127601831627,
    "avg_vertex_degree": 30.25,
    "clustering_coefficient": 0.3716945697721364,
    "edge_order_std_dev": 2.861671604321946,
    "edge_weight_std_dev": 0.7204032451002697,
    "induced_norm": 83.87913457073603,
    "max_edge_order": 12,
    "max_edge_weight": 12.020176033321913,
    "max_vertex_degree": 42,
    "min_edge_order": 6.515151515151516,
    "min_edge_weight": 0.003550870362930225,
    "n_qubits": 12,
    "total_pstrings": 277
}