{
    "avg_edge_order": 1,
    "avg_edge_weight": 0.2790516282504495,
    "avg_vertex_degree": 30.25,
    "clustering_coefficient": 0.3716945697721364,
    "edge_order_std_dev": 2.861671604321946,
    "edge_weight_std_dev": 0.6955584586048376,
    "induced_norm": 77.29730102537458,
    "max_edge_order": 12,
    "max_edge_weight": 11.615311572559818,
    "max_vertex_degree": 42,
    "min_edge_order": 6.515151515151516,
    "min_edge_weight": 0.0004760185732440303,
    "n_qubits": 12,
    "total_pstrings": 277
}