{
    "avg_edge_order": 1,
    "avg_edge_weight": 29.44236788205188,
    "avg_vertex_degree": 9.333333333333334,
    "clustering_coefficient": 0.35792998500100826,
    "edge_order_std_dev": 1.5,
    "edge_weight_std_dev": 51.527284390921054,
    "induced_norm": 1972.6386480974759,
    "max_edge_order": 6,
    "max_edge_weight": 432.56738370844573,
    "max_vertex_degree": 12,
    "min_edge_order": 3.5,
    "min_edge_weight": 0.08688260559534536,
    "n_qubits": 6,
    "total_pstrings": 67
}