{
    "avg_edge_order": 1,
    "avg_edge_weight": 0.28237106019682334,
    "avg_vertex_degree": 30.25,
    "clustering_coefficient": 0.3716945697721364,
    "edge_order_std_dev": 2.861671604321946,
    "edge_weight_std_dev": 0.6877413263779792,
    "induced_norm": 78.21678367452009,
    "max_edge_order": 12,
    "max_edge_weight": 11.450962720417301,
    "max_vertex_degree": 42,
    "min_edge_order": 6.515151515151516,
    "min_edge_weight": 0.0007281136925311738,
    "n_qubits": 12,
    "total_pstrings": 277
}