{
    "avg_edge_order": 1,
    "avg_edge_weight": 0.3010827162096723,
    "avg_vertex_degree": 30.25,
    "clustering_coefficient": 0.3716945697721364,
    "edge_order_std_dev": 2.861671604321946,
    "edge_weight_std_dev": 0.7042736330324333,
    "induced_norm": 83.39991239007925,
    "max_edge_order": 12,
    "max_edge_weight": 11.703408037940159,
    "max_vertex_degree": 42,
    "min_edge_order": 6.515151515151516,
    "min_edge_weight": 3.127387947254867e-05,
    "n_qubits": 12,
    "total_pstrings": 277
}