{
    "avg_edge_order": 1,
    "avg_edge_weight": 0.30562350448241793,
    "avg_vertex_degree": 30.25,
    "clustering_coefficient": 0.3716945697721364,
    "edge_order_std_dev": 2.861671604321946,
    "edge_weight_std_dev": 0.7387369339266158,
    "induced_norm": 84.65771074162984,
    "max_edge_order": 12,
    "max_edge_weight": 12.322703963461949,
    "max_vertex_degree": 42,
    "min_edge_order": 6.515151515151516,
    "min_edge_weight": 0.0013170966757831692,
    "n_qubits": 12,
    "total_pstrings": 277
}