{
    "avg_edge_order": 1,
    "avg_edge_weight": 31.79060434011659,
    "avg_vertex_degree": 5.0,
    "clustering_coefficient": 0.4220077730200311,
    "edge_order_std_dev": 1.02469507659596,
    "edge_weight_std_dev": 44.374041245576045,
    "induced_norm": 921.927525863381,
    "max_edge_order": 4,
    "max_edge_weight": 251.89027007713688,
    "max_vertex_degree": 6,
    "min_edge_order": 2.5,
    "min_edge_weight": 2.8302520075046798,
    "n_qubits": 4,
    "total_pstrings": 29
}