{
    "avg_edge_order": 1,
    "avg_edge_weight": 0.3041438627899016,
    "avg_vertex_degree": 30.25,
    "clustering_coefficient": 0.3716945697721364,
    "edge_order_std_dev": 2.861671604321946,
    "edge_weight_std_dev": 0.7116493774301087,
    "induced_norm": 84.55199385559263,
    "max_edge_order": 12,
    "max_edge_weight": 11.865687305038124,
    "max_vertex_degree": 42,
    "min_edge_order": 6.515151515151516,
    "min_edge_weight": 0.0002621342589592679,
    "n_qubits": 12,
    "total_pstrings": 278
}