{
    "avg_edge_order": 1,
    "avg_edge_weight": 0.3043841819479896,
    "avg_vertex_degree": 30.25,
    "clustering_coefficient": 0.3716945697721364,
    "edge_order_std_dev": 2.861671604321946,
    "edge_weight_std_dev": 0.7249592405822178,
    "induced_norm": 84.61880258154116,
    "max_edge_order": 12,
    "max_edge_weight": 12.041431244830381,
    "max_vertex_degree": 42,
    "min_edge_order": 6.515151515151516,
    "min_edge_weight": 0.0036188961317075163,
    "n_qubits": 12,
    "total_pstrings": 278
}