{
    "avg_edge_order": 1,
    "avg_edge_weight": 0.30411939597994114,
    "avg_vertex_degree": 30.25,
    "clustering_coefficient": 0.3716945697721364,
    "edge_order_std_dev": 2.861671604321946,
    "edge_weight_std_dev": 0.6801184180006689,
    "induced_norm": 84.5451920824237,
    "max_edge_order": 12,
    "max_edge_weight": 11.320915853432153,
    "max_vertex_degree": 42,
    "min_edge_order": 6.515151515151516,
    "min_edge_weight": 0.0009385986037980243,
    "n_qubits": 12,
    "total_pstrings": 278
}