{
    "avg_edge_order": 1,
    "avg_edge_weight": 30.251461992437836,
    "avg_vertex_degree": 9.333333333333334,
    "clustering_coefficient": 0.35792998500100826,
    "edge_order_std_dev": 1.5,
    "edge_weight_std_dev": 47.32220219384503,
    "induced_norm": 2026.8479534933356,
    "max_edge_order": 6,
    "max_edge_weight": 397.98096344679414,
    "max_vertex_degree": 12,
    "min_edge_order": 3.5,
    "min_edge_weight": 0.4088090222202645,
    "n_qubits": 6,
    "total_pstrings": 67
}