{
    "avg_edge_order": 1,
    "avg_edge_weight": 0.2870357303758289,
    "avg_vertex_degree": 30.25,
    "clustering_coefficient": 0.3716945697721364,
    "edge_order_std_dev": 2.861671604321946,
    "edge_weight_std_dev": 0.6973284852427885,
    "induced_norm": 79.79593304448035,
    "max_edge_order": 12,
    "max_edge_weight": 11.601339913636139,
    "max_vertex_degree": 42,
    "min_edge_order": 6.515151515151516,
    "min_edge_weight": 0.0015224113019319807,
    "n_qubits": 12,
    "total_pstrings": 278
}