{
    "avg_edge_order": 1,
    "avg_edge_weight": 0.32558950677570925,
    "avg_vertex_degree": 30.25,
    "clustering_coefficient": 0.3718392065213263,
    "edge_order_std_dev": 2.861671604321946,
    "edge_weight_std_dev": 0.7216169141280836,
    "induced_norm": 91.49065140397431,
    "max_edge_order": 12,
    "max_edge_weight": 11.708314806346138,
    "max_vertex_degree": 42,
    "min_edge_order": 6.515151515151516,
    "min_edge_weight": 0.0003418648058694518,
    "n_qubits": 12,
    "total_pstrings": 281
}