{
    "avg_edge_order": 1,
    "avg_edge_weight": 0.294328974794079,
    "avg_vertex_degree": 30.25,
    "clustering_coefficient": 0.3718392065213263,
    "edge_order_std_dev": 2.861671604321946,
    "edge_weight_std_dev": 0.6705996774263151,
    "induced_norm": 82.70644191713623,
    "max_edge_order": 12,
    "max_edge_weight": 11.097790784261562,
    "max_vertex_degree": 42,
    "min_edge_order": 6.515151515151516,
    "min_edge_weight": 0.002121670603723147,
    "n_qubits": 12,
    "total_pstrings": 281
}