{
    "avg_edge_order": 1,
    "avg_edge_weight": 0.30919827100182085,
    "avg_vertex_degree": 30.25,
    "clustering_coefficient": 0.3718392065213263,
    "edge_order_std_dev": 2.861671604321946,
    "edge_weight_std_dev": 0.7107078749862079,
    "induced_norm": 86.88471415151163,
    "max_edge_order": 12,
    "max_edge_weight": 11.912447486726958,
    "max_vertex_degree": 42,
    "min_edge_order": 6.515151515151516,
    "min_edge_weight": 0.00443822757247464,
    "n_qubits": 12,
    "total_pstrings": 281
}