{
    "avg_edge_order": 1,
    "avg_edge_weight": 0.30176412387468576,
    "avg_vertex_degree": 30.25,
    "clustering_coefficient": 0.3718392065213263,
    "edge_order_std_dev": 2.861671604321946,
    "edge_weight_std_dev": 0.7255766266973829,
    "induced_norm": 84.79571880878672,
    "max_edge_order": 12,
    "max_edge_weight": 12.043355317384664,
    "max_vertex_degree": 42,
    "min_edge_order": 6.515151515151516,
    "min_edge_weight": 0.0005080239049840007,
    "n_qubits": 12,
    "total_pstrings": 281
}