{
    "avg_edge_order": 1,
    "avg_edge_weight": 0.3333251356652406,
    "avg_vertex_degree": 30.416666666666668,
    "clustering_coefficient": 0.37288596993803313,
    "edge_order_std_dev": 2.8732190139886056,
    "edge_weight_std_dev": 0.7347219498588091,
    "induced_norm": 95.99763907158923,
    "max_edge_order": 12,
    "max_edge_weight": 12.132988071562442,
    "max_vertex_degree": 42,
    "min_edge_order": 6.49041095890411,
    "min_edge_weight": 0.0033114326953820328,
    "n_qubits": 12,
    "total_pstrings": 288
}