{
    "avg_edge_order": 1,
    "avg_edge_weight": 0.34431530017036516,
    "avg_vertex_degree": 30.416666666666668,
    "clustering_coefficient": 0.37288596993803313,
    "edge_order_std_dev": 2.8732190139886056,
    "edge_weight_std_dev": 0.7608640135957846,
    "induced_norm": 99.16280644906519,
    "max_edge_order": 12,
    "max_edge_weight": 12.554778610573159,
    "max_vertex_degree": 42,
    "min_edge_order": 6.49041095890411,
    "min_edge_weight": 0.0034396371618912666,
    "n_qubits": 12,
    "total_pstrings": 288
}