{
    "avg_edge_order": 1,
    "avg_edge_weight": 0.3286331570696863,
    "avg_vertex_degree": 30.416666666666668,
    "clustering_coefficient": 0.37288596993803313,
    "edge_order_std_dev": 2.8732190139886056,
    "edge_weight_std_dev": 0.7302474731285117,
    "induced_norm": 94.64634923606961,
    "max_edge_order": 12,
    "max_edge_weight": 11.815567870984873,
    "max_vertex_degree": 42,
    "min_edge_order": 6.49041095890411,
    "min_edge_weight": 0.004063798271092545,
    "n_qubits": 12,
    "total_pstrings": 288
}