{
    "avg_edge_order": 1,
    "avg_edge_weight": 0.32281361047490875,
    "avg_vertex_degree": 30.416666666666668,
    "clustering_coefficient": 0.37288596993803313,
    "edge_order_std_dev": 2.8732190139886056,
    "edge_weight_std_dev": 0.7632929393939166,
    "induced_norm": 92.97031981677375,
    "max_edge_order": 12,
    "max_edge_weight": 12.522194948169444,
    "max_vertex_degree": 42,
    "min_edge_order": 6.49041095890411,
    "min_edge_weight": 0.0009282306095813042,
    "n_qubits": 12,
    "total_pstrings": 288
}