{
    "avg_edge_order": 1,
    "avg_edge_weight": 0.3421964213580785,
    "avg_vertex_degree": 30.416666666666668,
    "clustering_coefficient": 0.37288596993803313,
    "edge_order_std_dev": 2.8732190139886056,
    "edge_weight_std_dev": 0.7610577381027892,
    "induced_norm": 98.55256935112655,
    "max_edge_order": 12,
    "max_edge_weight": 12.315596557291805,
    "max_vertex_degree": 42,
    "min_edge_order": 6.49041095890411,
    "min_edge_weight": 0.000313825446542515,
    "n_qubits": 12,
    "total_pstrings": 288
}