{
    "avg_edge_order": 1,
    "avg_edge_weight": 33.75643935816883,
    "avg_vertex_degree": 9.333333333333334,
    "clustering_coefficient": 0.35792998500100826,
    "edge_order_std_dev": 1.5,
    "edge_weight_std_dev": 62.336258184391745,
    "induced_norm": 2261.681436997311,
    "max_edge_order": 6,
    "max_edge_weight": 520.8201220202657,
    "max_vertex_degree": 12,
    "min_edge_order": 3.5,
    "min_edge_weight": 0.044939407995753244,
    "n_qubits": 6,
    "total_pstrings": 67
}