{
    "avg_edge_order": 1,
    "avg_edge_weight": 0.3575873666549691,
    "avg_vertex_degree": 30.416666666666668,
    "clustering_coefficient": 0.37500843735783246,
    "edge_order_std_dev": 2.8732190139886056,
    "edge_weight_std_dev": 0.7281015024351893,
    "induced_norm": 108.34897209645564,
    "max_edge_order": 12,
    "max_edge_weight": 11.449714203110409,
    "max_vertex_degree": 42,
    "min_edge_order": 6.49041095890411,
    "min_edge_weight": 0.004618413381512254,
    "n_qubits": 12,
    "total_pstrings": 303
}