{
    "avg_edge_order": 1,
    "avg_edge_weight": 0.36139355016120633,
    "avg_vertex_degree": 30.416666666666668,
    "clustering_coefficient": 0.37500843735783246,
    "edge_order_std_dev": 2.8732190139886056,
    "edge_weight_std_dev": 0.7625060830423065,
    "induced_norm": 109.50224569884547,
    "max_edge_order": 12,
    "max_edge_weight": 12.240945755903992,
    "max_vertex_degree": 42,
    "min_edge_order": 6.49041095890411,
    "min_edge_weight": 0.00063091550262101,
    "n_qubits": 12,
    "total_pstrings": 303
}