{
    "avg_edge_order": 1,
    "avg_edge_weight": 0.40211923767072993,
    "avg_vertex_degree": 31.25,
    "clustering_coefficient": 0.3837083304611533,
    "edge_order_std_dev": 2.9042191530407777,
    "edge_weight_std_dev": 0.7611142805635898,
    "induced_norm": 134.3078253820238,
    "max_edge_order": 12,
    "max_edge_weight": 12.21857654920447,
    "max_vertex_degree": 42,
    "min_edge_order": 6.386666666666667,
    "min_edge_weight": 0.0002432613897083713,
    "n_qubits": 12,
    "total_pstrings": 334
}