{
    "avg_edge_order": 1,
    "avg_edge_weight": 0.419307768131909,
    "avg_vertex_degree": 31.25,
    "clustering_coefficient": 0.3837083304611533,
    "edge_order_std_dev": 2.9042191530407777,
    "edge_weight_std_dev": 0.7668499288565275,
    "induced_norm": 140.0487945560576,
    "max_edge_order": 12,
    "max_edge_weight": 11.141402750940864,
    "max_vertex_degree": 42,
    "min_edge_order": 6.386666666666667,
    "min_edge_weight": 0.001227639460208374,
    "n_qubits": 12,
    "total_pstrings": 334
}