{
    "avg_edge_order": 1,
    "avg_edge_weight": 0.41137526543908426,
    "avg_vertex_degree": 31.25,
    "clustering_coefficient": 0.3837083304611533,
    "edge_order_std_dev": 2.9042191530407777,
    "edge_weight_std_dev": 0.7442279265540481,
    "induced_norm": 137.39933865665427,
    "max_edge_order": 12,
    "max_edge_weight": 11.323804820972624,
    "max_vertex_degree": 42,
    "min_edge_order": 6.386666666666667,
    "min_edge_weight": 0.0009773453479289818,
    "n_qubits": 12,
    "total_pstrings": 334
}