{
    "avg_edge_order": 1,
    "avg_edge_weight": 0.41988285083277915,
    "avg_vertex_degree": 31.25,
    "clustering_coefficient": 0.3837083304611533,
    "edge_order_std_dev": 2.9042191530407777,
    "edge_weight_std_dev": 0.7580928466799234,
    "induced_norm": 140.24087217814827,
    "max_edge_order": 12,
    "max_edge_weight": 11.405040636633252,
    "max_vertex_degree": 42,
    "min_edge_order": 6.386666666666667,
    "min_edge_weight": 0.003017707968575034,
    "n_qubits": 12,
    "total_pstrings": 334
}