{
    "avg_edge_order": 1,
    "avg_edge_weight": 0.42358228320605473,
    "avg_vertex_degree": 31.25,
    "clustering_coefficient": 0.3837083304611533,
    "edge_order_std_dev": 2.9042191530407777,
    "edge_weight_std_dev": 0.774801156197784,
    "induced_norm": 141.4764825908222,
    "max_edge_order": 12,
    "max_edge_weight": 11.871086295175374,
    "max_vertex_degree": 42,
    "min_edge_order": 6.386666666666667,
    "min_edge_weight": 0.005023406237190109,
    "n_qubits": 12,
    "total_pstrings": 334
}