{
    "avg_edge_order": 1,
    "avg_edge_weight": 0.42283005843598503,
    "avg_vertex_degree": 31.25,
    "clustering_coefficient": 0.3837083304611533,
    "edge_order_std_dev": 2.9042191530407777,
    "edge_weight_std_dev": 0.7726980679697069,
    "induced_norm": 141.22523951761912,
    "max_edge_order": 12,
    "max_edge_weight": 12.259133263013364,
    "max_vertex_degree": 42,
    "min_edge_order": 6.386666666666667,
    "min_edge_weight": 0.0038785209919301455,
    "n_qubits": 12,
    "total_pstrings": 334
}