{
    "avg_edge_order": 566463.9278350516,
    "avg_edge_weight": 0.0006034987368033104,
    "avg_vertex_degree": 566463.9278350516,
    "edge_order_std_dev": 185786.00319957122,
    "edge_weight_std_dev": 0.4912628083123465,
    "induced_norm": 3770.619069632981,
    "max_edge_order": 714138,
    "max_edge_weight": 1200.4613172059599,
    "max_vertex_degree": 714138,
    "min_edge_order": 59451,
    "min_edge_weight": 1.0000047177806333e-08,
    "n_qubits": 97,
    "total_pstrings": 6247932
}