{
    "CASs": [
        [
            null,
            null
        ]
    ],
    "bases": [
        "sto-6g"
    ],
    "charge": 0,
    "geometry": [
        "O -0.0 -0.23964 -0.12235",
        "O -0.0 -0.38091 2.59748",
        "O 0.0 2.04515 1.3599"
    ],
    "multiplicity": 1,
    "name": "2.0_o3",
    "symmetry": false
}