{
    "avg_edge_order": 1.75,
    "avg_edge_weight": 0.7071067811865475,
    "avg_vertex_degree": 1.0,
    "edge_order_std_dev": 0.4330127018922193,
    "edge_weight_std_dev": 0.0,
    "induced_norm": 1.414213562373095,
    "max_edge_order": 2,
    "max_edge_weight": 0.7071067811865475,
    "max_vertex_degree": 2,
    "min_edge_order": 1,
    "min_edge_weight": 0.7071067811865475,
    "n_qubits": 5,
    "total_pstrings": 2
}