{
    "avg_edge_order": 3.5,
    "avg_edge_weight": 0.447213595499958,
    "avg_vertex_degree": 3.5,
    "edge_order_std_dev": 0.5,
    "edge_weight_std_dev": 5.551115123125783e-17,
    "induced_norm": 2.23606797749979,
    "max_edge_order": 4,
    "max_edge_weight": 0.4472135954999579,
    "max_vertex_degree": 4,
    "min_edge_order": 3,
    "min_edge_weight": 0.4472135954999579,
    "n_qubits": 6,
    "total_pstrings": 5
}