{
    "avg_edge_order": 4.0,
    "avg_edge_weight": 0.4082482904638631,
    "avg_vertex_degree": 4.0,
    "edge_order_std_dev": 0.816496580927726,
    "edge_weight_std_dev": 0.0,
    "induced_norm": 2.4494897427831783,
    "max_edge_order": 5,
    "max_edge_weight": 0.4082482904638631,
    "max_vertex_degree": 5,
    "min_edge_order": 3,
    "min_edge_weight": 0.4082482904638631,
    "n_qubits": 6,
    "total_pstrings": 6
}