{
    "avg_edge_order": 4.857142857142857,
    "avg_edge_weight": 0.4082482904638631,
    "avg_vertex_degree": 4.857142857142857,
    "edge_order_std_dev": 0.6388765649999399,
    "edge_weight_std_dev": 0.0,
    "induced_norm": 2.4494897427831783,
    "max_edge_order": 6,
    "max_edge_weight": 0.4082482904638631,
    "max_vertex_degree": 6,
    "min_edge_order": 4,
    "min_edge_weight": 0.4082482904638631,
    "n_qubits": 7,
    "total_pstrings": 6
}