{
    "avg_edge_order": 4.571428571428571,
    "avg_edge_weight": 0.37796447300922725,
    "avg_vertex_degree": 4.571428571428571,
    "edge_order_std_dev": 0.7284313590846836,
    "edge_weight_std_dev": 5.551115123125783e-17,
    "induced_norm": 2.6457513110645907,
    "max_edge_order": 5,
    "max_edge_weight": 0.3779644730092272,
    "max_vertex_degree": 5,
    "min_edge_order": 3,
    "min_edge_weight": 0.3779644730092272,
    "n_qubits": 7,
    "total_pstrings": 7
}