{
    "avg_edge_order": 1.7142857142857142,
    "avg_edge_weight": 0.7071067811865475,
    "avg_vertex_degree": 1.25,
    "edge_order_std_dev": 0.45175395145262565,
    "edge_weight_std_dev": 0.0,
    "induced_norm": 1.414213562373095,
    "max_edge_order": 2,
    "max_edge_weight": 0.7071067811865475,
    "max_vertex_degree": 2,
    "min_edge_order": 1,
    "min_edge_weight": 0.7071067811865475,
    "n_qubits": 8,
    "total_pstrings": 2
}