{
    "CASs": [
        [
            null,
            null
        ]
    ],
    "bases": [
        "sto-6g"
    ],
    "charge": 0,
    "geometry": [
        "C -6.0e-5 2.12148 0.0",
        "C -1.83706 1.06063 0.0",
        "C -1.83704 -1.06068 0.0",
        "C -0.0 -2.12148 -0.0",
        "C 1.83702 -1.06066 -0.0",
        "C 1.83695 1.06063 0.0",
        "H 8.0e-5 3.22565 0.0",
        "H -2.7933 1.61272 0.0",
        "H -2.79333 -1.61268 0.0",
        "H 0.00011 -3.22565 0.0",
        "H 2.79329 -1.61268 0.0",
        "H 2.79321 1.61268 0.0"
    ],
    "multiplicity": 1,
    "name": "1.5_c6h6",
    "symmetry": false
}