{
    "avg_edge_order": 133219.29577464788,
    "avg_edge_weight": 0.0009365683769530593,
    "avg_vertex_degree": 133219.29577464788,
    "edge_order_std_dev": 35513.48187180463,
    "edge_weight_std_dev": 0.12219540344920071,
    "induced_norm": 1336.0869054885645,
    "max_edge_order": 159201,
    "max_edge_weight": 143.81188413446552,
    "max_vertex_degree": 159201,
    "min_edge_order": 18581,
    "min_edge_weight": 1.0006928832210852e-08,
    "n_qubits": 71,
    "total_pstrings": 1426577
}