{
    "CASs": [
        [
            null,
            null
        ]
    ],
    "bases": [
        "def2-QZVPPD"
    ],
    "charge": 1,
    "geometry": [
        "C 0.0000000000 0.0000000000 0.0000000000",
        "O 0.0000000000 0.0000000000 1.1205777135",
        "F 1.4245048849 0.0000000000 -1.1061739594",
        "H 1.2005345680 0.0000000000 -2.0273292768"
    ],
    "multiplicity": 2,
    "name": "hf_corad_dim",
    "symmetry": false
}