{
    "avg_edge_order": 4.0,
    "avg_edge_weight": 0.1309466033077737,
    "avg_vertex_degree": 4.0,
    "edge_order_std_dev": 0.0,
    "edge_weight_std_dev": 0.0563909414974965,
    "induced_norm": 1.9641990496166053,
    "max_edge_order": 4,
    "max_edge_weight": 0.2272873091596523,
    "max_vertex_degree": 4,
    "min_edge_order": 4,
    "min_edge_weight": 0.04700598731234194,
    "n_qubits": 3,
    "total_pstrings": 15
}