{
    "avg_edge_order": 296330.6907216495,
    "avg_edge_weight": 0.0010495262160583963,
    "avg_vertex_degree": 296330.6907216495,
    "edge_order_std_dev": 94307.65616298547,
    "edge_weight_std_dev": 0.4782082779541969,
    "induced_norm": 3335.020683300667,
    "max_edge_order": 370836,
    "max_edge_weight": 833.7061757197366,
    "max_vertex_degree": 370836,
    "min_edge_order": 27058,
    "min_edge_weight": 1.0026154212452057e-08,
    "n_qubits": 97,
    "total_pstrings": 3177644
}