{
    "avg_edge_order": 24131.8,
    "avg_edge_weight": 0.003721346278774813,
    "avg_vertex_degree": 24131.8,
    "edge_order_std_dev": 6556.18078235409,
    "edge_weight_std_dev": 0.08180116717366373,
    "induced_norm": 890.0902096887537,
    "max_edge_order": 29371,
    "max_edge_weight": 27.602507708856262,
    "max_vertex_degree": 29371,
    "min_edge_order": 4262,
    "min_edge_weight": 1.0420567948064563e-08,
    "n_qubits": 55,
    "total_pstrings": 239185
}