{
    "avg_edge_order": 220284.6701030928,
    "avg_edge_weight": 0.0013528285018598386,
    "avg_vertex_degree": 220284.6701030928,
    "edge_order_std_dev": 70085.71336168978,
    "edge_weight_std_dev": 0.6507900300914177,
    "induced_norm": 3139.4604024400605,
    "max_edge_order": 279523,
    "max_edge_weight": 969.5215744459963,
    "max_vertex_degree": 279523,
    "min_edge_order": 20104,
    "min_edge_weight": 1.0003580668151522e-08,
    "n_qubits": 97,
    "total_pstrings": 2320664
}