{
    "CASs": [
        [
            null,
            null
        ]
    ],
    "bases": [
        "def2-QZVPPD"
    ],
    "charge": 0,
    "geometry": [
        "H 0.6282020000 0.6282020000 0.6282020000",
        "C 0.0000000000 0.0000000000 0.0000000000",
        "H -0.6282020000 -0.6282020000 0.6282020000",
        "H -0.6282020000 0.6282020000 -0.6282020000",
        "H 0.6282020000 -0.6282020000 -0.6282020000"
    ],
    "multiplicity": 1,
    "name": "methane",
    "symmetry": false
}