{
    "avg_edge_order": 165661.64044943822,
    "avg_edge_weight": 0.0018891510548146148,
    "avg_vertex_degree": 165661.64044943822,
    "edge_order_std_dev": 48680.32562723974,
    "edge_weight_std_dev": 0.6892738118752227,
    "induced_norm": 3238.71522874886,
    "max_edge_order": 205135,
    "max_edge_weight": 873.3157286435726,
    "max_vertex_degree": 205135,
    "min_edge_order": 21073,
    "min_edge_weight": 1.0004413175771235e-08,
    "n_qubits": 89,
    "total_pstrings": 1714376
}