{
    "avg_edge_order": 86791.80281690141,
    "avg_edge_weight": 0.002994392687335042,
    "avg_vertex_degree": 86791.80281690141,
    "edge_order_std_dev": 27773.8138087344,
    "edge_weight_std_dev": 1.0092068204536198,
    "induced_norm": 2762.03080919053,
    "max_edge_order": 108942,
    "max_edge_weight": 937.314640461931,
    "max_vertex_degree": 108942,
    "min_edge_order": 8358,
    "min_edge_weight": 1.0114165389797488e-08,
    "n_qubits": 71,
    "total_pstrings": 922401
}