{
    "avg_edge_order": 243981.52808988764,
    "avg_edge_weight": 0.001260466867958198,
    "avg_vertex_degree": 243981.52808988764,
    "edge_order_std_dev": 72085.62843974229,
    "edge_weight_std_dev": 0.3766060485624851,
    "induced_norm": 3241.5779374004005,
    "max_edge_order": 299423,
    "max_edge_weight": 582.0391513376605,
    "max_vertex_degree": 299423,
    "min_edge_order": 28970,
    "min_edge_weight": 1.0002244881240142e-08,
    "n_qubits": 89,
    "total_pstrings": 2571728
}