{
    "CASs": [
        [
            null,
            null
        ]
    ],
    "bases": [
        "sto-6g"
    ],
    "charge": 0,
    "geometry": [
        "Li 0.0 -0.00539 -0.99017",
        "Li -0.0 0.00198 1.5908",
        "Li 1e-05 2.69815 0.30176",
        "Li -1e-05 -2.69445 0.29992"
    ],
    "multiplicity": 1,
    "name": "li4",
    "symmetry": false
}