{
    "CASs": [
        [
            null,
            null
        ]
    ],
    "bases": [
        "def2-QZVPPD"
    ],
    "charge": 0,
    "geometry": [
        "N 0.0257300000 1.5118230000 0.0000000000",
        "H -0.5403370000 1.7493180000 0.8108060000",
        "H -0.5403370000 1.7493180000 -0.8108060000",
        "Br 0.0257300000 -0.4023260000 0.0000000000"
    ],
    "multiplicity": 1,
    "name": "nh2br_bde",
    "symmetry": false
}