{
    "avg_edge_order": 7837.5675675675675,
    "avg_edge_weight": 0.005831653002868358,
    "avg_vertex_degree": 7837.5675675675675,
    "edge_order_std_dev": 2112.485592985135,
    "edge_weight_std_dev": 0.12027461226534879,
    "induced_norm": 454.6006781856,
    "max_edge_order": 9522,
    "max_edge_weight": 23.786187000733168,
    "max_vertex_degree": 9522,
    "min_edge_order": 1776,
    "min_edge_weight": 4.392685977016497e-08,
    "n_qubits": 37,
    "total_pstrings": 77954
}