{
    "avg_edge_order": 85.45454545454545,
    "avg_edge_weight": 0.026359171427676017,
    "avg_vertex_degree": 85.45454545454545,
    "edge_order_std_dev": 12.123333147759746,
    "edge_weight_std_dev": 0.18499871178281435,
    "induced_norm": 16.632637170863568,
    "max_edge_order": 102,
    "max_edge_weight": 4.345447396485728,
    "max_vertex_degree": 102,
    "min_edge_order": 58,
    "min_edge_weight": 0.00010717262994766816,
    "n_qubits": 11,
    "total_pstrings": 631
}