{
    "avg_edge_order": 87840.52112676056,
    "avg_edge_weight": 0.0033483001510633335,
    "avg_vertex_degree": 87840.52112676056,
    "edge_order_std_dev": 29367.545843006745,
    "edge_weight_std_dev": 1.1863164574878038,
    "induced_norm": 3136.1418085915075,
    "max_edge_order": 111293,
    "max_edge_weight": 1111.6099041569182,
    "max_vertex_degree": 111293,
    "min_edge_order": 8090,
    "min_edge_weight": 1.0057671068856245e-08,
    "n_qubits": 71,
    "total_pstrings": 936637
}