{
    "CASs": [
        [
            null,
            null
        ]
    ],
    "bases": [
        "sto-6g"
    ],
    "charge": -1,
    "geometry": [
        "B -0.00017 0.01185 0.0",
        "B 1.53801 -0.169 0.0",
        "B -1.53835 -0.16872 0.0",
        "B 2.49387 -1.35905 -0.0",
        "B -2.49402 -1.35904 0.0",
        "B 0.87256 -1.7506 0.0",
        "B -0.87265 -1.75002 0.0",
        "B 2.13519 -2.8819 -0.0",
        "B -2.13489 -2.88175 0.0",
        "B 0.78596 -3.56585 -0.0",
        "B -0.78552 -3.56549 0.0"
    ],
    "multiplicity": 1,
    "name": "b11-",
    "symmetry": false
}