{
    "CASs": [
        [
            null,
            null
        ]
    ],
    "bases": [
        "def2-QZVPPD"
    ],
    "charge": 0,
    "geometry": [
        "N 0.0000000000 0.0000000000 0.1415990000",
        "H 0.0000000000 0.8056000000 -0.4955980000",
        "H 0.0000000000 -0.8056000000 -0.4955980000"
    ],
    "multiplicity": 2,
    "name": "nh2rad",
    "symmetry": false
}