{
    "CASs": [
        [
            null,
            null
        ]
    ],
    "bases": [
        "sto-6g"
    ],
    "charge": 0,
    "geometry": [
        "C 5.92908 5.98187 5.61993",
        "H 7.01048 5.98192 5.61982",
        "H 5.56853 7.00129 5.61985",
        "H 5.56859 5.4722 4.73683",
        "H 5.56849 5.472 6.50267"
    ],
    "multiplicity": 1,
    "name": "1.0_ch4",
    "symmetry": false
}