{
    "avg_edge_order": 550133.8396946564,
    "avg_edge_weight": 0.0018663209227870853,
    "avg_vertex_degree": 550133.8396946564,
    "edge_order_std_dev": 171926.44503879148,
    "edge_weight_std_dev": 0.6179735121699825,
    "induced_norm": 10976.480960271056,
    "max_edge_order": 678434,
    "max_edge_weight": 1480.1309494889247,
    "max_vertex_degree": 678434,
    "min_edge_order": 35348,
    "min_edge_weight": 1.0132218641947627e-08,
    "n_qubits": 131,
    "total_pstrings": 5881347
}