{
    "avg_edge_order": 205786.95505617978,
    "avg_edge_weight": 0.0016135262385747237,
    "avg_vertex_degree": 205786.95505617978,
    "edge_order_std_dev": 64379.352056997894,
    "edge_weight_std_dev": 0.6099277376291316,
    "induced_norm": 3525.1094980439248,
    "max_edge_order": 258843,
    "max_edge_weight": 872.4507776860981,
    "max_vertex_degree": 258843,
    "min_edge_order": 20977,
    "min_edge_weight": 1.0000193011842272e-08,
    "n_qubits": 89,
    "total_pstrings": 2184724
}