{
    "CASs": [
        [
            null,
            null
        ]
    ],
    "bases": [
        "def2-QZVPPD"
    ],
    "charge": 0,
    "geometry": [
        "Br 0.0000000000 0.0000000000 0.0000000000",
        "O 0.0000000000 0.0000000000 2.7049230935",
        "H 0.9514568132 0.0000000000 2.8405557142",
        "H -0.2649203354 0.9138311022 2.8405557142"
    ],
    "multiplicity": 2,
    "name": "h2o-br_",
    "symmetry": false
}