{
    "avg_edge_order": 82572.05633802817,
    "avg_edge_weight": 0.0024383484721139125,
    "avg_vertex_degree": 82572.05633802817,
    "edge_order_std_dev": 25470.207359866006,
    "edge_weight_std_dev": 0.7877903413068099,
    "induced_norm": 2105.74067207827,
    "max_edge_order": 104492,
    "max_edge_weight": 706.1701376973684,
    "max_vertex_degree": 104492,
    "min_edge_order": 10910,
    "min_edge_weight": 1.0001206608278431e-08,
    "n_qubits": 71,
    "total_pstrings": 863593
}