{
    "avg_edge_order": 36424.51111111111,
    "avg_edge_weight": 0.0015370925587550673,
    "avg_vertex_degree": 36424.51111111111,
    "edge_order_std_dev": 9702.303791991815,
    "edge_weight_std_dev": 0.17066461738987973,
    "induced_norm": 595.909265733517,
    "max_edge_order": 43362,
    "max_edge_weight": 103.76979624367702,
    "max_vertex_degree": 43362,
    "min_edge_order": 7434,
    "min_edge_weight": 1.0024205446499328e-08,
    "n_qubits": 45,
    "total_pstrings": 387686
}