{
    "CASs": [
        [
            null,
            null
        ]
    ],
    "bases": [
        "sto-6g"
    ],
    "charge": 0,
    "geometry": [
        "H 0.0 0.0 0.0",
        "H 0.75 0.0 0.0",
        "H 1.5 0.0 0.0",
        "H 0.375 0.64952 0.0",
        "H 0.75 1.29904 0.0",
        "H 1.125 0.64952 0.0",
        "H 1.125 0.16238 0.64952",
        "H 0.75 0.8119 0.64952",
        "H 0.375 0.16238 0.64952",
        "H 0.75 0.32476 1.29904"
    ],
    "multiplicity": 1,
    "name": "0.75_h10",
    "symmetry": false
}