{
    "CASs": [
        [
            null,
            null
        ]
    ],
    "bases": [
        "6-311++G**"
    ],
    "charge": 0,
    "geometry": [
        "Li 0.94886 2.24431 0.00000",
        "O -0.39446 1.34566 0.70576",
        "O -0.39446 1.34566 -0.70576",
        "Li -0.76279 -0.33618 0.00000",
        "O 0.35393 -1.76128 0.64643",
        "O 0.35393 -1.76128 -0.64643"
    ],
    "multiplicity": 1,
    "name": "lio2_oer_ts",
    "symmetry": false
}