{
    "CASs": [
        [
            null,
            null
        ]
    ],
    "bases": [
        "sto-6g"
    ],
    "charge": 0,
    "geometry": [
        "C 0.14342 -0.19047 0.14218",
        "C 0.52067 0.30956 1.3443",
        "C -0.1329 -0.04639 2.59801",
        "N -0.67153 -0.3358 3.64754",
        "H -1.52506 -1.62181 -0.05516",
        "H 1.18606 0.40279 -1.71038",
        "H 2.20093 1.7459 1.50496"
    ],
    "multiplicity": 1,
    "name": "2.0_ch2chcn",
    "symmetry": false
}