{
    "avg_edge_order": 161565.79381443298,
    "avg_edge_weight": 0.0020670079430517778,
    "avg_vertex_degree": 161565.79381443298,
    "edge_order_std_dev": 52223.2846631561,
    "edge_weight_std_dev": 1.0115271747234487,
    "induced_norm": 3491.3376424340104,
    "max_edge_order": 207252,
    "max_edge_weight": 1284.7953674949106,
    "max_vertex_degree": 207252,
    "min_edge_order": 17595,
    "min_edge_weight": 1.001060099266107e-08,
    "n_qubits": 97,
    "total_pstrings": 1689078
}