{
    "CASs": [
        [
            null,
            null
        ]
    ],
    "bases": [
        "cc-pvdz"
    ],
    "charge": 0,
    "geometry": [
        "C -8.37446 4.11013 -0.0",
        "H -9.77565 3.38289 0.0",
        "H -6.97323 4.8373 0.0"
    ],
    "multiplicity": 1,
    "name": "1.5_ch2",
    "symmetry": false
}