{
    "CASs": [
        [
            null,
            null
        ]
    ],
    "bases": [
        "def2-QZVPPD"
    ],
    "charge": 0,
    "geometry": [
        "C 0.0000000000 0.0000000000 0.5982338698",
        "H 0.0000000000 0.0000000000 1.6605534720",
        "C 0.0000000000 0.0000000000 -0.5982338698",
        "H 0.0000000000 0.0000000000 -1.6605534720"
    ],
    "multiplicity": 1,
    "name": "acetylene",
    "symmetry": false
}