{
    "avg_edge_order": 171273.54929577466,
    "avg_edge_weight": 0.0011050968076158072,
    "avg_vertex_degree": 171273.54929577466,
    "edge_order_std_dev": 52935.52109367431,
    "edge_weight_std_dev": 0.4851573939341793,
    "induced_norm": 2043.963848333237,
    "max_edge_order": 212678,
    "max_edge_weight": 635.496302095055,
    "max_vertex_degree": 212678,
    "min_edge_order": 22593,
    "min_edge_weight": 1.0001365962955231e-08,
    "n_qubits": 71,
    "total_pstrings": 1849579
}