{
    "avg_edge_order": 8127.324324324324,
    "avg_edge_weight": 0.004176343391676776,
    "avg_vertex_degree": 8127.324324324324,
    "edge_order_std_dev": 2122.830123361634,
    "edge_weight_std_dev": 0.0998660627618961,
    "induced_norm": 325.529262007638,
    "max_edge_order": 9731,
    "max_edge_weight": 23.168716405269308,
    "max_vertex_degree": 9731,
    "min_edge_order": 1797,
    "min_edge_weight": 1.156648640379784e-07,
    "n_qubits": 37,
    "total_pstrings": 77946
}