{
    "CASs": [
        [
            null,
            null
        ]
    ],
    "bases": [
        "6-311++G**"
    ],
    "charge": 0,
    "geometry": [
        "Li 0.00000 0.00000 -3.10707",
        "O -0.73472 -0.00000 -1.50797",
        "O 0.73472 0.00000 -1.50797",
        "Li 0.00000 0.00000 0.15158",
        "O 0.63192 0.00000 2.15171",
        "O -0.63192 0.00000 2.15171"
    ],
    "multiplicity": 1,
    "name": "lio2_oer_p",
    "symmetry": false
}