{
    "avg_edge_order": 110529.0985915493,
    "avg_edge_weight": 0.002496664416236519,
    "avg_vertex_degree": 110529.0985915493,
    "edge_order_std_dev": 36882.020946948185,
    "edge_weight_std_dev": 0.8857260222234112,
    "induced_norm": 2981.619009110717,
    "max_edge_order": 142307,
    "max_edge_weight": 936.1080511678985,
    "max_vertex_degree": 142307,
    "min_edge_order": 14702,
    "min_edge_weight": 1.0000301300984552e-08,
    "n_qubits": 71,
    "total_pstrings": 1194241
}