{
    "avg_edge_order": 903.1764705882352,
    "avg_edge_weight": 0.009597079057861087,
    "avg_vertex_degree": 903.1764705882352,
    "edge_order_std_dev": 164.79014651229377,
    "edge_weight_std_dev": 0.2863581790656267,
    "induced_norm": 85.29883866626935,
    "max_edge_order": 1021,
    "max_edge_weight": 25.37029148450884,
    "max_vertex_degree": 1021,
    "min_edge_order": 409,
    "min_edge_weight": 1.2588216221721326e-08,
    "n_qubits": 17,
    "total_pstrings": 8888
}