{
    "avg_edge_order": 317241.05154639174,
    "avg_edge_weight": 0.0009484572221442413,
    "avg_vertex_degree": 317241.05154639174,
    "edge_order_std_dev": 98018.28483790335,
    "edge_weight_std_dev": 0.3989369543556693,
    "induced_norm": 3194.4494501284676,
    "max_edge_order": 392458,
    "max_edge_weight": 715.9914596487989,
    "max_vertex_degree": 392458,
    "min_edge_order": 28497,
    "min_edge_weight": 1.0013029557085451e-08,
    "n_qubits": 97,
    "total_pstrings": 3368048
}