{
    "avg_edge_order": 228871.51685393258,
    "avg_edge_weight": 0.0015877271902550523,
    "avg_vertex_degree": 228871.51685393258,
    "edge_order_std_dev": 69715.039969884,
    "edge_weight_std_dev": 0.6883790069257658,
    "induced_norm": 3867.309679118124,
    "max_edge_order": 284090,
    "max_edge_weight": 1040.732262515093,
    "max_vertex_degree": 284090,
    "min_edge_order": 21893,
    "min_edge_weight": 1.0089114707691096e-08,
    "n_qubits": 89,
    "total_pstrings": 2435752
}