{
    "avg_edge_order": 160234.3033707865,
    "avg_edge_weight": 0.0015034915210834184,
    "avg_vertex_degree": 160234.3033707865,
    "edge_order_std_dev": 49940.315224557715,
    "edge_weight_std_dev": 0.5209048745652527,
    "induced_norm": 2528.5389633446293,
    "max_edge_order": 201399,
    "max_edge_weight": 651.7628299966674,
    "max_vertex_degree": 201399,
    "min_edge_order": 16026,
    "min_edge_weight": 1.0002717205938991e-08,
    "n_qubits": 89,
    "total_pstrings": 1681778
}