{
    "avg_edge_order": 908.2352941176471,
    "avg_edge_weight": 0.009624863645164697,
    "avg_vertex_degree": 908.2352941176471,
    "edge_order_std_dev": 162.73563166420803,
    "edge_weight_std_dev": 0.26939579580765544,
    "induced_norm": 86.85476953396622,
    "max_edge_order": 1015,
    "max_edge_weight": 23.861434313337597,
    "max_vertex_degree": 1015,
    "min_edge_order": 413,
    "min_edge_weight": 1.0527044068247562e-08,
    "n_qubits": 17,
    "total_pstrings": 9024
}