{
    "CASs": [
        [
            null,
            null
        ]
    ],
    "bases": [
        "cc-pvdz"
    ],
    "charge": 0,
    "geometry": [
        "C -11.16594 5.48017 -0.0",
        "H -13.0342 4.51052 0.0",
        "H -9.29765 6.44974 0.0"
    ],
    "multiplicity": 1,
    "name": "2.0_ch2",
    "symmetry": false
}