{
    "avg_edge_order": 203179.0824742268,
    "avg_edge_weight": 0.0019808834313821237,
    "avg_vertex_degree": 203179.0824742268,
    "edge_order_std_dev": 62469.68761482827,
    "edge_weight_std_dev": 0.9024979160369644,
    "induced_norm": 4196.525319984205,
    "max_edge_order": 252590,
    "max_edge_weight": 1283.7786858894497,
    "max_vertex_degree": 252590,
    "min_edge_order": 21269,
    "min_edge_weight": 1.0010881977243156e-08,
    "n_qubits": 97,
    "total_pstrings": 2118512
}