{
    "avg_edge_order": 3,
    "avg_edge_weight": 0.7071067811865475,
    "avg_vertex_degree": 1.75,
    "clustering_coefficient": 0.7224703937105775,
    "edge_order_std_dev": 0.49487165930539345,
    "edge_weight_std_dev": 0.0,
    "induced_norm": 1.414213562373095,
    "max_edge_order": 4,
    "max_edge_weight": 0.7071067811865475,
    "max_vertex_degree": 2,
    "min_edge_order": 3.5714285714285716,
    "min_edge_weight": 0.7071067811865475,
    "n_qubits": 4,
    "total_pstrings": 2
}