{
    "avg_edge_order": 4,
    "avg_edge_weight": 0.4082482904638631,
    "avg_vertex_degree": 4.0,
    "clustering_coefficient": 0.6806749996783427,
    "edge_order_std_dev": 0.759202798262025,
    "edge_weight_std_dev": 0.0,
    "induced_norm": 2.4494897427831783,
    "max_edge_order": 6,
    "max_edge_weight": 0.4082482904638631,
    "max_vertex_degree": 5,
    "min_edge_order": 4.916666666666667,
    "min_edge_weight": 0.4082482904638631,
    "n_qubits": 6,
    "total_pstrings": 6
}