{
    "avg_edge_order": 5,
    "avg_edge_weight": 0.7071067811865475,
    "avg_vertex_degree": 1.4285714285714286,
    "clustering_coefficient": 0.523979698544396,
    "edge_order_std_dev": 0.0,
    "edge_weight_std_dev": 0.0,
    "induced_norm": 1.414213562373095,
    "max_edge_order": 5,
    "max_edge_weight": 0.7071067811865475,
    "max_vertex_degree": 2,
    "min_edge_order": 5.0,
    "min_edge_weight": 0.7071067811865475,
    "n_qubits": 7,
    "total_pstrings": 2
}