{
    "avg_edge_order": 6,
    "avg_edge_weight": 0.7071067811865475,
    "avg_vertex_degree": 1.7142857142857142,
    "clustering_coefficient": 0.7056879690125768,
    "edge_order_std_dev": 0.0,
    "edge_weight_std_dev": 0.0,
    "induced_norm": 1.414213562373095,
    "max_edge_order": 6,
    "max_edge_weight": 0.7071067811865475,
    "max_vertex_degree": 2,
    "min_edge_order": 6.0,
    "min_edge_weight": 0.7071067811865475,
    "n_qubits": 7,
    "total_pstrings": 2
}