{
    "avg_edge_order": 6,
    "avg_edge_weight": 0.447213595499958,
    "avg_vertex_degree": 3.5,
    "clustering_coefficient": 0.7463912648559927,
    "edge_order_std_dev": 0.7034898429854363,
    "edge_weight_std_dev": 5.551115123125783e-17,
    "induced_norm": 2.23606797749979,
    "max_edge_order": 8,
    "max_edge_weight": 0.4472135954999579,
    "max_vertex_degree": 4,
    "min_edge_order": 7.071428571428571,
    "min_edge_weight": 0.4472135954999579,
    "n_qubits": 8,
    "total_pstrings": 5
}