{
    "avg_edge_order": 98089.26760563381,
    "avg_edge_weight": 0.001971284072054622,
    "avg_vertex_degree": 98089.26760563381,
    "edge_order_std_dev": 32358.936174368246,
    "edge_weight_std_dev": 0.6428839945489087,
    "induced_norm": 2068.7542129973626,
    "max_edge_order": 126731,
    "max_edge_weight": 634.2735921627539,
    "max_vertex_degree": 126731,
    "min_edge_order": 12381,
    "min_edge_weight": 1.0005878809196208e-08,
    "n_qubits": 71,
    "total_pstrings": 1049445
}