{
    "avg_edge_order": 9.166666666666666,
    "avg_edge_weight": 0.31796097909107046,
    "avg_vertex_degree": 9.166666666666666,
    "edge_order_std_dev": 2.733536577809454,
    "edge_weight_std_dev": 0.5082379798794185,
    "induced_norm": 21.303385599101727,
    "max_edge_order": 12,
    "max_edge_weight": 4.252787018625987,
    "max_vertex_degree": 12,
    "min_edge_order": 5,
    "min_edge_weight": 0.0023463941749300443,
    "n_qubits": 6,
    "total_pstrings": 67
}