{
    "avg_edge_order": 9.166666666666666,
    "avg_edge_weight": 0.3352315684352838,
    "avg_vertex_degree": 9.166666666666666,
    "edge_order_std_dev": 2.733536577809454,
    "edge_weight_std_dev": 0.5649245040843588,
    "induced_norm": 22.460515085164015,
    "max_edge_order": 12,
    "max_edge_weight": 4.7975593516158135,
    "max_vertex_degree": 12,
    "min_edge_order": 5,
    "min_edge_weight": 0.000713196806203853,
    "n_qubits": 6,
    "total_pstrings": 67
}