{
    "avg_edge_order": 9.166666666666666,
    "avg_edge_weight": 0.3397632474386217,
    "avg_vertex_degree": 9.166666666666666,
    "edge_order_std_dev": 2.733536577809454,
    "edge_weight_std_dev": 0.5957133609714252,
    "induced_norm": 22.764137578387658,
    "max_edge_order": 12,
    "max_edge_weight": 5.037193046744013,
    "max_vertex_degree": 12,
    "min_edge_order": 5,
    "min_edge_weight": 0.00258129981131755,
    "n_qubits": 6,
    "total_pstrings": 67
}