{
    "avg_edge_order": 4.75,
    "avg_edge_weight": 0.2654753997250444,
    "avg_vertex_degree": 4.75,
    "edge_order_std_dev": 1.299038105676658,
    "edge_weight_std_dev": 0.49101624571838953,
    "induced_norm": 7.698786592026288,
    "max_edge_order": 6,
    "max_edge_weight": 2.7826224435716904,
    "max_vertex_degree": 6,
    "min_edge_order": 3,
    "min_edge_weight": 0.015716007075330496,
    "n_qubits": 4,
    "total_pstrings": 29
}