{
    "avg_edge_order": 9.166666666666666,
    "avg_edge_weight": 0.3326917654923118,
    "avg_vertex_degree": 9.166666666666666,
    "edge_order_std_dev": 2.733536577809454,
    "edge_weight_std_dev": 0.5384747748471794,
    "induced_norm": 22.290348287984887,
    "max_edge_order": 12,
    "max_edge_weight": 4.565869953417601,
    "max_vertex_degree": 12,
    "min_edge_order": 5,
    "min_edge_weight": 0.00466285671995359,
    "n_qubits": 6,
    "total_pstrings": 67
}