{
    "avg_edge_order": 9.166666666666666,
    "avg_edge_weight": 0.3061332264538846,
    "avg_vertex_degree": 9.166666666666666,
    "edge_order_std_dev": 2.733536577809454,
    "edge_weight_std_dev": 0.55707885881602,
    "induced_norm": 20.510926172410265,
    "max_edge_order": 12,
    "max_edge_weight": 4.693329417408837,
    "max_vertex_degree": 12,
    "min_edge_order": 5,
    "min_edge_weight": 0.009642660836829187,
    "n_qubits": 6,
    "total_pstrings": 67
}