{
    "avg_edge_order": 9.166666666666666,
    "avg_edge_weight": 0.29670350242269034,
    "avg_vertex_degree": 9.166666666666666,
    "edge_order_std_dev": 2.733536577809454,
    "edge_weight_std_dev": 0.5794627399595474,
    "induced_norm": 19.87913466232025,
    "max_edge_order": 12,
    "max_edge_weight": 4.844343614006583,
    "max_vertex_degree": 12,
    "min_edge_order": 5,
    "min_edge_weight": 0.0018258638609504052,
    "n_qubits": 6,
    "total_pstrings": 67
}