{
    "avg_edge_order": 9.166666666666666,
    "avg_edge_weight": 0.33382605649435704,
    "avg_vertex_degree": 9.166666666666666,
    "edge_order_std_dev": 2.733536577809454,
    "edge_weight_std_dev": 0.6345354974233919,
    "induced_norm": 22.366345785121926,
    "max_edge_order": 12,
    "max_edge_weight": 5.361536882585757,
    "max_vertex_degree": 12,
    "min_edge_order": 5,
    "min_edge_weight": 0.011441371603001405,
    "n_qubits": 6,
    "total_pstrings": 67
}