{
    "avg_edge_order": 4.75,
    "avg_edge_weight": 0.318398347920723,
    "avg_vertex_degree": 4.75,
    "edge_order_std_dev": 1.299038105676658,
    "edge_weight_std_dev": 0.38996059983314385,
    "induced_norm": 9.233552089700966,
    "max_edge_order": 6,
    "max_edge_weight": 2.2886763823454004,
    "max_vertex_degree": 6,
    "min_edge_order": 3,
    "min_edge_weight": 0.036470475383350576,
    "n_qubits": 4,
    "total_pstrings": 29
}