{
    "avg_edge_order": 9.166666666666666,
    "avg_edge_weight": 0.3404281501824678,
    "avg_vertex_degree": 9.166666666666666,
    "edge_order_std_dev": 2.733536577809454,
    "edge_weight_std_dev": 0.6381296396236149,
    "induced_norm": 22.80868606222534,
    "max_edge_order": 12,
    "max_edge_weight": 5.370518100279385,
    "max_vertex_degree": 12,
    "min_edge_order": 5,
    "min_edge_weight": 0.005429489736985538,
    "n_qubits": 6,
    "total_pstrings": 67
}