{
    "avg_edge_order": 9.166666666666666,
    "avg_edge_weight": 0.35445800051506293,
    "avg_vertex_degree": 9.166666666666666,
    "edge_order_std_dev": 2.733536577809454,
    "edge_weight_std_dev": 0.5908039221289731,
    "induced_norm": 23.748686034509216,
    "max_edge_order": 12,
    "max_edge_weight": 4.968649774135124,
    "max_vertex_degree": 12,
    "min_edge_order": 5,
    "min_edge_weight": 0.018953253667872372,
    "n_qubits": 6,
    "total_pstrings": 67
}