{
    "avg_edge_order": 9.166666666666666,
    "avg_edge_weight": 0.3308723904964625,
    "avg_vertex_degree": 9.166666666666666,
    "edge_order_std_dev": 2.733536577809454,
    "edge_weight_std_dev": 0.5631236705581312,
    "induced_norm": 22.168450163262992,
    "max_edge_order": 12,
    "max_edge_weight": 4.736191229876061,
    "max_vertex_degree": 12,
    "min_edge_order": 5,
    "min_edge_weight": 0.012400525167982401,
    "n_qubits": 6,
    "total_pstrings": 67
}