{
    "avg_edge_order": 9.166666666666666,
    "avg_edge_weight": 0.31867350493675023,
    "avg_vertex_degree": 9.166666666666666,
    "edge_order_std_dev": 2.733536577809454,
    "edge_weight_std_dev": 0.5542102810932118,
    "induced_norm": 21.35112483076226,
    "max_edge_order": 12,
    "max_edge_weight": 4.646125390760606,
    "max_vertex_degree": 12,
    "min_edge_order": 5,
    "min_edge_weight": 0.02647817499523286,
    "n_qubits": 6,
    "total_pstrings": 67
}