{
    "avg_edge_order": 9.166666666666666,
    "avg_edge_weight": 0.36009396561914647,
    "avg_vertex_degree": 9.166666666666666,
    "edge_order_std_dev": 2.733536577809454,
    "edge_weight_std_dev": 0.6116796803907601,
    "induced_norm": 24.12629569648282,
    "max_edge_order": 12,
    "max_edge_weight": 5.167562539239255,
    "max_vertex_degree": 12,
    "min_edge_order": 5,
    "min_edge_weight": 0.005422893960762731,
    "n_qubits": 6,
    "total_pstrings": 67
}