{
    "avg_edge_order": 9.166666666666666,
    "avg_edge_weight": 0.29623053134810856,
    "avg_vertex_degree": 9.166666666666666,
    "edge_order_std_dev": 2.733536577809454,
    "edge_weight_std_dev": 0.5359496180287227,
    "induced_norm": 19.847445600323265,
    "max_edge_order": 12,
    "max_edge_weight": 4.426903396332784,
    "max_vertex_degree": 12,
    "min_edge_order": 5,
    "min_edge_weight": 0.0075612393047979065,
    "n_qubits": 6,
    "total_pstrings": 67
}