{
    "avg_edge_order": 9.166666666666666,
    "avg_edge_weight": 0.3605940144052052,
    "avg_vertex_degree": 9.166666666666666,
    "edge_order_std_dev": 2.733536577809454,
    "edge_weight_std_dev": 0.5405434965359055,
    "induced_norm": 24.159798965148745,
    "max_edge_order": 12,
    "max_edge_weight": 4.439393856381908,
    "max_vertex_degree": 12,
    "min_edge_order": 5,
    "min_edge_weight": 0.008139551310545778,
    "n_qubits": 6,
    "total_pstrings": 67
}