{
    "avg_edge_order": 9.166666666666666,
    "avg_edge_weight": 0.3117553921039089,
    "avg_vertex_degree": 9.166666666666666,
    "edge_order_std_dev": 2.733536577809454,
    "edge_weight_std_dev": 0.5141480162927341,
    "induced_norm": 20.887611270961887,
    "max_edge_order": 12,
    "max_edge_weight": 4.2492755663527095,
    "max_vertex_degree": 12,
    "min_edge_order": 5,
    "min_edge_weight": 0.007514600236339097,
    "n_qubits": 6,
    "total_pstrings": 67
}