{
    "avg_edge_order": 4.75,
    "avg_edge_weight": 0.31542250551028794,
    "avg_vertex_degree": 4.75,
    "edge_order_std_dev": 1.299038105676658,
    "edge_weight_std_dev": 0.42172483546183304,
    "induced_norm": 9.147252659798351,
    "max_edge_order": 6,
    "max_edge_weight": 2.3992968476072676,
    "max_vertex_degree": 6,
    "min_edge_order": 3,
    "min_edge_weight": 0.010616248187875654,
    "n_qubits": 4,
    "total_pstrings": 29
}