{
    "avg_edge_order": 9.166666666666666,
    "avg_edge_weight": 0.3556159064147724,
    "avg_vertex_degree": 9.166666666666666,
    "edge_order_std_dev": 2.733536577809454,
    "edge_weight_std_dev": 0.6036779693535275,
    "induced_norm": 24.181881636204526,
    "max_edge_order": 12,
    "max_edge_weight": 4.654878633170853,
    "max_vertex_degree": 12,
    "min_edge_order": 5,
    "min_edge_weight": 0.006343218036837406,
    "n_qubits": 6,
    "total_pstrings": 68
}