{
    "avg_edge_order": 9.166666666666666,
    "avg_edge_weight": 0.3477785057686487,
    "avg_vertex_degree": 9.166666666666666,
    "edge_order_std_dev": 2.733536577809454,
    "edge_weight_std_dev": 0.5708385975090862,
    "induced_norm": 23.648938392268118,
    "max_edge_order": 12,
    "max_edge_weight": 4.7724110279713114,
    "max_vertex_degree": 12,
    "min_edge_order": 5,
    "min_edge_weight": 0.00575045454434131,
    "n_qubits": 6,
    "total_pstrings": 68
}