{
    "avg_edge_order": 9.166666666666666,
    "avg_edge_weight": 0.3871776123265356,
    "avg_vertex_degree": 9.166666666666666,
    "edge_order_std_dev": 2.733536577809454,
    "edge_weight_std_dev": 0.6838023287585785,
    "induced_norm": 26.328077638204416,
    "max_edge_order": 12,
    "max_edge_weight": 5.7699403307476995,
    "max_vertex_degree": 12,
    "min_edge_order": 5,
    "min_edge_weight": 0.009595908210156101,
    "n_qubits": 6,
    "total_pstrings": 68
}