{
    "avg_edge_order": 9.166666666666666,
    "avg_edge_weight": 0.31237396949885365,
    "avg_vertex_degree": 9.166666666666666,
    "edge_order_std_dev": 2.733536577809454,
    "edge_weight_std_dev": 0.5021127095152705,
    "induced_norm": 21.24142992592204,
    "max_edge_order": 12,
    "max_edge_weight": 4.108867420747691,
    "max_vertex_degree": 12,
    "min_edge_order": 5,
    "min_edge_weight": 0.00023212056541910275,
    "n_qubits": 6,
    "total_pstrings": 68
}