{
    "avg_edge_order": 9.166666666666666,
    "avg_edge_weight": 0.31531380957681693,
    "avg_vertex_degree": 9.166666666666666,
    "edge_order_std_dev": 2.733536577809454,
    "edge_weight_std_dev": 0.5273077081754287,
    "induced_norm": 21.441339051223554,
    "max_edge_order": 12,
    "max_edge_weight": 4.372370498635952,
    "max_vertex_degree": 12,
    "min_edge_order": 5,
    "min_edge_weight": 0.0029569370745470835,
    "n_qubits": 6,
    "total_pstrings": 68
}