{
    "avg_edge_order": 9.166666666666666,
    "avg_edge_weight": 0.3396458412479585,
    "avg_vertex_degree": 9.166666666666666,
    "edge_order_std_dev": 2.733536577809454,
    "edge_weight_std_dev": 0.5705022498988663,
    "induced_norm": 23.09591720486119,
    "max_edge_order": 12,
    "max_edge_weight": 4.8153121782205766,
    "max_vertex_degree": 12,
    "min_edge_order": 5,
    "min_edge_weight": 0.01996287540933117,
    "n_qubits": 6,
    "total_pstrings": 68
}