{
    "avg_edge_order": 4.75,
    "avg_edge_weight": 0.4039831145753573,
    "avg_vertex_degree": 4.75,
    "edge_order_std_dev": 1.299038105676658,
    "edge_weight_std_dev": 0.45655498660966487,
    "induced_norm": 11.715510322685363,
    "max_edge_order": 6,
    "max_edge_weight": 2.660787277149046,
    "max_vertex_degree": 6,
    "min_edge_order": 3,
    "min_edge_weight": 0.08449192229677005,
    "n_qubits": 4,
    "total_pstrings": 29
}