{
    "avg_edge_order": 9.166666666666666,
    "avg_edge_weight": 0.38557389346940696,
    "avg_vertex_degree": 9.166666666666666,
    "edge_order_std_dev": 2.733536577809454,
    "edge_weight_std_dev": 0.6051057207735512,
    "induced_norm": 27.37574643632789,
    "max_edge_order": 12,
    "max_edge_weight": 4.781311254850643,
    "max_vertex_degree": 12,
    "min_edge_order": 5,
    "min_edge_weight": 0.002778769611866627,
    "n_qubits": 6,
    "total_pstrings": 71
}