{
    "avg_edge_order": 9.166666666666666,
    "avg_edge_weight": 0.386151285970953,
    "avg_vertex_degree": 9.166666666666666,
    "edge_order_std_dev": 2.733536577809454,
    "edge_weight_std_dev": 0.5903099025989563,
    "induced_norm": 27.41674130393767,
    "max_edge_order": 12,
    "max_edge_weight": 4.72020998180802,
    "max_vertex_degree": 12,
    "min_edge_order": 5,
    "min_edge_weight": 0.004405986934544137,
    "n_qubits": 6,
    "total_pstrings": 71
}