{
    "avg_edge_order": 9.166666666666666,
    "avg_edge_weight": 0.3897065504948005,
    "avg_vertex_degree": 9.166666666666666,
    "edge_order_std_dev": 2.733536577809454,
    "edge_weight_std_dev": 0.5877168673761176,
    "induced_norm": 27.66916508513083,
    "max_edge_order": 12,
    "max_edge_weight": 4.698376646395281,
    "max_vertex_degree": 12,
    "min_edge_order": 5,
    "min_edge_weight": 0.010338301216931856,
    "n_qubits": 6,
    "total_pstrings": 71
}