{
    "avg_edge_order": 4.75,
    "avg_edge_weight": 0.3684023922377388,
    "avg_vertex_degree": 4.75,
    "edge_order_std_dev": 1.299038105676658,
    "edge_weight_std_dev": 0.48345456194648895,
    "induced_norm": 10.683669374894427,
    "max_edge_order": 6,
    "max_edge_weight": 2.8264987760374636,
    "max_vertex_degree": 6,
    "min_edge_order": 3,
    "min_edge_weight": 0.04203678191252974,
    "n_qubits": 4,
    "total_pstrings": 29
}