{
    "avg_edge_order": 9.166666666666666,
    "avg_edge_weight": 0.405142983946481,
    "avg_vertex_degree": 9.166666666666666,
    "edge_order_std_dev": 2.733536577809454,
    "edge_weight_std_dev": 0.6810556344267249,
    "induced_norm": 28.765151860200156,
    "max_edge_order": 12,
    "max_edge_weight": 5.519675612967223,
    "max_vertex_degree": 12,
    "min_edge_order": 5,
    "min_edge_weight": 0.0016885913537866837,
    "n_qubits": 6,
    "total_pstrings": 71
}