{
    "avg_edge_order": 9.166666666666666,
    "avg_edge_weight": 0.3742919805922773,
    "avg_vertex_degree": 9.166666666666666,
    "edge_order_std_dev": 2.733536577809454,
    "edge_weight_std_dev": 0.619660386562795,
    "induced_norm": 26.574730622051685,
    "max_edge_order": 12,
    "max_edge_weight": 4.893170284365487,
    "max_vertex_degree": 12,
    "min_edge_order": 5,
    "min_edge_weight": 0.013286102207761441,
    "n_qubits": 6,
    "total_pstrings": 71
}