{
    "avg_edge_order": 9.166666666666666,
    "avg_edge_weight": 0.392606722264485,
    "avg_vertex_degree": 9.166666666666666,
    "edge_order_std_dev": 2.733536577809454,
    "edge_weight_std_dev": 0.6544118495371858,
    "induced_norm": 27.875077280778434,
    "max_edge_order": 12,
    "max_edge_weight": 5.017452851525714,
    "max_vertex_degree": 12,
    "min_edge_order": 5,
    "min_edge_weight": 0.0009375769552011359,
    "n_qubits": 6,
    "total_pstrings": 71
}