{
    "avg_edge_order": 11.857142857142858,
    "avg_edge_weight": 0.30600764206508996,
    "avg_vertex_degree": 11.857142857142858,
    "edge_order_std_dev": 3.6811710647786073,
    "edge_weight_std_dev": 0.5840700256656033,
    "induced_norm": 28.152703069988277,
    "max_edge_order": 16,
    "max_edge_weight": 5.701819852642993,
    "max_vertex_degree": 16,
    "min_edge_order": 6,
    "min_edge_weight": 0.00381996729430617,
    "n_qubits": 7,
    "total_pstrings": 92
}