{
    "avg_edge_order": 11.857142857142858,
    "avg_edge_weight": 0.32538624362571594,
    "avg_vertex_degree": 11.857142857142858,
    "edge_order_std_dev": 3.6811710647786073,
    "edge_weight_std_dev": 0.5888868390342575,
    "induced_norm": 29.935534413565875,
    "max_edge_order": 16,
    "max_edge_weight": 5.783319858823721,
    "max_vertex_degree": 16,
    "min_edge_order": 6,
    "min_edge_weight": 0.004951346410324575,
    "n_qubits": 7,
    "total_pstrings": 92
}