{
    "avg_edge_order": 11.857142857142858,
    "avg_edge_weight": 0.3221859069788155,
    "avg_vertex_degree": 11.857142857142858,
    "edge_order_std_dev": 3.6811710647786073,
    "edge_weight_std_dev": 0.5999553605816514,
    "induced_norm": 29.641103442051016,
    "max_edge_order": 16,
    "max_edge_weight": 5.892545486011866,
    "max_vertex_degree": 16,
    "min_edge_order": 6,
    "min_edge_weight": 0.007329137816387277,
    "n_qubits": 7,
    "total_pstrings": 92
}