{
    "avg_edge_order": 11.857142857142858,
    "avg_edge_weight": 0.3046668829148642,
    "avg_vertex_degree": 11.857142857142858,
    "edge_order_std_dev": 3.6811710647786073,
    "edge_weight_std_dev": 0.6244482224239915,
    "induced_norm": 28.029353228167505,
    "max_edge_order": 16,
    "max_edge_weight": 6.113269959183059,
    "max_vertex_degree": 16,
    "min_edge_order": 6,
    "min_edge_weight": 7.883416645093622e-06,
    "n_qubits": 7,
    "total_pstrings": 92
}