{
    "avg_edge_order": 11.857142857142858,
    "avg_edge_weight": 0.3324239428318208,
    "avg_vertex_degree": 11.857142857142858,
    "edge_order_std_dev": 3.6811710647786073,
    "edge_weight_std_dev": 0.6566623214561887,
    "induced_norm": 30.58300274052751,
    "max_edge_order": 16,
    "max_edge_weight": 6.471348414805259,
    "max_vertex_degree": 16,
    "min_edge_order": 6,
    "min_edge_weight": 0.00817003822802359,
    "n_qubits": 7,
    "total_pstrings": 92
}