{
    "avg_edge_order": 11.857142857142858,
    "avg_edge_weight": 0.29927045138449704,
    "avg_vertex_degree": 11.857142857142858,
    "edge_order_std_dev": 3.6811710647786073,
    "edge_weight_std_dev": 0.5816088794366525,
    "induced_norm": 27.532881527373736,
    "max_edge_order": 16,
    "max_edge_weight": 5.672822284320937,
    "max_vertex_degree": 16,
    "min_edge_order": 6,
    "min_edge_weight": 0.004706971461757581,
    "n_qubits": 7,
    "total_pstrings": 92
}