{
    "avg_edge_order": 11.857142857142858,
    "avg_edge_weight": 0.31977066174933033,
    "avg_vertex_degree": 11.857142857142858,
    "edge_order_std_dev": 3.6811710647786073,
    "edge_weight_std_dev": 0.5569748459252837,
    "induced_norm": 29.41890088093839,
    "max_edge_order": 16,
    "max_edge_weight": 5.450862292340571,
    "max_vertex_degree": 16,
    "min_edge_order": 6,
    "min_edge_weight": 0.005420447876925083,
    "n_qubits": 7,
    "total_pstrings": 92
}