{
    "avg_edge_order": 11.857142857142858,
    "avg_edge_weight": 0.3089091699686824,
    "avg_vertex_degree": 11.857142857142858,
    "edge_order_std_dev": 3.6811710647786073,
    "edge_weight_std_dev": 0.5573205310730269,
    "induced_norm": 28.419643637118778,
    "max_edge_order": 16,
    "max_edge_weight": 5.441625999451469,
    "max_vertex_degree": 16,
    "min_edge_order": 6,
    "min_edge_weight": 0.0007278351431727059,
    "n_qubits": 7,
    "total_pstrings": 92
}