{
    "avg_edge_order": 11.857142857142858,
    "avg_edge_weight": 0.32117792995823374,
    "avg_vertex_degree": 11.857142857142858,
    "edge_order_std_dev": 3.6811710647786073,
    "edge_weight_std_dev": 0.624145546428845,
    "induced_norm": 29.548369556157503,
    "max_edge_order": 16,
    "max_edge_weight": 6.118108357513019,
    "max_vertex_degree": 16,
    "min_edge_order": 6,
    "min_edge_weight": 0.0078385018665999,
    "n_qubits": 7,
    "total_pstrings": 92
}