{
    "avg_edge_order": 11.857142857142858,
    "avg_edge_weight": 0.3272770053370467,
    "avg_vertex_degree": 11.857142857142858,
    "edge_order_std_dev": 3.6811710647786073,
    "edge_weight_std_dev": 0.6055816659088464,
    "induced_norm": 30.109484491008292,
    "max_edge_order": 16,
    "max_edge_weight": 5.925668973153953,
    "max_vertex_degree": 16,
    "min_edge_order": 6,
    "min_edge_weight": 0.0014653604232797157,
    "n_qubits": 7,
    "total_pstrings": 92
}