{
    "avg_edge_order": 4.75,
    "avg_edge_weight": 0.3014400677071384,
    "avg_vertex_degree": 4.75,
    "edge_order_std_dev": 1.299038105676658,
    "edge_weight_std_dev": 0.39802110625203946,
    "induced_norm": 8.741761963507011,
    "max_edge_order": 6,
    "max_edge_weight": 2.2466202612757877,
    "max_vertex_degree": 6,
    "min_edge_order": 3,
    "min_edge_weight": 0.004571065902810367,
    "n_qubits": 4,
    "total_pstrings": 29
}