{
    "avg_edge_order": 11.857142857142858,
    "avg_edge_weight": 0.3288117820296068,
    "avg_vertex_degree": 11.857142857142858,
    "edge_order_std_dev": 3.6811710647786073,
    "edge_weight_std_dev": 0.6204479591409912,
    "induced_norm": 30.25068394672382,
    "max_edge_order": 16,
    "max_edge_weight": 6.050102403909785,
    "max_vertex_degree": 16,
    "min_edge_order": 6,
    "min_edge_weight": 0.008953006271781194,
    "n_qubits": 7,
    "total_pstrings": 92
}