{
    "avg_edge_order": 11.857142857142858,
    "avg_edge_weight": 0.30586304065957615,
    "avg_vertex_degree": 11.857142857142858,
    "edge_order_std_dev": 3.6811710647786073,
    "edge_weight_std_dev": 0.5965525077939683,
    "induced_norm": 28.139399740681004,
    "max_edge_order": 16,
    "max_edge_weight": 5.737137350002957,
    "max_vertex_degree": 16,
    "min_edge_order": 6,
    "min_edge_weight": 0.003157973793296742,
    "n_qubits": 7,
    "total_pstrings": 92
}