{
    "avg_edge_order": 11.857142857142858,
    "avg_edge_weight": 0.2941749947269063,
    "avg_vertex_degree": 11.857142857142858,
    "edge_order_std_dev": 3.6811710647786073,
    "edge_weight_std_dev": 0.5971776841094444,
    "induced_norm": 27.064099514875384,
    "max_edge_order": 16,
    "max_edge_weight": 5.819963602942779,
    "max_vertex_degree": 16,
    "min_edge_order": 6,
    "min_edge_weight": 0.0011286585974508156,
    "n_qubits": 7,
    "total_pstrings": 92
}