{
    "avg_edge_order": 11.857142857142858,
    "avg_edge_weight": 0.326223004038871,
    "avg_vertex_degree": 11.857142857142858,
    "edge_order_std_dev": 3.6811710647786073,
    "edge_weight_std_dev": 0.5743866208500255,
    "induced_norm": 30.01251637157614,
    "max_edge_order": 16,
    "max_edge_weight": 5.610151334422247,
    "max_vertex_degree": 16,
    "min_edge_order": 6,
    "min_edge_weight": 0.0016452641463076123,
    "n_qubits": 7,
    "total_pstrings": 92
}