{
    "avg_edge_order": 11.857142857142858,
    "avg_edge_weight": 0.3204545989682015,
    "avg_vertex_degree": 11.857142857142858,
    "edge_order_std_dev": 3.6811710647786073,
    "edge_weight_std_dev": 0.6545429353233406,
    "induced_norm": 29.481823105074543,
    "max_edge_order": 16,
    "max_edge_weight": 6.382159661265005,
    "max_vertex_degree": 16,
    "min_edge_order": 6,
    "min_edge_weight": 0.003021369691463327,
    "n_qubits": 7,
    "total_pstrings": 92
}