{
    "avg_edge_order": 11.857142857142858,
    "avg_edge_weight": 0.30733007034791254,
    "avg_vertex_degree": 11.857142857142858,
    "edge_order_std_dev": 3.6811710647786073,
    "edge_weight_std_dev": 0.6260627143478339,
    "induced_norm": 28.274366472007962,
    "max_edge_order": 16,
    "max_edge_weight": 5.915809315255309,
    "max_vertex_degree": 16,
    "min_edge_order": 6,
    "min_edge_weight": 0.0031976706639245678,
    "n_qubits": 7,
    "total_pstrings": 92
}