{
    "avg_edge_order": 11.857142857142858,
    "avg_edge_weight": 0.3331338413088521,
    "avg_vertex_degree": 11.857142857142858,
    "edge_order_std_dev": 3.6811710647786073,
    "edge_weight_std_dev": 0.6773081810502384,
    "induced_norm": 30.648313400414384,
    "max_edge_order": 16,
    "max_edge_weight": 6.6201696560267935,
    "max_vertex_degree": 16,
    "min_edge_order": 6,
    "min_edge_weight": 0.0006600595903891726,
    "n_qubits": 7,
    "total_pstrings": 92
}