{
    "avg_edge_order": 11.857142857142858,
    "avg_edge_weight": 0.3125161237125251,
    "avg_vertex_degree": 11.857142857142858,
    "edge_order_std_dev": 3.6811710647786073,
    "edge_weight_std_dev": 0.5974277530907862,
    "induced_norm": 28.751483381552315,
    "max_edge_order": 16,
    "max_edge_weight": 5.8679742091778495,
    "max_vertex_degree": 16,
    "min_edge_order": 6,
    "min_edge_weight": 0.0017982677139556924,
    "n_qubits": 7,
    "total_pstrings": 92
}