{
    "avg_edge_order": 11.857142857142858,
    "avg_edge_weight": 0.3116819076355744,
    "avg_vertex_degree": 11.857142857142858,
    "edge_order_std_dev": 3.6811710647786073,
    "edge_weight_std_dev": 0.5734381226341216,
    "induced_norm": 28.674735502472846,
    "max_edge_order": 16,
    "max_edge_weight": 5.546745655275409,
    "max_vertex_degree": 16,
    "min_edge_order": 6,
    "min_edge_weight": 0.0001296500284425628,
    "n_qubits": 7,
    "total_pstrings": 92
}