{
    "avg_edge_order": 11.857142857142858,
    "avg_edge_weight": 0.33159720888013,
    "avg_vertex_degree": 11.857142857142858,
    "edge_order_std_dev": 3.6811710647786073,
    "edge_weight_std_dev": 0.5957500443605271,
    "induced_norm": 30.83854042585209,
    "max_edge_order": 16,
    "max_edge_weight": 5.742800848341085,
    "max_vertex_degree": 16,
    "min_edge_order": 6,
    "min_edge_weight": 0.008553813721145775,
    "n_qubits": 7,
    "total_pstrings": 93
}