{
    "avg_edge_order": 11.857142857142858,
    "avg_edge_weight": 0.32924082469991556,
    "avg_vertex_degree": 11.857142857142858,
    "edge_order_std_dev": 3.6811710647786073,
    "edge_weight_std_dev": 0.5587394800894508,
    "induced_norm": 30.619396697092153,
    "max_edge_order": 16,
    "max_edge_weight": 5.402029572630582,
    "max_vertex_degree": 16,
    "min_edge_order": 6,
    "min_edge_weight": 0.004671508585535222,
    "n_qubits": 7,
    "total_pstrings": 93
}