{
    "avg_edge_order": 11.857142857142858,
    "avg_edge_weight": 0.32570450938942386,
    "avg_vertex_degree": 11.857142857142858,
    "edge_order_std_dev": 3.6811710647786073,
    "edge_weight_std_dev": 0.5785837384595388,
    "induced_norm": 30.290519373216416,
    "max_edge_order": 16,
    "max_edge_weight": 5.476619008404325,
    "max_vertex_degree": 16,
    "min_edge_order": 6,
    "min_edge_weight": 0.0030593902843124576,
    "n_qubits": 7,
    "total_pstrings": 93
}