{
    "avg_edge_order": 11.857142857142858,
    "avg_edge_weight": 0.3209927250328844,
    "avg_vertex_degree": 11.857142857142858,
    "edge_order_std_dev": 3.6811710647786073,
    "edge_weight_std_dev": 0.5417584764304151,
    "induced_norm": 29.852323428058256,
    "max_edge_order": 16,
    "max_edge_weight": 5.089376180559335,
    "max_vertex_degree": 16,
    "min_edge_order": 6,
    "min_edge_weight": 0.0007042741106110251,
    "n_qubits": 7,
    "total_pstrings": 93
}