{
    "avg_edge_order": 11.857142857142858,
    "avg_edge_weight": 0.2990999360988361,
    "avg_vertex_degree": 11.857142857142858,
    "edge_order_std_dev": 3.6811710647786073,
    "edge_weight_std_dev": 0.508102311633388,
    "induced_norm": 27.816294057191758,
    "max_edge_order": 16,
    "max_edge_weight": 4.8201689430845684,
    "max_vertex_degree": 16,
    "min_edge_order": 6,
    "min_edge_weight": 0.005812208795441531,
    "n_qubits": 7,
    "total_pstrings": 93
}