{
    "avg_edge_order": 11.857142857142858,
    "avg_edge_weight": 0.31823399344420666,
    "avg_vertex_degree": 11.857142857142858,
    "edge_order_std_dev": 3.6811710647786073,
    "edge_weight_std_dev": 0.6176963052436832,
    "induced_norm": 29.595761390311225,
    "max_edge_order": 16,
    "max_edge_weight": 5.905709028505961,
    "max_vertex_degree": 16,
    "min_edge_order": 6,
    "min_edge_weight": 0.004076255128579176,
    "n_qubits": 7,
    "total_pstrings": 93
}