{
    "avg_edge_order": 11.857142857142858,
    "avg_edge_weight": 0.3599092487767988,
    "avg_vertex_degree": 11.857142857142858,
    "edge_order_std_dev": 3.6811710647786073,
    "edge_weight_std_dev": 0.6459397881537005,
    "induced_norm": 33.471560136242296,
    "max_edge_order": 16,
    "max_edge_weight": 6.296338014124418,
    "max_vertex_degree": 16,
    "min_edge_order": 6,
    "min_edge_weight": 0.012208231698860872,
    "n_qubits": 7,
    "total_pstrings": 93
}