{
    "avg_edge_order": 4.75,
    "avg_edge_weight": 0.34527901647830544,
    "avg_vertex_degree": 4.75,
    "edge_order_std_dev": 1.299038105676658,
    "edge_weight_std_dev": 0.49191446262216165,
    "induced_norm": 10.013091477870859,
    "max_edge_order": 6,
    "max_edge_weight": 2.785801280976937,
    "max_vertex_degree": 6,
    "min_edge_order": 3,
    "min_edge_weight": 0.0033184465316313805,
    "n_qubits": 4,
    "total_pstrings": 29
}