{
    "avg_edge_order": 11.857142857142858,
    "avg_edge_weight": 0.3115220617736358,
    "avg_vertex_degree": 11.857142857142858,
    "edge_order_std_dev": 3.6811710647786073,
    "edge_weight_std_dev": 0.5604151068543922,
    "induced_norm": 28.971551744948126,
    "max_edge_order": 16,
    "max_edge_weight": 5.4755477100799,
    "max_vertex_degree": 16,
    "min_edge_order": 6,
    "min_edge_weight": 0.00853554632068898,
    "n_qubits": 7,
    "total_pstrings": 93
}