{
    "avg_edge_order": 11.857142857142858,
    "avg_edge_weight": 0.32340497686072245,
    "avg_vertex_degree": 11.857142857142858,
    "edge_order_std_dev": 3.6811710647786073,
    "edge_weight_std_dev": 0.5915077304274383,
    "induced_norm": 30.076662848047178,
    "max_edge_order": 16,
    "max_edge_weight": 5.642633881612724,
    "max_vertex_degree": 16,
    "min_edge_order": 6,
    "min_edge_weight": 0.002678422902505473,
    "n_qubits": 7,
    "total_pstrings": 93
}