{
    "avg_edge_order": 11.857142857142858,
    "avg_edge_weight": 0.29091741249297054,
    "avg_vertex_degree": 11.857142857142858,
    "edge_order_std_dev": 3.6811710647786073,
    "edge_weight_std_dev": 0.6016173828077985,
    "induced_norm": 27.05531936184625,
    "max_edge_order": 16,
    "max_edge_weight": 5.886868702616612,
    "max_vertex_degree": 16,
    "min_edge_order": 6,
    "min_edge_weight": 0.0012565455265087788,
    "n_qubits": 7,
    "total_pstrings": 93
}