{
    "avg_edge_order": 11.857142857142858,
    "avg_edge_weight": 0.2994774066682358,
    "avg_vertex_degree": 11.857142857142858,
    "edge_order_std_dev": 3.6811710647786073,
    "edge_weight_std_dev": 0.5334663916061214,
    "induced_norm": 27.85139882014592,
    "max_edge_order": 16,
    "max_edge_weight": 5.01001082576866,
    "max_vertex_degree": 16,
    "min_edge_order": 6,
    "min_edge_weight": 0.0004404811429660205,
    "n_qubits": 7,
    "total_pstrings": 93
}