{
    "avg_edge_order": 11.857142857142858,
    "avg_edge_weight": 0.3401868669393519,
    "avg_vertex_degree": 11.857142857142858,
    "edge_order_std_dev": 3.6811710647786073,
    "edge_weight_std_dev": 0.6421975298887039,
    "induced_norm": 31.637378625359737,
    "max_edge_order": 16,
    "max_edge_weight": 6.017394618540705,
    "max_vertex_degree": 16,
    "min_edge_order": 6,
    "min_edge_weight": 0.010904150541371116,
    "n_qubits": 7,
    "total_pstrings": 93
}