{
    "avg_edge_order": 11.857142857142858,
    "avg_edge_weight": 0.34957014469538955,
    "avg_vertex_degree": 11.857142857142858,
    "edge_order_std_dev": 3.6811710647786073,
    "edge_weight_std_dev": 0.6509515996263419,
    "induced_norm": 33.5587338907574,
    "max_edge_order": 16,
    "max_edge_weight": 6.331533256933972,
    "max_vertex_degree": 16,
    "min_edge_order": 6,
    "min_edge_weight": 0.00213357652837165,
    "n_qubits": 7,
    "total_pstrings": 96
}