{
    "avg_edge_order": 11.857142857142858,
    "avg_edge_weight": 0.32319783122243506,
    "avg_vertex_degree": 11.857142857142858,
    "edge_order_std_dev": 3.6811710647786073,
    "edge_weight_std_dev": 0.6271766867870889,
    "induced_norm": 31.026991797353766,
    "max_edge_order": 16,
    "max_edge_weight": 5.946154210054791,
    "max_vertex_degree": 16,
    "min_edge_order": 6,
    "min_edge_weight": 0.003013916095042035,
    "n_qubits": 7,
    "total_pstrings": 96
}