{
    "avg_edge_order": 11.857142857142858,
    "avg_edge_weight": 0.3513224994075035,
    "avg_vertex_degree": 11.857142857142858,
    "edge_order_std_dev": 3.6811710647786073,
    "edge_weight_std_dev": 0.6499356677695176,
    "induced_norm": 33.72695994312035,
    "max_edge_order": 16,
    "max_edge_weight": 6.26471319213067,
    "max_vertex_degree": 16,
    "min_edge_order": 6,
    "min_edge_weight": 0.015447672480809638,
    "n_qubits": 7,
    "total_pstrings": 96
}