{
    "avg_edge_order": 11.857142857142858,
    "avg_edge_weight": 0.3221819986088725,
    "avg_vertex_degree": 11.857142857142858,
    "edge_order_std_dev": 3.6811710647786073,
    "edge_weight_std_dev": 0.6225057337343007,
    "induced_norm": 30.92947186645176,
    "max_edge_order": 16,
    "max_edge_weight": 6.0351873420914695,
    "max_vertex_degree": 16,
    "min_edge_order": 6,
    "min_edge_weight": 0.006591608257316528,
    "n_qubits": 7,
    "total_pstrings": 96
}