{
    "avg_edge_order": 11.857142857142858,
    "avg_edge_weight": 0.32865114312700433,
    "avg_vertex_degree": 11.857142857142858,
    "edge_order_std_dev": 3.6811710647786073,
    "edge_weight_std_dev": 0.5989165784527043,
    "induced_norm": 31.550509740192414,
    "max_edge_order": 16,
    "max_edge_weight": 5.7341382757777435,
    "max_vertex_degree": 16,
    "min_edge_order": 6,
    "min_edge_weight": 0.007569947769404339,
    "n_qubits": 7,
    "total_pstrings": 96
}