{
    "avg_edge_order": 4.75,
    "avg_edge_weight": 0.3178640510174961,
    "avg_vertex_degree": 4.75,
    "edge_order_std_dev": 1.299038105676658,
    "edge_weight_std_dev": 0.43848487119204493,
    "induced_norm": 9.218057479507387,
    "max_edge_order": 6,
    "max_edge_weight": 2.3308159487992617,
    "max_vertex_degree": 6,
    "min_edge_order": 3,
    "min_edge_weight": 0.00941896557221994,
    "n_qubits": 4,
    "total_pstrings": 29
}