{
    "avg_edge_order": 11.857142857142858,
    "avg_edge_weight": 0.34182419796966607,
    "avg_vertex_degree": 11.857142857142858,
    "edge_order_std_dev": 3.6811710647786073,
    "edge_weight_std_dev": 0.5902680604652405,
    "induced_norm": 32.81512300508793,
    "max_edge_order": 16,
    "max_edge_weight": 5.662231247987369,
    "max_vertex_degree": 16,
    "min_edge_order": 6,
    "min_edge_weight": 0.0016233749758226002,
    "n_qubits": 7,
    "total_pstrings": 96
}