{
    "avg_edge_order": 11.857142857142858,
    "avg_edge_weight": 0.3225065135165987,
    "avg_vertex_degree": 11.857142857142858,
    "edge_order_std_dev": 3.6811710647786073,
    "edge_weight_std_dev": 0.5511203052365666,
    "induced_norm": 30.960625297593477,
    "max_edge_order": 16,
    "max_edge_weight": 5.187701594397744,
    "max_vertex_degree": 16,
    "min_edge_order": 6,
    "min_edge_weight": 0.0016996044430702684,
    "n_qubits": 7,
    "total_pstrings": 96
}