{
    "avg_edge_order": 11.857142857142858,
    "avg_edge_weight": 0.35347601442106075,
    "avg_vertex_degree": 11.857142857142858,
    "edge_order_std_dev": 3.6811710647786073,
    "edge_weight_std_dev": 0.641803257915079,
    "induced_norm": 33.93369738442185,
    "max_edge_order": 16,
    "max_edge_weight": 5.746375236147369,
    "max_vertex_degree": 16,
    "min_edge_order": 6,
    "min_edge_weight": 0.0054524560821973544,
    "n_qubits": 7,
    "total_pstrings": 96
}