{
    "avg_edge_order": 11.857142857142858,
    "avg_edge_weight": 0.3633193329107444,
    "avg_vertex_degree": 11.857142857142858,
    "edge_order_std_dev": 3.6811710647786073,
    "edge_weight_std_dev": 0.5906130731910731,
    "induced_norm": 34.87865595943146,
    "max_edge_order": 16,
    "max_edge_weight": 5.64913098051892,
    "max_vertex_degree": 16,
    "min_edge_order": 6,
    "min_edge_weight": 0.004277137531288611,
    "n_qubits": 7,
    "total_pstrings": 96
}