{
    "avg_edge_order": 12.142857142857142,
    "avg_edge_weight": 0.3424966457703223,
    "avg_vertex_degree": 12.142857142857142,
    "edge_order_std_dev": 3.6421567954234177,
    "edge_weight_std_dev": 0.5958843302342134,
    "induced_norm": 35.27715451434321,
    "max_edge_order": 16,
    "max_edge_weight": 5.462620965465369,
    "max_vertex_degree": 16,
    "min_edge_order": 6,
    "min_edge_weight": 0.006901881716772529,
    "n_qubits": 7,
    "total_pstrings": 103
}