{
    "avg_edge_order": 12.142857142857142,
    "avg_edge_weight": 0.4064632737657093,
    "avg_vertex_degree": 12.142857142857142,
    "edge_order_std_dev": 3.6421567954234177,
    "edge_weight_std_dev": 0.6640151298231578,
    "induced_norm": 41.86571719786806,
    "max_edge_order": 16,
    "max_edge_weight": 5.486418981792981,
    "max_vertex_degree": 16,
    "min_edge_order": 6,
    "min_edge_weight": 0.006499789289919122,
    "n_qubits": 7,
    "total_pstrings": 103
}