{
    "avg_edge_order": 12.142857142857142,
    "avg_edge_weight": 0.4166862947292339,
    "avg_vertex_degree": 12.142857142857142,
    "edge_order_std_dev": 3.6421567954234177,
    "edge_weight_std_dev": 0.669566049319825,
    "induced_norm": 42.91868835711111,
    "max_edge_order": 16,
    "max_edge_weight": 6.174402881466538,
    "max_vertex_degree": 16,
    "min_edge_order": 6,
    "min_edge_weight": 0.008080970422078393,
    "n_qubits": 7,
    "total_pstrings": 103
}