{
    "avg_edge_order": 12.142857142857142,
    "avg_edge_weight": 0.37973871450469965,
    "avg_vertex_degree": 12.142857142857142,
    "edge_order_std_dev": 3.6421567954234177,
    "edge_weight_std_dev": 0.6584656737938948,
    "induced_norm": 39.11308759398407,
    "max_edge_order": 16,
    "max_edge_weight": 5.729156296694243,
    "max_vertex_degree": 16,
    "min_edge_order": 6,
    "min_edge_weight": 0.0018613091620460764,
    "n_qubits": 7,
    "total_pstrings": 103
}