{
    "avg_edge_order": 4.75,
    "avg_edge_weight": 0.33784844097099187,
    "avg_vertex_degree": 4.75,
    "edge_order_std_dev": 1.299038105676658,
    "edge_weight_std_dev": 0.4760934683749824,
    "induced_norm": 9.797604788158763,
    "max_edge_order": 6,
    "max_edge_weight": 2.7084748523389086,
    "max_vertex_degree": 6,
    "min_edge_order": 3,
    "min_edge_weight": 0.006656874743365515,
    "n_qubits": 4,
    "total_pstrings": 29
}