{
    "avg_edge_order": 12.142857142857142,
    "avg_edge_weight": 0.40765137622258407,
    "avg_vertex_degree": 12.142857142857142,
    "edge_order_std_dev": 3.6421567954234177,
    "edge_weight_std_dev": 0.609780483488459,
    "induced_norm": 41.98809175092616,
    "max_edge_order": 16,
    "max_edge_weight": 5.259656938517067,
    "max_vertex_degree": 16,
    "min_edge_order": 6,
    "min_edge_weight": 0.0026258481325933114,
    "n_qubits": 7,
    "total_pstrings": 103
}