{
    "avg_edge_order": 12.142857142857142,
    "avg_edge_weight": 0.40080864918444403,
    "avg_vertex_degree": 12.142857142857142,
    "edge_order_std_dev": 3.6421567954234177,
    "edge_weight_std_dev": 0.6817712271183557,
    "induced_norm": 41.283290865997756,
    "max_edge_order": 16,
    "max_edge_weight": 6.12625575703723,
    "max_vertex_degree": 16,
    "min_edge_order": 6,
    "min_edge_weight": 0.0003586684777557858,
    "n_qubits": 7,
    "total_pstrings": 103
}