{
    "avg_edge_order": 12.142857142857142,
    "avg_edge_weight": 0.4113899969794209,
    "avg_vertex_degree": 12.142857142857142,
    "edge_order_std_dev": 3.6421567954234177,
    "edge_weight_std_dev": 0.6932570204195954,
    "induced_norm": 42.373169688880346,
    "max_edge_order": 16,
    "max_edge_weight": 6.09991817497317,
    "max_vertex_degree": 16,
    "min_edge_order": 6,
    "min_edge_weight": 0.008779810508844965,
    "n_qubits": 7,
    "total_pstrings": 103
}