{
    "avg_edge_order": 14.875,
    "avg_edge_weight": 0.3054210252061923,
    "avg_vertex_degree": 14.875,
    "edge_order_std_dev": 4.78114787472632,
    "edge_weight_std_dev": 0.6090877763675497,
    "induced_norm": 36.95594404994927,
    "max_edge_order": 20,
    "max_edge_weight": 6.820533255442218,
    "max_vertex_degree": 20,
    "min_edge_order": 7,
    "min_edge_weight": 0.0029140389736696526,
    "n_qubits": 8,
    "total_pstrings": 121
}