{
    "avg_edge_order": 14.875,
    "avg_edge_weight": 0.30877715183146265,
    "avg_vertex_degree": 14.875,
    "edge_order_std_dev": 4.78114787472632,
    "edge_weight_std_dev": 0.5726550406775031,
    "induced_norm": 37.362035371606986,
    "max_edge_order": 20,
    "max_edge_weight": 6.391501402727914,
    "max_vertex_degree": 20,
    "min_edge_order": 7,
    "min_edge_weight": 0.004122344188939753,
    "n_qubits": 8,
    "total_pstrings": 121
}