{
    "avg_edge_order": 14.875,
    "avg_edge_weight": 0.2993475514750947,
    "avg_vertex_degree": 14.875,
    "edge_order_std_dev": 4.78114787472632,
    "edge_weight_std_dev": 0.6201966499735833,
    "induced_norm": 36.22105372848643,
    "max_edge_order": 20,
    "max_edge_weight": 6.9080605694752615,
    "max_vertex_degree": 20,
    "min_edge_order": 7,
    "min_edge_weight": 0.011571135758645879,
    "n_qubits": 8,
    "total_pstrings": 121
}