{
    "avg_edge_order": 14.875,
    "avg_edge_weight": 0.3343675628263864,
    "avg_vertex_degree": 14.875,
    "edge_order_std_dev": 4.78114787472632,
    "edge_weight_std_dev": 0.6516405675707139,
    "induced_norm": 40.458475101992754,
    "max_edge_order": 20,
    "max_edge_weight": 7.281977647117754,
    "max_vertex_degree": 20,
    "min_edge_order": 7,
    "min_edge_weight": 0.0020600031764014815,
    "n_qubits": 8,
    "total_pstrings": 121
}