{
    "avg_edge_order": 14.875,
    "avg_edge_weight": 0.3115946257126382,
    "avg_vertex_degree": 14.875,
    "edge_order_std_dev": 4.78114787472632,
    "edge_weight_std_dev": 0.617150365153667,
    "induced_norm": 37.702949711229216,
    "max_edge_order": 20,
    "max_edge_weight": 6.8385850567506665,
    "max_vertex_degree": 20,
    "min_edge_order": 7,
    "min_edge_weight": 0.009506481794397448,
    "n_qubits": 8,
    "total_pstrings": 121
}