{
    "avg_edge_order": 14.875,
    "avg_edge_weight": 0.28651397245009386,
    "avg_vertex_degree": 14.875,
    "edge_order_std_dev": 4.78114787472632,
    "edge_weight_std_dev": 0.5777789732300688,
    "induced_norm": 34.66819066646136,
    "max_edge_order": 20,
    "max_edge_weight": 6.4145128231614,
    "max_vertex_degree": 20,
    "min_edge_order": 7,
    "min_edge_weight": 0.0006719988832891155,
    "n_qubits": 8,
    "total_pstrings": 121
}