{
    "avg_edge_order": 14.875,
    "avg_edge_weight": 0.2757637659286056,
    "avg_vertex_degree": 14.875,
    "edge_order_std_dev": 4.78114787472632,
    "edge_weight_std_dev": 0.6105210824802351,
    "induced_norm": 33.367415677361265,
    "max_edge_order": 20,
    "max_edge_weight": 6.778526843832664,
    "max_vertex_degree": 20,
    "min_edge_order": 7,
    "min_edge_weight": 0.002764696420786028,
    "n_qubits": 8,
    "total_pstrings": 121
}