{
    "avg_edge_order": 14.875,
    "avg_edge_weight": 0.3122952996342872,
    "avg_vertex_degree": 14.875,
    "edge_order_std_dev": 4.78114787472632,
    "edge_weight_std_dev": 0.6398015864005481,
    "induced_norm": 37.78773125574874,
    "max_edge_order": 20,
    "max_edge_weight": 7.161491349244104,
    "max_vertex_degree": 20,
    "min_edge_order": 7,
    "min_edge_weight": 0.006769030142195431,
    "n_qubits": 8,
    "total_pstrings": 121
}