{
    "avg_edge_order": 14.875,
    "avg_edge_weight": 0.32514372035917044,
    "avg_vertex_degree": 14.875,
    "edge_order_std_dev": 4.78114787472632,
    "edge_weight_std_dev": 0.6404437710589154,
    "induced_norm": 39.34239016345962,
    "max_edge_order": 20,
    "max_edge_weight": 7.162994232081576,
    "max_vertex_degree": 20,
    "min_edge_order": 7,
    "min_edge_weight": 0.002968960343655569,
    "n_qubits": 8,
    "total_pstrings": 121
}