{
    "avg_edge_order": 14.875,
    "avg_edge_weight": 0.2858383722825539,
    "avg_vertex_degree": 14.875,
    "edge_order_std_dev": 4.78114787472632,
    "edge_weight_std_dev": 0.6491333042940096,
    "induced_norm": 34.586443046189025,
    "max_edge_order": 20,
    "max_edge_weight": 7.222312898200286,
    "max_vertex_degree": 20,
    "min_edge_order": 7,
    "min_edge_weight": 0.0052694618499194434,
    "n_qubits": 8,
    "total_pstrings": 121
}