{
    "avg_edge_order": 14.875,
    "avg_edge_weight": 0.31124449593655473,
    "avg_vertex_degree": 14.875,
    "edge_order_std_dev": 4.78114787472632,
    "edge_weight_std_dev": 0.6253749399990568,
    "induced_norm": 37.66058400832313,
    "max_edge_order": 20,
    "max_edge_weight": 7.000763767563191,
    "max_vertex_degree": 20,
    "min_edge_order": 7,
    "min_edge_weight": 0.00046576580296836534,
    "n_qubits": 8,
    "total_pstrings": 121
}