{
    "avg_edge_order": 4.75,
    "avg_edge_weight": 0.3464042942087618,
    "avg_vertex_degree": 4.75,
    "edge_order_std_dev": 1.299038105676658,
    "edge_weight_std_dev": 0.5621933157653037,
    "induced_norm": 10.045724532054091,
    "max_edge_order": 6,
    "max_edge_weight": 3.2168803366169487,
    "max_vertex_degree": 6,
    "min_edge_order": 3,
    "min_edge_weight": 0.019594533299207184,
    "n_qubits": 4,
    "total_pstrings": 29
}