{
    "avg_edge_order": 14.875,
    "avg_edge_weight": 0.3256236960583773,
    "avg_vertex_degree": 14.875,
    "edge_order_std_dev": 4.78114787472632,
    "edge_weight_std_dev": 0.6308369787612889,
    "induced_norm": 39.40046722306366,
    "max_edge_order": 20,
    "max_edge_weight": 7.0056374490532,
    "max_vertex_degree": 20,
    "min_edge_order": 7,
    "min_edge_weight": 0.0031661574122832103,
    "n_qubits": 8,
    "total_pstrings": 121
}