{
    "avg_edge_order": 14.875,
    "avg_edge_weight": 0.31839079527223857,
    "avg_vertex_degree": 14.875,
    "edge_order_std_dev": 4.78114787472632,
    "edge_weight_std_dev": 0.589570510464297,
    "induced_norm": 38.52528622794085,
    "max_edge_order": 20,
    "max_edge_weight": 6.581866840432774,
    "max_vertex_degree": 20,
    "min_edge_order": 7,
    "min_edge_weight": 0.0014622780017931047,
    "n_qubits": 8,
    "total_pstrings": 121
}