{
    "avg_edge_order": 4.75,
    "avg_edge_weight": 0.31343843383563896,
    "avg_vertex_degree": 4.75,
    "edge_order_std_dev": 1.299038105676658,
    "edge_weight_std_dev": 0.39341781756461763,
    "induced_norm": 9.08971458123353,
    "max_edge_order": 6,
    "max_edge_weight": 2.2869561759377355,
    "max_vertex_degree": 6,
    "min_edge_order": 3,
    "min_edge_weight": 0.0547719568509103,
    "n_qubits": 4,
    "total_pstrings": 29
}