{
    "avg_edge_order": 14.875,
    "avg_edge_weight": 0.33295094077270126,
    "avg_vertex_degree": 14.875,
    "edge_order_std_dev": 4.78114787472632,
    "edge_weight_std_dev": 0.6321159242245142,
    "induced_norm": 40.28706383349684,
    "max_edge_order": 20,
    "max_edge_weight": 6.944070614934348,
    "max_vertex_degree": 20,
    "min_edge_order": 7,
    "min_edge_weight": 0.0006778954918632563,
    "n_qubits": 8,
    "total_pstrings": 121
}