{
    "avg_edge_order": 14.875,
    "avg_edge_weight": 0.3214707061031347,
    "avg_vertex_degree": 14.875,
    "edge_order_std_dev": 4.78114787472632,
    "edge_weight_std_dev": 0.6596948661261388,
    "induced_norm": 38.89795543847928,
    "max_edge_order": 20,
    "max_edge_weight": 7.375576027791425,
    "max_vertex_degree": 20,
    "min_edge_order": 7,
    "min_edge_weight": 0.0006447585679345003,
    "n_qubits": 8,
    "total_pstrings": 121
}