{
    "avg_edge_order": 14.875,
    "avg_edge_weight": 0.321045720985658,
    "avg_vertex_degree": 14.875,
    "edge_order_std_dev": 4.78114787472632,
    "edge_weight_std_dev": 0.6147839890749203,
    "induced_norm": 39.167577960250306,
    "max_edge_order": 20,
    "max_edge_weight": 6.870426248518658,
    "max_vertex_degree": 20,
    "min_edge_order": 7,
    "min_edge_weight": 7.702135449189074e-05,
    "n_qubits": 8,
    "total_pstrings": 122
}