{
    "avg_edge_order": 14.875,
    "avg_edge_weight": 0.3431333085961137,
    "avg_vertex_degree": 14.875,
    "edge_order_std_dev": 4.78114787472632,
    "edge_weight_std_dev": 0.6620389488418801,
    "induced_norm": 41.862263648725865,
    "max_edge_order": 20,
    "max_edge_weight": 7.313370082371185,
    "max_vertex_degree": 20,
    "min_edge_order": 7,
    "min_edge_weight": 0.010523885022508006,
    "n_qubits": 8,
    "total_pstrings": 122
}