{
    "avg_edge_order": 14.875,
    "avg_edge_weight": 0.331868456782713,
    "avg_vertex_degree": 14.875,
    "edge_order_std_dev": 4.78114787472632,
    "edge_weight_std_dev": 0.6453839731580324,
    "induced_norm": 40.48795172749102,
    "max_edge_order": 20,
    "max_edge_weight": 7.060703140394584,
    "max_vertex_degree": 20,
    "min_edge_order": 7,
    "min_edge_weight": 0.00033163274850994684,
    "n_qubits": 8,
    "total_pstrings": 122
}