{
    "avg_edge_order": 14.875,
    "avg_edge_weight": 0.35469502100255634,
    "avg_vertex_degree": 14.875,
    "edge_order_std_dev": 4.78114787472632,
    "edge_weight_std_dev": 0.6867982166432414,
    "induced_norm": 43.272792562311864,
    "max_edge_order": 20,
    "max_edge_weight": 7.629399146711767,
    "max_vertex_degree": 20,
    "min_edge_order": 7,
    "min_edge_weight": 0.0005760634821123101,
    "n_qubits": 8,
    "total_pstrings": 122
}