{
    "avg_edge_order": 14.875,
    "avg_edge_weight": 0.3030563051532403,
    "avg_vertex_degree": 14.875,
    "edge_order_std_dev": 4.78114787472632,
    "edge_weight_std_dev": 0.6007498162725257,
    "induced_norm": 36.97286922869533,
    "max_edge_order": 20,
    "max_edge_weight": 6.665413499152209,
    "max_vertex_degree": 20,
    "min_edge_order": 7,
    "min_edge_weight": 0.0031143958890412216,
    "n_qubits": 8,
    "total_pstrings": 122
}