{
    "avg_edge_order": 14.875,
    "avg_edge_weight": 0.3285122792370033,
    "avg_vertex_degree": 14.875,
    "edge_order_std_dev": 4.78114787472632,
    "edge_weight_std_dev": 0.6691154325738737,
    "induced_norm": 40.07849806691442,
    "max_edge_order": 20,
    "max_edge_weight": 7.46801734058007,
    "max_vertex_degree": 20,
    "min_edge_order": 7,
    "min_edge_weight": 0.015532478102936675,
    "n_qubits": 8,
    "total_pstrings": 122
}