{
    "avg_edge_order": 14.875,
    "avg_edge_weight": 0.31465179647009817,
    "avg_vertex_degree": 14.875,
    "edge_order_std_dev": 4.78114787472632,
    "edge_weight_std_dev": 0.5985073482615934,
    "induced_norm": 38.38751916935196,
    "max_edge_order": 20,
    "max_edge_weight": 6.500756588808013,
    "max_vertex_degree": 20,
    "min_edge_order": 7,
    "min_edge_weight": 0.0007167476204845702,
    "n_qubits": 8,
    "total_pstrings": 122
}