{
    "avg_edge_order": 14.875,
    "avg_edge_weight": 0.30623619945022296,
    "avg_vertex_degree": 14.875,
    "edge_order_std_dev": 4.78114787472632,
    "edge_weight_std_dev": 0.6102567376654018,
    "induced_norm": 37.360816332927186,
    "max_edge_order": 20,
    "max_edge_weight": 6.73965649662863,
    "max_vertex_degree": 20,
    "min_edge_order": 7,
    "min_edge_weight": 0.008502762808795139,
    "n_qubits": 8,
    "total_pstrings": 122
}