{
    "avg_edge_order": 14.875,
    "avg_edge_weight": 0.3193641387743764,
    "avg_vertex_degree": 14.875,
    "edge_order_std_dev": 4.78114787472632,
    "edge_weight_std_dev": 0.5626838328826574,
    "induced_norm": 39.92051734679704,
    "max_edge_order": 20,
    "max_edge_weight": 6.071371424738176,
    "max_vertex_degree": 20,
    "min_edge_order": 7,
    "min_edge_weight": 0.004347495198756879,
    "n_qubits": 8,
    "total_pstrings": 125
}