{
    "avg_edge_order": 14.875,
    "avg_edge_weight": 0.3336091921252211,
    "avg_vertex_degree": 14.875,
    "edge_order_std_dev": 4.78114787472632,
    "edge_weight_std_dev": 0.6446232842131429,
    "induced_norm": 41.70114901565261,
    "max_edge_order": 20,
    "max_edge_weight": 7.027604236745205,
    "max_vertex_degree": 20,
    "min_edge_order": 7,
    "min_edge_weight": 0.0007575563548964936,
    "n_qubits": 8,
    "total_pstrings": 125
}