{
    "avg_edge_order": 14.875,
    "avg_edge_weight": 0.33227272922609413,
    "avg_vertex_degree": 14.875,
    "edge_order_std_dev": 4.78114787472632,
    "edge_weight_std_dev": 0.6529626370346774,
    "induced_norm": 41.53409115326179,
    "max_edge_order": 20,
    "max_edge_weight": 7.144152096133739,
    "max_vertex_degree": 20,
    "min_edge_order": 7,
    "min_edge_weight": 0.00480211001569425,
    "n_qubits": 8,
    "total_pstrings": 125
}