{
    "avg_edge_order": 14.875,
    "avg_edge_weight": 0.35862182676812127,
    "avg_vertex_degree": 14.875,
    "edge_order_std_dev": 4.78114787472632,
    "edge_weight_std_dev": 0.6729256635510125,
    "induced_norm": 44.8277283460152,
    "max_edge_order": 20,
    "max_edge_weight": 7.501893988405485,
    "max_vertex_degree": 20,
    "min_edge_order": 7,
    "min_edge_weight": 0.0014538878022403168,
    "n_qubits": 8,
    "total_pstrings": 125
}