{
    "avg_edge_order": 14.875,
    "avg_edge_weight": 0.336812026237489,
    "avg_vertex_degree": 14.875,
    "edge_order_std_dev": 4.78114787472632,
    "edge_weight_std_dev": 0.5784758312627089,
    "induced_norm": 42.10150327968611,
    "max_edge_order": 20,
    "max_edge_weight": 6.100884474460494,
    "max_vertex_degree": 20,
    "min_edge_order": 7,
    "min_edge_weight": 0.0004974668429485463,
    "n_qubits": 8,
    "total_pstrings": 125
}