{
    "avg_edge_order": 14.875,
    "avg_edge_weight": 0.3414408700585355,
    "avg_vertex_degree": 14.875,
    "edge_order_std_dev": 4.78114787472632,
    "edge_weight_std_dev": 0.6738945072083238,
    "induced_norm": 42.68010875731694,
    "max_edge_order": 20,
    "max_edge_weight": 7.323092396782687,
    "max_vertex_degree": 20,
    "min_edge_order": 7,
    "min_edge_weight": 0.0010765348638464012,
    "n_qubits": 8,
    "total_pstrings": 125
}