{
    "avg_edge_order": 14.875,
    "avg_edge_weight": 0.3193780634204868,
    "avg_vertex_degree": 14.875,
    "edge_order_std_dev": 4.78114787472632,
    "edge_weight_std_dev": 0.6465273545473839,
    "induced_norm": 39.922257927560864,
    "max_edge_order": 20,
    "max_edge_weight": 7.182714802752062,
    "max_vertex_degree": 20,
    "min_edge_order": 7,
    "min_edge_weight": 0.005950999354889963,
    "n_qubits": 8,
    "total_pstrings": 125
}