{
    "avg_edge_order": 14.875,
    "avg_edge_weight": 0.3482163885068536,
    "avg_vertex_degree": 14.875,
    "edge_order_std_dev": 4.78114787472632,
    "edge_weight_std_dev": 0.6912687880655892,
    "induced_norm": 43.52704856335668,
    "max_edge_order": 20,
    "max_edge_weight": 7.524270150025135,
    "max_vertex_degree": 20,
    "min_edge_order": 7,
    "min_edge_weight": 0.006528485556083069,
    "n_qubits": 8,
    "total_pstrings": 125
}