{
    "avg_edge_order": 15.125,
    "avg_edge_weight": 0.3589277290373011,
    "avg_vertex_degree": 15.125,
    "edge_order_std_dev": 4.702060718451007,
    "edge_weight_std_dev": 0.5897939698510486,
    "induced_norm": 47.378460232923736,
    "max_edge_order": 20,
    "max_edge_weight": 6.152756738728702,
    "max_vertex_degree": 20,
    "min_edge_order": 7,
    "min_edge_weight": 0.0016844474764636796,
    "n_qubits": 8,
    "total_pstrings": 132
}