{
    "avg_edge_order": 15.125,
    "avg_edge_weight": 0.4252159004148942,
    "avg_vertex_degree": 15.125,
    "edge_order_std_dev": 4.702060718451007,
    "edge_weight_std_dev": 0.7323972184682946,
    "induced_norm": 56.12849885476604,
    "max_edge_order": 20,
    "max_edge_weight": 7.423269758188349,
    "max_vertex_degree": 20,
    "min_edge_order": 7,
    "min_edge_weight": 0.003603402125144206,
    "n_qubits": 8,
    "total_pstrings": 132
}