{
    "avg_edge_order": 15.125,
    "avg_edge_weight": 0.41007329543445153,
    "avg_vertex_degree": 15.125,
    "edge_order_std_dev": 4.702060718451007,
    "edge_weight_std_dev": 0.7231997971496608,
    "induced_norm": 54.129674997347614,
    "max_edge_order": 20,
    "max_edge_weight": 7.206767104544795,
    "max_vertex_degree": 20,
    "min_edge_order": 7,
    "min_edge_weight": 0.0018734256735645771,
    "n_qubits": 8,
    "total_pstrings": 132
}