{
    "avg_edge_order": 15.125,
    "avg_edge_weight": 0.38574361379466426,
    "avg_vertex_degree": 15.125,
    "edge_order_std_dev": 4.702060718451007,
    "edge_weight_std_dev": 0.7046203042385504,
    "induced_norm": 50.918157020895684,
    "max_edge_order": 20,
    "max_edge_weight": 7.29166412687007,
    "max_vertex_degree": 20,
    "min_edge_order": 7,
    "min_edge_weight": 0.004150329949390963,
    "n_qubits": 8,
    "total_pstrings": 132
}