{
    "avg_edge_order": 15.125,
    "avg_edge_weight": 0.36234896398185407,
    "avg_vertex_degree": 15.125,
    "edge_order_std_dev": 4.702060718451007,
    "edge_weight_std_dev": 0.6350341005285283,
    "induced_norm": 47.830063245604755,
    "max_edge_order": 20,
    "max_edge_weight": 6.393663230249494,
    "max_vertex_degree": 20,
    "min_edge_order": 7,
    "min_edge_weight": 0.00784126817587838,
    "n_qubits": 8,
    "total_pstrings": 132
}