{
    "avg_edge_order": 15.125,
    "avg_edge_weight": 0.3888692284968094,
    "avg_vertex_degree": 15.125,
    "edge_order_std_dev": 4.702060718451007,
    "edge_weight_std_dev": 0.724968408243725,
    "induced_norm": 51.33073816157882,
    "max_edge_order": 20,
    "max_edge_weight": 7.336319149424907,
    "max_vertex_degree": 20,
    "min_edge_order": 7,
    "min_edge_weight": 0.002648657640934915,
    "n_qubits": 8,
    "total_pstrings": 132
}