{
    "avg_edge_order": 15.125,
    "avg_edge_weight": 0.3592952553604114,
    "avg_vertex_degree": 15.125,
    "edge_order_std_dev": 4.702060718451007,
    "edge_weight_std_dev": 0.6834513451172735,
    "induced_norm": 47.4269737075743,
    "max_edge_order": 20,
    "max_edge_weight": 6.680569725230808,
    "max_vertex_degree": 20,
    "min_edge_order": 7,
    "min_edge_weight": 0.0007817781946397595,
    "n_qubits": 8,
    "total_pstrings": 132
}