{
    "avg_edge_order": 15.125,
    "avg_edge_weight": 0.3772885136281545,
    "avg_vertex_degree": 15.125,
    "edge_order_std_dev": 4.702060718451007,
    "edge_weight_std_dev": 0.6837437588753933,
    "induced_norm": 49.802083798916385,
    "max_edge_order": 20,
    "max_edge_weight": 7.009574190469129,
    "max_vertex_degree": 20,
    "min_edge_order": 7,
    "min_edge_weight": 0.001082601117873172,
    "n_qubits": 8,
    "total_pstrings": 132
}