{
    "avg_edge_order": 15.125,
    "avg_edge_weight": 0.37559887975627626,
    "avg_vertex_degree": 15.125,
    "edge_order_std_dev": 4.702060718451007,
    "edge_weight_std_dev": 0.668603260433567,
    "induced_norm": 49.579052127828504,
    "max_edge_order": 20,
    "max_edge_weight": 6.659029516345606,
    "max_vertex_degree": 20,
    "min_edge_order": 7,
    "min_edge_weight": 0.005260172768352445,
    "n_qubits": 8,
    "total_pstrings": 132
}