{
    "avg_edge_order": 15.125,
    "avg_edge_weight": 0.39554292807908337,
    "avg_vertex_degree": 15.125,
    "edge_order_std_dev": 4.702060718451007,
    "edge_weight_std_dev": 0.6620579605409495,
    "induced_norm": 52.211666506438995,
    "max_edge_order": 20,
    "max_edge_weight": 6.763810526988468,
    "max_vertex_degree": 20,
    "min_edge_order": 7,
    "min_edge_weight": 0.0030262100711537787,
    "n_qubits": 8,
    "total_pstrings": 132
}