{
    "avg_edge_order": 15.125,
    "avg_edge_weight": 0.4146993754359512,
    "avg_vertex_degree": 15.125,
    "edge_order_std_dev": 4.702060718451007,
    "edge_weight_std_dev": 0.7304150099866719,
    "induced_norm": 54.74031755754555,
    "max_edge_order": 20,
    "max_edge_weight": 7.779282627877853,
    "max_vertex_degree": 20,
    "min_edge_order": 7,
    "min_edge_weight": 0.006234793400659966,
    "n_qubits": 8,
    "total_pstrings": 132
}