{
    "avg_edge_order": 4.75,
    "avg_edge_weight": 0.38366038562903,
    "avg_vertex_degree": 4.75,
    "edge_order_std_dev": 1.299038105676658,
    "edge_weight_std_dev": 0.438368636151791,
    "induced_norm": 11.12615118324187,
    "max_edge_order": 6,
    "max_edge_weight": 2.4577182400299993,
    "max_vertex_degree": 6,
    "min_edge_order": 3,
    "min_edge_weight": 0.0014748262024845138,
    "n_qubits": 4,
    "total_pstrings": 29
}