{
    "avg_edge_order": 15.125,
    "avg_edge_weight": 0.4652198565091065,
    "avg_vertex_degree": 15.125,
    "edge_order_std_dev": 4.702060718451007,
    "edge_weight_std_dev": 0.7211638060122847,
    "induced_norm": 68.38731890683866,
    "max_edge_order": 20,
    "max_edge_weight": 6.50503841829941,
    "max_vertex_degree": 20,
    "min_edge_order": 7,
    "min_edge_weight": 0.002071901471466242,
    "n_qubits": 8,
    "total_pstrings": 147
}