{
    "avg_edge_order": 15.125,
    "avg_edge_weight": 0.42688206507465193,
    "avg_vertex_degree": 15.125,
    "edge_order_std_dev": 4.702060718451007,
    "edge_weight_std_dev": 0.7112657384438693,
    "induced_norm": 62.75166356597381,
    "max_edge_order": 20,
    "max_edge_weight": 6.8947645265909605,
    "max_vertex_degree": 20,
    "min_edge_order": 7,
    "min_edge_weight": 0.0012320736807110988,
    "n_qubits": 8,
    "total_pstrings": 147
}