{
    "avg_edge_order": 15.125,
    "avg_edge_weight": 0.44853477763521576,
    "avg_vertex_degree": 15.125,
    "edge_order_std_dev": 4.702060718451007,
    "edge_weight_std_dev": 0.6961189392920264,
    "induced_norm": 65.93461231237671,
    "max_edge_order": 20,
    "max_edge_weight": 7.338955845385572,
    "max_vertex_degree": 20,
    "min_edge_order": 7,
    "min_edge_weight": 0.0004165951255638012,
    "n_qubits": 8,
    "total_pstrings": 147
}