{
    "avg_edge_order": 15.125,
    "avg_edge_weight": 0.43370636247606703,
    "avg_vertex_degree": 15.125,
    "edge_order_std_dev": 4.702060718451007,
    "edge_weight_std_dev": 0.6875054209804052,
    "induced_norm": 63.75483528398184,
    "max_edge_order": 20,
    "max_edge_weight": 6.7270795335833595,
    "max_vertex_degree": 20,
    "min_edge_order": 7,
    "min_edge_weight": 0.0009141589921491944,
    "n_qubits": 8,
    "total_pstrings": 147
}