{
    "avg_edge_order": 15.125,
    "avg_edge_weight": 0.43028488703793333,
    "avg_vertex_degree": 15.125,
    "edge_order_std_dev": 4.702060718451007,
    "edge_weight_std_dev": 0.7163555324602592,
    "induced_norm": 63.25187839457619,
    "max_edge_order": 20,
    "max_edge_weight": 6.586959301154584,
    "max_vertex_degree": 20,
    "min_edge_order": 7,
    "min_edge_weight": 0.003741692123145457,
    "n_qubits": 8,
    "total_pstrings": 147
}