{
    "avg_edge_order": 15.125,
    "avg_edge_weight": 0.4357891752129149,
    "avg_vertex_degree": 15.125,
    "edge_order_std_dev": 4.702060718451007,
    "edge_weight_std_dev": 0.679096405460024,
    "induced_norm": 64.06100875629849,
    "max_edge_order": 20,
    "max_edge_weight": 6.536052314496187,
    "max_vertex_degree": 20,
    "min_edge_order": 7,
    "min_edge_weight": 0.0017639637856912138,
    "n_qubits": 8,
    "total_pstrings": 147
}