{
    "avg_edge_order": 15.125,
    "avg_edge_weight": 0.4215892935353903,
    "avg_vertex_degree": 15.125,
    "edge_order_std_dev": 4.702060718451007,
    "edge_weight_std_dev": 0.6951777330168956,
    "induced_norm": 61.97362614970237,
    "max_edge_order": 20,
    "max_edge_weight": 7.184993604523844,
    "max_vertex_degree": 20,
    "min_edge_order": 7,
    "min_edge_weight": 0.0006962350718499599,
    "n_qubits": 8,
    "total_pstrings": 147
}