{
    "avg_edge_order": 4.75,
    "avg_edge_weight": 0.3452184049789528,
    "avg_vertex_degree": 4.75,
    "edge_order_std_dev": 1.299038105676658,
    "edge_weight_std_dev": 0.48238445808894914,
    "induced_norm": 10.011333744389633,
    "max_edge_order": 6,
    "max_edge_weight": 2.793981183956509,
    "max_vertex_degree": 6,
    "min_edge_order": 3,
    "min_edge_weight": 0.01029997702454638,
    "n_qubits": 4,
    "total_pstrings": 29
}