{
    "avg_edge_order": 18.22222222222222,
    "avg_edge_weight": 0.29910964830327924,
    "avg_vertex_degree": 18.22222222222222,
    "edge_order_std_dev": 6.032831982443657,
    "edge_weight_std_dev": 0.608157523062277,
    "induced_norm": 46.06288583870499,
    "max_edge_order": 25,
    "max_edge_weight": 7.621603311895792,
    "max_vertex_degree": 25,
    "min_edge_order": 8,
    "min_edge_weight": 0.0008770976234083183,
    "n_qubits": 9,
    "total_pstrings": 154
}