{
    "avg_edge_order": 18.22222222222222,
    "avg_edge_weight": 0.28563510418741056,
    "avg_vertex_degree": 18.22222222222222,
    "edge_order_std_dev": 6.032831982443657,
    "edge_weight_std_dev": 0.6157089157129804,
    "induced_norm": 43.987806044861216,
    "max_edge_order": 25,
    "max_edge_weight": 7.679238944697305,
    "max_vertex_degree": 25,
    "min_edge_order": 8,
    "min_edge_weight": 0.0009712460149970403,
    "n_qubits": 9,
    "total_pstrings": 154
}