{
    "avg_edge_order": 18.22222222222222,
    "avg_edge_weight": 0.3250601026127162,
    "avg_vertex_degree": 18.22222222222222,
    "edge_order_std_dev": 6.032831982443657,
    "edge_weight_std_dev": 0.6851333571814647,
    "induced_norm": 50.059255802358294,
    "max_edge_order": 25,
    "max_edge_weight": 8.619994242493169,
    "max_vertex_degree": 25,
    "min_edge_order": 8,
    "min_edge_weight": 0.0003443436419735546,
    "n_qubits": 9,
    "total_pstrings": 154
}