{
    "avg_edge_order": 6.8,
    "avg_edge_weight": 0.33856833004062276,
    "avg_vertex_degree": 6.8,
    "edge_order_std_dev": 1.9390719429665317,
    "edge_weight_std_dev": 0.6247739227709987,
    "induced_norm": 15.574143181868642,
    "max_edge_order": 9,
    "max_edge_weight": 4.381947764794009,
    "max_vertex_degree": 9,
    "min_edge_order": 4,
    "min_edge_weight": 0.003187222696730163,
    "n_qubits": 5,
    "total_pstrings": 46
}