{
    "avg_edge_order": 18.22222222222222,
    "avg_edge_weight": 0.2929219483765901,
    "avg_vertex_degree": 18.22222222222222,
    "edge_order_std_dev": 6.032831982443657,
    "edge_weight_std_dev": 0.641120045344489,
    "induced_norm": 45.10998004999487,
    "max_edge_order": 25,
    "max_edge_weight": 8.032045155896398,
    "max_vertex_degree": 25,
    "min_edge_order": 8,
    "min_edge_weight": 0.0004916508439680167,
    "n_qubits": 9,
    "total_pstrings": 154
}