{
    "avg_edge_order": 18.22222222222222,
    "avg_edge_weight": 0.28948665374398713,
    "avg_vertex_degree": 18.22222222222222,
    "edge_order_std_dev": 6.032831982443657,
    "edge_weight_std_dev": 0.6516355208518044,
    "induced_norm": 44.58094467657403,
    "max_edge_order": 25,
    "max_edge_weight": 8.136600268389346,
    "max_vertex_degree": 25,
    "min_edge_order": 8,
    "min_edge_weight": 0.002003838168555039,
    "n_qubits": 9,
    "total_pstrings": 154
}