{
    "avg_edge_order": 18.22222222222222,
    "avg_edge_weight": 0.2841606982838027,
    "avg_vertex_degree": 18.22222222222222,
    "edge_order_std_dev": 6.032831982443657,
    "edge_weight_std_dev": 0.6227704512364082,
    "induced_norm": 43.76074753570564,
    "max_edge_order": 25,
    "max_edge_weight": 7.782456085184354,
    "max_vertex_degree": 25,
    "min_edge_order": 8,
    "min_edge_weight": 0.0045613379246233765,
    "n_qubits": 9,
    "total_pstrings": 154
}