{
    "avg_edge_order": 6.8,
    "avg_edge_weight": 0.3433518686842911,
    "avg_vertex_degree": 6.8,
    "edge_order_std_dev": 1.9390719429665317,
    "edge_weight_std_dev": 0.5873039207606557,
    "induced_norm": 15.794185959477389,
    "max_edge_order": 9,
    "max_edge_weight": 4.1682590757213385,
    "max_vertex_degree": 9,
    "min_edge_order": 4,
    "min_edge_weight": 0.001220289455255541,
    "n_qubits": 5,
    "total_pstrings": 46
}