{
    "avg_edge_order": 18.22222222222222,
    "avg_edge_weight": 0.2965875974878872,
    "avg_vertex_degree": 18.22222222222222,
    "edge_order_std_dev": 6.032831982443657,
    "edge_weight_std_dev": 0.5911367416720996,
    "induced_norm": 45.67449001313465,
    "max_edge_order": 25,
    "max_edge_weight": 7.396821175486174,
    "max_vertex_degree": 25,
    "min_edge_order": 8,
    "min_edge_weight": 0.004796056046108221,
    "n_qubits": 9,
    "total_pstrings": 154
}