{
    "avg_edge_order": 18.22222222222222,
    "avg_edge_weight": 0.3241542684916817,
    "avg_vertex_degree": 18.22222222222222,
    "edge_order_std_dev": 6.032831982443657,
    "edge_weight_std_dev": 0.7182189568795337,
    "induced_norm": 49.91975734771899,
    "max_edge_order": 25,
    "max_edge_weight": 8.985468742662325,
    "max_vertex_degree": 25,
    "min_edge_order": 8,
    "min_edge_weight": 0.00012783614179739944,
    "n_qubits": 9,
    "total_pstrings": 154
}