{
    "avg_edge_order": 18.22222222222222,
    "avg_edge_weight": 0.2981915954733449,
    "avg_vertex_degree": 18.22222222222222,
    "edge_order_std_dev": 6.032831982443657,
    "edge_weight_std_dev": 0.6601555816062317,
    "induced_norm": 45.9215057028951,
    "max_edge_order": 25,
    "max_edge_weight": 8.224493451779045,
    "max_vertex_degree": 25,
    "min_edge_order": 8,
    "min_edge_weight": 0.0003966763734139511,
    "n_qubits": 9,
    "total_pstrings": 154
}