{
    "avg_edge_order": 6.8,
    "avg_edge_weight": 0.3322561961696364,
    "avg_vertex_degree": 6.8,
    "edge_order_std_dev": 1.9390719429665317,
    "edge_weight_std_dev": 0.5475711022999995,
    "induced_norm": 15.283785023803278,
    "max_edge_order": 9,
    "max_edge_weight": 3.8800020372762463,
    "max_vertex_degree": 9,
    "min_edge_order": 4,
    "min_edge_weight": 0.0005651841370200583,
    "n_qubits": 5,
    "total_pstrings": 46
}