{
    "avg_edge_order": 18.22222222222222,
    "avg_edge_weight": 0.30863835448348287,
    "avg_vertex_degree": 18.22222222222222,
    "edge_order_std_dev": 6.032831982443657,
    "edge_weight_std_dev": 0.6452627149422264,
    "induced_norm": 47.53030659045636,
    "max_edge_order": 25,
    "max_edge_weight": 8.03936706577866,
    "max_vertex_degree": 25,
    "min_edge_order": 8,
    "min_edge_weight": 0.0017261868701787808,
    "n_qubits": 9,
    "total_pstrings": 154
}