{
    "avg_edge_order": 18.22222222222222,
    "avg_edge_weight": 0.2865414622760785,
    "avg_vertex_degree": 18.22222222222222,
    "edge_order_std_dev": 6.032831982443657,
    "edge_weight_std_dev": 0.6069891976972951,
    "induced_norm": 44.12738519051611,
    "max_edge_order": 25,
    "max_edge_weight": 7.580971768092176,
    "max_vertex_degree": 25,
    "min_edge_order": 8,
    "min_edge_weight": 0.0018354305123384207,
    "n_qubits": 9,
    "total_pstrings": 154
}