{
    "avg_edge_order": 6.8,
    "avg_edge_weight": 0.3945152821251082,
    "avg_vertex_degree": 6.8,
    "edge_order_std_dev": 1.9390719429665317,
    "edge_weight_std_dev": 0.5961599252919302,
    "induced_norm": 18.14770297775498,
    "max_edge_order": 9,
    "max_edge_weight": 4.2825337748339205,
    "max_vertex_degree": 9,
    "min_edge_order": 4,
    "min_edge_weight": 0.03008065285806244,
    "n_qubits": 5,
    "total_pstrings": 46
}