{
    "avg_edge_order": 18.22222222222222,
    "avg_edge_weight": 0.31100032243233705,
    "avg_vertex_degree": 18.22222222222222,
    "edge_order_std_dev": 6.032831982443657,
    "edge_weight_std_dev": 0.6544977162697182,
    "induced_norm": 48.20504997701227,
    "max_edge_order": 25,
    "max_edge_weight": 8.206277410099373,
    "max_vertex_degree": 25,
    "min_edge_order": 8,
    "min_edge_weight": 0.0014802868516801682,
    "n_qubits": 9,
    "total_pstrings": 155
}