{
    "avg_edge_order": 18.22222222222222,
    "avg_edge_weight": 0.32087820647620063,
    "avg_vertex_degree": 18.22222222222222,
    "edge_order_std_dev": 6.032831982443657,
    "edge_weight_std_dev": 0.643073796875473,
    "induced_norm": 49.7361220038111,
    "max_edge_order": 25,
    "max_edge_weight": 7.984827761712616,
    "max_vertex_degree": 25,
    "min_edge_order": 8,
    "min_edge_weight": 0.009366390621305343,
    "n_qubits": 9,
    "total_pstrings": 155
}