{
    "avg_edge_order": 18.22222222222222,
    "avg_edge_weight": 0.30579959277606267,
    "avg_vertex_degree": 18.22222222222222,
    "edge_order_std_dev": 6.032831982443657,
    "edge_weight_std_dev": 0.6217330353626844,
    "induced_norm": 47.39893688028971,
    "max_edge_order": 25,
    "max_edge_weight": 7.7334828590776405,
    "max_vertex_degree": 25,
    "min_edge_order": 8,
    "min_edge_weight": 0.001427886639871978,
    "n_qubits": 9,
    "total_pstrings": 155
}