{
    "avg_edge_order": 18.22222222222222,
    "avg_edge_weight": 0.29197860264605807,
    "avg_vertex_degree": 18.22222222222222,
    "edge_order_std_dev": 6.032831982443657,
    "edge_weight_std_dev": 0.6269374731763135,
    "induced_norm": 45.25668341013898,
    "max_edge_order": 25,
    "max_edge_weight": 7.5445042129145214,
    "max_vertex_degree": 25,
    "min_edge_order": 8,
    "min_edge_weight": 0.0009152070936764289,
    "n_qubits": 9,
    "total_pstrings": 155
}