{
    "avg_edge_order": 18.22222222222222,
    "avg_edge_weight": 0.32535466979812594,
    "avg_vertex_degree": 18.22222222222222,
    "edge_order_std_dev": 6.032831982443657,
    "edge_weight_std_dev": 0.6200544717196144,
    "induced_norm": 50.429973818709506,
    "max_edge_order": 25,
    "max_edge_weight": 7.774998702499618,
    "max_vertex_degree": 25,
    "min_edge_order": 8,
    "min_edge_weight": 0.013442755643359616,
    "n_qubits": 9,
    "total_pstrings": 155
}