{
    "avg_edge_order": 18.22222222222222,
    "avg_edge_weight": 0.30437222394954716,
    "avg_vertex_degree": 18.22222222222222,
    "edge_order_std_dev": 6.032831982443657,
    "edge_weight_std_dev": 0.62805585747177,
    "induced_norm": 47.177694712179814,
    "max_edge_order": 25,
    "max_edge_weight": 7.777048929770741,
    "max_vertex_degree": 25,
    "min_edge_order": 8,
    "min_edge_weight": 0.0004849936051125603,
    "n_qubits": 9,
    "total_pstrings": 155
}