{
    "avg_edge_order": 18.22222222222222,
    "avg_edge_weight": 0.30390963494220163,
    "avg_vertex_degree": 18.22222222222222,
    "edge_order_std_dev": 6.032831982443657,
    "edge_weight_std_dev": 0.6162690531081598,
    "induced_norm": 47.10599341604126,
    "max_edge_order": 25,
    "max_edge_weight": 7.720163385452226,
    "max_vertex_degree": 25,
    "min_edge_order": 8,
    "min_edge_weight": 0.00510796389867646,
    "n_qubits": 9,
    "total_pstrings": 155
}