{
    "avg_edge_order": 18.22222222222222,
    "avg_edge_weight": 0.291210750060897,
    "avg_vertex_degree": 18.22222222222222,
    "edge_order_std_dev": 6.032831982443657,
    "edge_weight_std_dev": 0.600181097671974,
    "induced_norm": 45.13766625943904,
    "max_edge_order": 25,
    "max_edge_weight": 7.4907949591722875,
    "max_vertex_degree": 25,
    "min_edge_order": 8,
    "min_edge_weight": 0.00585102705662105,
    "n_qubits": 9,
    "total_pstrings": 155
}