{
    "avg_edge_order": 18.22222222222222,
    "avg_edge_weight": 0.30807249855832364,
    "avg_vertex_degree": 18.22222222222222,
    "edge_order_std_dev": 6.032831982443657,
    "edge_weight_std_dev": 0.6346974907014357,
    "induced_norm": 47.75123727654015,
    "max_edge_order": 25,
    "max_edge_weight": 7.844652872360722,
    "max_vertex_degree": 25,
    "min_edge_order": 8,
    "min_edge_weight": 0.004716275166862016,
    "n_qubits": 9,
    "total_pstrings": 155
}