{
    "avg_edge_order": 18.22222222222222,
    "avg_edge_weight": 0.32172739050665483,
    "avg_vertex_degree": 18.22222222222222,
    "edge_order_std_dev": 6.032831982443657,
    "edge_weight_std_dev": 0.6971345852311905,
    "induced_norm": 49.86774552853149,
    "max_edge_order": 25,
    "max_edge_weight": 8.626090408292406,
    "max_vertex_degree": 25,
    "min_edge_order": 8,
    "min_edge_weight": 0.00028545009123803755,
    "n_qubits": 9,
    "total_pstrings": 155
}