{
    "avg_edge_order": 18.22222222222222,
    "avg_edge_weight": 0.3186378953347144,
    "avg_vertex_degree": 18.22222222222222,
    "edge_order_std_dev": 6.032831982443657,
    "edge_weight_std_dev": 0.6171021594443548,
    "induced_norm": 49.38887377688073,
    "max_edge_order": 25,
    "max_edge_weight": 7.710907102153025,
    "max_vertex_degree": 25,
    "min_edge_order": 8,
    "min_edge_weight": 0.008295666034868095,
    "n_qubits": 9,
    "total_pstrings": 155
}