{
    "avg_edge_order": 18.22222222222222,
    "avg_edge_weight": 0.31143735390521465,
    "avg_vertex_degree": 18.22222222222222,
    "edge_order_std_dev": 6.032831982443657,
    "edge_weight_std_dev": 0.641038425156478,
    "induced_norm": 48.27278985530826,
    "max_edge_order": 25,
    "max_edge_weight": 7.838319097753286,
    "max_vertex_degree": 25,
    "min_edge_order": 8,
    "min_edge_weight": 0.00661486734780492,
    "n_qubits": 9,
    "total_pstrings": 155
}