{
    "avg_edge_order": 18.22222222222222,
    "avg_edge_weight": 0.3204251837133349,
    "avg_vertex_degree": 18.22222222222222,
    "edge_order_std_dev": 6.032831982443657,
    "edge_weight_std_dev": 0.6555634720818749,
    "induced_norm": 50.62717902670691,
    "max_edge_order": 25,
    "max_edge_weight": 8.078063285899095,
    "max_vertex_degree": 25,
    "min_edge_order": 8,
    "min_edge_weight": 0.006502985994397414,
    "n_qubits": 9,
    "total_pstrings": 158
}