{
    "avg_edge_order": 18.22222222222222,
    "avg_edge_weight": 0.31815895537515587,
    "avg_vertex_degree": 18.22222222222222,
    "edge_order_std_dev": 6.032831982443657,
    "edge_weight_std_dev": 0.6570201576312925,
    "induced_norm": 50.269114949274645,
    "max_edge_order": 25,
    "max_edge_weight": 7.962504731393467,
    "max_vertex_degree": 25,
    "min_edge_order": 8,
    "min_edge_weight": 0.0010784271055262473,
    "n_qubits": 9,
    "total_pstrings": 158
}