{
    "avg_edge_order": 18.22222222222222,
    "avg_edge_weight": 0.31131706317092983,
    "avg_vertex_degree": 18.22222222222222,
    "edge_order_std_dev": 6.032831982443657,
    "edge_weight_std_dev": 0.5917899090837598,
    "induced_norm": 49.18809598100689,
    "max_edge_order": 25,
    "max_edge_weight": 7.267057946011214,
    "max_vertex_degree": 25,
    "min_edge_order": 8,
    "min_edge_weight": 0.00048500278853530476,
    "n_qubits": 9,
    "total_pstrings": 158
}