{
    "avg_edge_order": 18.22222222222222,
    "avg_edge_weight": 0.318219558665303,
    "avg_vertex_degree": 18.22222222222222,
    "edge_order_std_dev": 6.032831982443657,
    "edge_weight_std_dev": 0.6213726726938957,
    "induced_norm": 50.27869026911791,
    "max_edge_order": 25,
    "max_edge_weight": 7.744083247550857,
    "max_vertex_degree": 25,
    "min_edge_order": 8,
    "min_edge_weight": 0.0027182066773214775,
    "n_qubits": 9,
    "total_pstrings": 158
}