{
    "avg_edge_order": 18.22222222222222,
    "avg_edge_weight": 0.327294496046047,
    "avg_vertex_degree": 18.22222222222222,
    "edge_order_std_dev": 6.032831982443657,
    "edge_weight_std_dev": 0.6757689649287772,
    "induced_norm": 51.71253037527543,
    "max_edge_order": 25,
    "max_edge_weight": 8.26466900875327,
    "max_vertex_degree": 25,
    "min_edge_order": 8,
    "min_edge_weight": 0.0019296160902350645,
    "n_qubits": 9,
    "total_pstrings": 158
}