{
    "avg_edge_order": 18.22222222222222,
    "avg_edge_weight": 0.3411410555315859,
    "avg_vertex_degree": 18.22222222222222,
    "edge_order_std_dev": 6.032831982443657,
    "edge_weight_std_dev": 0.6442266013819902,
    "induced_norm": 53.900286773990565,
    "max_edge_order": 25,
    "max_edge_weight": 8.096361227637546,
    "max_vertex_degree": 25,
    "min_edge_order": 8,
    "min_edge_weight": 0.0008477503612581705,
    "n_qubits": 9,
    "total_pstrings": 158
}