{
    "avg_edge_order": 6.8,
    "avg_edge_weight": 0.31766507537662236,
    "avg_vertex_degree": 6.8,
    "edge_order_std_dev": 1.9390719429665317,
    "edge_weight_std_dev": 0.45928228611080685,
    "induced_norm": 14.612593467324631,
    "max_edge_order": 9,
    "max_edge_weight": 3.2669131457872833,
    "max_vertex_degree": 9,
    "min_edge_order": 4,
    "min_edge_weight": 0.021786840708325594,
    "n_qubits": 5,
    "total_pstrings": 46
}