{
    "avg_edge_order": 18.22222222222222,
    "avg_edge_weight": 0.353729328394043,
    "avg_vertex_degree": 18.22222222222222,
    "edge_order_std_dev": 6.032831982443657,
    "edge_weight_std_dev": 0.6776067068816508,
    "induced_norm": 55.889233886258765,
    "max_edge_order": 25,
    "max_edge_weight": 8.355215857742195,
    "max_vertex_degree": 25,
    "min_edge_order": 8,
    "min_edge_weight": 0.02658357472455681,
    "n_qubits": 9,
    "total_pstrings": 158
}