{
    "avg_edge_order": 18.22222222222222,
    "avg_edge_weight": 0.333405811452661,
    "avg_vertex_degree": 18.22222222222222,
    "edge_order_std_dev": 6.032831982443657,
    "edge_weight_std_dev": 0.6424742106265111,
    "induced_norm": 52.67811820952042,
    "max_edge_order": 25,
    "max_edge_weight": 7.747755464951511,
    "max_vertex_degree": 25,
    "min_edge_order": 8,
    "min_edge_weight": 0.0034184498800146623,
    "n_qubits": 9,
    "total_pstrings": 158
}