{
    "avg_edge_order": 18.22222222222222,
    "avg_edge_weight": 0.3044843424939272,
    "avg_vertex_degree": 18.22222222222222,
    "edge_order_std_dev": 6.032831982443657,
    "edge_weight_std_dev": 0.6200198292953547,
    "induced_norm": 48.108526114040515,
    "max_edge_order": 25,
    "max_edge_weight": 7.780646955725564,
    "max_vertex_degree": 25,
    "min_edge_order": 8,
    "min_edge_weight": 0.00032098549489528727,
    "n_qubits": 9,
    "total_pstrings": 158
}