{
    "avg_edge_order": 18.22222222222222,
    "avg_edge_weight": 0.3242868987356517,
    "avg_vertex_degree": 18.22222222222222,
    "edge_order_std_dev": 6.032831982443657,
    "edge_weight_std_dev": 0.6221764554462905,
    "induced_norm": 51.237330000232966,
    "max_edge_order": 25,
    "max_edge_weight": 7.764496835443729,
    "max_vertex_degree": 25,
    "min_edge_order": 8,
    "min_edge_weight": 0.002529832028319856,
    "n_qubits": 9,
    "total_pstrings": 158
}