{
    "avg_edge_order": 18.22222222222222,
    "avg_edge_weight": 0.3240105962650241,
    "avg_vertex_degree": 18.22222222222222,
    "edge_order_std_dev": 6.032831982443657,
    "edge_weight_std_dev": 0.6212366313078288,
    "induced_norm": 51.19367420987379,
    "max_edge_order": 25,
    "max_edge_weight": 7.6480342274980275,
    "max_vertex_degree": 25,
    "min_edge_order": 8,
    "min_edge_weight": 0.0017365783049920758,
    "n_qubits": 9,
    "total_pstrings": 158
}