{
    "avg_edge_order": 18.444444444444443,
    "avg_edge_weight": 0.35739000313959024,
    "avg_vertex_degree": 18.444444444444443,
    "edge_order_std_dev": 5.92754607482184,
    "edge_weight_std_dev": 0.7093556976315407,
    "induced_norm": 58.969350518032364,
    "max_edge_order": 25,
    "max_edge_weight": 7.897416133635702,
    "max_vertex_degree": 25,
    "min_edge_order": 8,
    "min_edge_weight": 0.006723169110671612,
    "n_qubits": 9,
    "total_pstrings": 165
}