{
    "avg_edge_order": 18.444444444444443,
    "avg_edge_weight": 0.3502095136552309,
    "avg_vertex_degree": 18.444444444444443,
    "edge_order_std_dev": 5.92754607482184,
    "edge_weight_std_dev": 0.6747502754407092,
    "induced_norm": 57.78456975311305,
    "max_edge_order": 25,
    "max_edge_weight": 8.296944710027596,
    "max_vertex_degree": 25,
    "min_edge_order": 8,
    "min_edge_weight": 0.007926810452823174,
    "n_qubits": 9,
    "total_pstrings": 165
}