{
    "avg_edge_order": 18.444444444444443,
    "avg_edge_weight": 0.3833234105058004,
    "avg_vertex_degree": 18.444444444444443,
    "edge_order_std_dev": 5.92754607482184,
    "edge_weight_std_dev": 0.6894876335991982,
    "induced_norm": 63.24836273345705,
    "max_edge_order": 25,
    "max_edge_weight": 7.765803425656354,
    "max_vertex_degree": 25,
    "min_edge_order": 8,
    "min_edge_weight": 0.003664665342246076,
    "n_qubits": 9,
    "total_pstrings": 165
}