{
    "avg_edge_order": 18.444444444444443,
    "avg_edge_weight": 0.36241535832982913,
    "avg_vertex_degree": 18.444444444444443,
    "edge_order_std_dev": 5.92754607482184,
    "edge_weight_std_dev": 0.6756295848113091,
    "induced_norm": 59.79853412442179,
    "max_edge_order": 25,
    "max_edge_weight": 8.084404617021175,
    "max_vertex_degree": 25,
    "min_edge_order": 8,
    "min_edge_weight": 0.009630567328092421,
    "n_qubits": 9,
    "total_pstrings": 165
}