{
    "avg_edge_order": 6.8,
    "avg_edge_weight": 0.3712136278903769,
    "avg_vertex_degree": 6.8,
    "edge_order_std_dev": 1.9390719429665317,
    "edge_weight_std_dev": 0.608612562453731,
    "induced_norm": 17.075826882957337,
    "max_edge_order": 9,
    "max_edge_weight": 4.306275178363637,
    "max_vertex_degree": 9,
    "min_edge_order": 4,
    "min_edge_weight": 0.0036537920790462586,
    "n_qubits": 5,
    "total_pstrings": 46
}