{
    "avg_edge_order": 18.444444444444443,
    "avg_edge_weight": 0.34913733493112276,
    "avg_vertex_degree": 18.444444444444443,
    "edge_order_std_dev": 5.92754607482184,
    "edge_weight_std_dev": 0.6357903039851732,
    "induced_norm": 57.60766026363526,
    "max_edge_order": 25,
    "max_edge_weight": 7.836120107464474,
    "max_vertex_degree": 25,
    "min_edge_order": 8,
    "min_edge_weight": 0.009685574393764829,
    "n_qubits": 9,
    "total_pstrings": 165
}