{
    "avg_edge_order": 18.444444444444443,
    "avg_edge_weight": 0.3379752350927072,
    "avg_vertex_degree": 18.444444444444443,
    "edge_order_std_dev": 5.92754607482184,
    "edge_weight_std_dev": 0.6584889796611666,
    "induced_norm": 55.76591379029668,
    "max_edge_order": 25,
    "max_edge_weight": 7.530641505755107,
    "max_vertex_degree": 25,
    "min_edge_order": 8,
    "min_edge_weight": 0.007638306064418898,
    "n_qubits": 9,
    "total_pstrings": 165
}