{
    "avg_edge_order": 18.444444444444443,
    "avg_edge_weight": 0.34980697750228074,
    "avg_vertex_degree": 18.444444444444443,
    "edge_order_std_dev": 5.92754607482184,
    "edge_weight_std_dev": 0.6693665177463746,
    "induced_norm": 57.718151287876296,
    "max_edge_order": 25,
    "max_edge_weight": 8.271020863796437,
    "max_vertex_degree": 25,
    "min_edge_order": 8,
    "min_edge_weight": 0.0026492278944362235,
    "n_qubits": 9,
    "total_pstrings": 165
}