{
    "avg_edge_order": 18.444444444444443,
    "avg_edge_weight": 0.3567878045228824,
    "avg_vertex_degree": 18.444444444444443,
    "edge_order_std_dev": 5.92754607482184,
    "edge_weight_std_dev": 0.662187540768216,
    "induced_norm": 58.8699877462756,
    "max_edge_order": 25,
    "max_edge_weight": 8.242968059267593,
    "max_vertex_degree": 25,
    "min_edge_order": 8,
    "min_edge_weight": 0.0004514746000484626,
    "n_qubits": 9,
    "total_pstrings": 165
}