{
    "avg_edge_order": 4.75,
    "avg_edge_weight": 0.33752361982087414,
    "avg_vertex_degree": 4.75,
    "edge_order_std_dev": 1.299038105676658,
    "edge_weight_std_dev": 0.45726472491993364,
    "induced_norm": 9.788184974805356,
    "max_edge_order": 6,
    "max_edge_weight": 2.670518776849949,
    "max_vertex_degree": 6,
    "min_edge_order": 3,
    "min_edge_weight": 0.011672372084738536,
    "n_qubits": 4,
    "total_pstrings": 29
}