{
    "avg_edge_order": 18.444444444444443,
    "avg_edge_weight": 0.42560948792902215,
    "avg_vertex_degree": 18.444444444444443,
    "edge_order_std_dev": 5.92754607482184,
    "edge_weight_std_dev": 0.6950960458034355,
    "induced_norm": 76.60970782722396,
    "max_edge_order": 25,
    "max_edge_weight": 7.799351348043794,
    "max_vertex_degree": 25,
    "min_edge_order": 8,
    "min_edge_weight": 0.003778716894707497,
    "n_qubits": 9,
    "total_pstrings": 180
}