{
    "avg_edge_order": 18.444444444444443,
    "avg_edge_weight": 0.40292942235447055,
    "avg_vertex_degree": 18.444444444444443,
    "edge_order_std_dev": 5.92754607482184,
    "edge_weight_std_dev": 0.701448625456113,
    "induced_norm": 72.5272960238047,
    "max_edge_order": 25,
    "max_edge_weight": 8.137570317691642,
    "max_vertex_degree": 25,
    "min_edge_order": 8,
    "min_edge_weight": 0.0016505647852407268,
    "n_qubits": 9,
    "total_pstrings": 180
}