{
    "avg_edge_order": 18.444444444444443,
    "avg_edge_weight": 0.41774544958145116,
    "avg_vertex_degree": 18.444444444444443,
    "edge_order_std_dev": 5.92754607482184,
    "edge_weight_std_dev": 0.7282078225178532,
    "induced_norm": 75.19418092466121,
    "max_edge_order": 25,
    "max_edge_weight": 7.758560033922545,
    "max_vertex_degree": 25,
    "min_edge_order": 8,
    "min_edge_weight": 0.002816779059395591,
    "n_qubits": 9,
    "total_pstrings": 180
}