{
    "avg_edge_order": 18.444444444444443,
    "avg_edge_weight": 0.4221142532055851,
    "avg_vertex_degree": 18.444444444444443,
    "edge_order_std_dev": 5.92754607482184,
    "edge_weight_std_dev": 0.7514550363483347,
    "induced_norm": 75.98056557700535,
    "max_edge_order": 25,
    "max_edge_weight": 8.626199620329851,
    "max_vertex_degree": 25,
    "min_edge_order": 8,
    "min_edge_weight": 0.0023732054624739374,
    "n_qubits": 9,
    "total_pstrings": 180
}