{
    "avg_edge_order": 18.444444444444443,
    "avg_edge_weight": 0.4354560152866095,
    "avg_vertex_degree": 18.444444444444443,
    "edge_order_std_dev": 5.92754607482184,
    "edge_weight_std_dev": 0.7505607259629452,
    "induced_norm": 78.38208275158975,
    "max_edge_order": 25,
    "max_edge_weight": 8.441323206733891,
    "max_vertex_degree": 25,
    "min_edge_order": 8,
    "min_edge_weight": 0.004364538603012946,
    "n_qubits": 9,
    "total_pstrings": 180
}