{
    "avg_edge_order": 18.444444444444443,
    "avg_edge_weight": 0.40317094218603966,
    "avg_vertex_degree": 18.444444444444443,
    "edge_order_std_dev": 5.92754607482184,
    "edge_weight_std_dev": 0.6937957012195916,
    "induced_norm": 72.57076959348714,
    "max_edge_order": 25,
    "max_edge_weight": 8.052187449508544,
    "max_vertex_degree": 25,
    "min_edge_order": 8,
    "min_edge_weight": 0.0004173341518272644,
    "n_qubits": 9,
    "total_pstrings": 180
}