{
    "avg_edge_order": 18.444444444444443,
    "avg_edge_weight": 0.44170112393780603,
    "avg_vertex_degree": 18.444444444444443,
    "edge_order_std_dev": 5.92754607482184,
    "edge_weight_std_dev": 0.7733046830326898,
    "induced_norm": 79.50620230880509,
    "max_edge_order": 25,
    "max_edge_weight": 8.150941776322242,
    "max_vertex_degree": 25,
    "min_edge_order": 8,
    "min_edge_weight": 0.0002812616064467588,
    "n_qubits": 9,
    "total_pstrings": 180
}