{
    "avg_edge_order": 18.444444444444443,
    "avg_edge_weight": 0.4337769499722299,
    "avg_vertex_degree": 18.444444444444443,
    "edge_order_std_dev": 5.92754607482184,
    "edge_weight_std_dev": 0.7355047986108495,
    "induced_norm": 78.07985099500138,
    "max_edge_order": 25,
    "max_edge_weight": 8.61479976387869,
    "max_vertex_degree": 25,
    "min_edge_order": 8,
    "min_edge_weight": 0.0026300989177655554,
    "n_qubits": 9,
    "total_pstrings": 180
}