{
    "avg_edge_order": 6.8,
    "avg_edge_weight": 0.36623976161028393,
    "avg_vertex_degree": 6.8,
    "edge_order_std_dev": 1.9390719429665317,
    "edge_weight_std_dev": 0.5532786606991272,
    "induced_norm": 16.84702903407306,
    "max_edge_order": 9,
    "max_edge_weight": 3.9551467337936135,
    "max_vertex_degree": 9,
    "min_edge_order": 4,
    "min_edge_weight": 0.018816939715343872,
    "n_qubits": 5,
    "total_pstrings": 46
}