{
    "avg_edge_order": 6.8,
    "avg_edge_weight": 0.3783245004638944,
    "avg_vertex_degree": 6.8,
    "edge_order_std_dev": 1.9390719429665317,
    "edge_weight_std_dev": 0.6605918267899419,
    "induced_norm": 17.402927021339146,
    "max_edge_order": 9,
    "max_edge_weight": 4.699685312364642,
    "max_vertex_degree": 9,
    "min_edge_order": 4,
    "min_edge_weight": 0.01380116286515004,
    "n_qubits": 5,
    "total_pstrings": 46
}