{
    "avg_edge_order": 6.8,
    "avg_edge_weight": 0.309021574024354,
    "avg_vertex_degree": 6.8,
    "edge_order_std_dev": 1.9390719429665317,
    "edge_weight_std_dev": 0.5478012371181202,
    "induced_norm": 14.214992405120285,
    "max_edge_order": 9,
    "max_edge_weight": 3.848975706772509,
    "max_vertex_degree": 9,
    "min_edge_order": 4,
    "min_edge_weight": 0.027542436613343935,
    "n_qubits": 5,
    "total_pstrings": 46
}