{
    "avg_edge_order": 4.75,
    "avg_edge_weight": 0.3380863034767117,
    "avg_vertex_degree": 4.75,
    "edge_order_std_dev": 1.299038105676658,
    "edge_weight_std_dev": 0.5633602129106677,
    "induced_norm": 9.80450280082464,
    "max_edge_order": 6,
    "max_edge_weight": 3.19118243150524,
    "max_vertex_degree": 6,
    "min_edge_order": 3,
    "min_edge_weight": 0.012453542239150739,
    "n_qubits": 4,
    "total_pstrings": 29
}