{
    "avg_edge_order": 6.8,
    "avg_edge_weight": 0.30773518791122717,
    "avg_vertex_degree": 6.8,
    "edge_order_std_dev": 1.9390719429665317,
    "edge_weight_std_dev": 0.5266020486893027,
    "induced_norm": 14.155818643916449,
    "max_edge_order": 9,
    "max_edge_weight": 3.6989232680144433,
    "max_vertex_degree": 9,
    "min_edge_order": 4,
    "min_edge_weight": 0.004635038967397073,
    "n_qubits": 5,
    "total_pstrings": 46
}