{
    "avg_edge_order": 6.8,
    "avg_edge_weight": 0.3224151220957477,
    "avg_vertex_degree": 6.8,
    "edge_order_std_dev": 1.9390719429665317,
    "edge_weight_std_dev": 0.5819491375847105,
    "induced_norm": 14.831095616404397,
    "max_edge_order": 9,
    "max_edge_weight": 4.014525096605964,
    "max_vertex_degree": 9,
    "min_edge_order": 4,
    "min_edge_weight": 0.0028363981350345013,
    "n_qubits": 5,
    "total_pstrings": 46
}