{
    "avg_edge_order": 6.8,
    "avg_edge_weight": 0.3240733454825047,
    "avg_vertex_degree": 6.8,
    "edge_order_std_dev": 1.9390719429665317,
    "edge_weight_std_dev": 0.4882506539150159,
    "induced_norm": 14.907373892195219,
    "max_edge_order": 9,
    "max_edge_weight": 3.411716932719486,
    "max_vertex_degree": 9,
    "min_edge_order": 4,
    "min_edge_weight": 0.0028267216003923235,
    "n_qubits": 5,
    "total_pstrings": 46
}