{
    "avg_edge_order": 6.8,
    "avg_edge_weight": 0.39076928891084545,
    "avg_vertex_degree": 6.8,
    "edge_order_std_dev": 1.9390719429665317,
    "edge_weight_std_dev": 0.6340502664959574,
    "induced_norm": 17.97538728989889,
    "max_edge_order": 9,
    "max_edge_weight": 4.490082367249839,
    "max_vertex_degree": 9,
    "min_edge_order": 4,
    "min_edge_weight": 0.015517236916525345,
    "n_qubits": 5,
    "total_pstrings": 46
}