{
    "avg_edge_order": 6.8,
    "avg_edge_weight": 0.38644043167656134,
    "avg_vertex_degree": 6.8,
    "edge_order_std_dev": 1.9390719429665317,
    "edge_weight_std_dev": 0.6240950875428497,
    "induced_norm": 17.776259857121822,
    "max_edge_order": 9,
    "max_edge_weight": 4.243149984580694,
    "max_vertex_degree": 9,
    "min_edge_order": 4,
    "min_edge_weight": 0.015554028383338747,
    "n_qubits": 5,
    "total_pstrings": 46
}