{
    "avg_edge_order": 6.8,
    "avg_edge_weight": 0.3756939847204502,
    "avg_vertex_degree": 6.8,
    "edge_order_std_dev": 1.9390719429665317,
    "edge_weight_std_dev": 0.5911221234714058,
    "induced_norm": 17.281923297140704,
    "max_edge_order": 9,
    "max_edge_weight": 4.194084214016295,
    "max_vertex_degree": 9,
    "min_edge_order": 4,
    "min_edge_weight": 0.013717994466241439,
    "n_qubits": 5,
    "total_pstrings": 46
}