{
    "avg_edge_order": 6.8,
    "avg_edge_weight": 0.3469630339820907,
    "avg_vertex_degree": 6.8,
    "edge_order_std_dev": 1.9390719429665317,
    "edge_weight_std_dev": 0.5876761172690564,
    "induced_norm": 15.960299563176171,
    "max_edge_order": 9,
    "max_edge_weight": 4.125823513464349,
    "max_vertex_degree": 9,
    "min_edge_order": 4,
    "min_edge_weight": 0.011584330592959213,
    "n_qubits": 5,
    "total_pstrings": 46
}