{
    "avg_edge_order": 6.8,
    "avg_edge_weight": 0.37003545312726543,
    "avg_vertex_degree": 6.8,
    "edge_order_std_dev": 1.9390719429665317,
    "edge_weight_std_dev": 0.5678484784882573,
    "induced_norm": 17.39166629698148,
    "max_edge_order": 9,
    "max_edge_weight": 3.6669658913354284,
    "max_vertex_degree": 9,
    "min_edge_order": 4,
    "min_edge_weight": 0.006280045822287195,
    "n_qubits": 5,
    "total_pstrings": 47
}