{
    "avg_edge_order": 6.8,
    "avg_edge_weight": 0.3784788921386463,
    "avg_vertex_degree": 6.8,
    "edge_order_std_dev": 1.9390719429665317,
    "edge_weight_std_dev": 0.48521907043862866,
    "induced_norm": 17.788507930516367,
    "max_edge_order": 9,
    "max_edge_weight": 3.13438986409262,
    "max_vertex_degree": 9,
    "min_edge_order": 4,
    "min_edge_weight": 0.00017014551324795457,
    "n_qubits": 5,
    "total_pstrings": 47
}