{
    "avg_edge_order": 6.8,
    "avg_edge_weight": 0.2946092772645062,
    "avg_vertex_degree": 6.8,
    "edge_order_std_dev": 1.9390719429665317,
    "edge_weight_std_dev": 0.4703584930454689,
    "induced_norm": 13.846636031431792,
    "max_edge_order": 9,
    "max_edge_weight": 3.163618326108261,
    "max_vertex_degree": 9,
    "min_edge_order": 4,
    "min_edge_weight": 0.004822166251585103,
    "n_qubits": 5,
    "total_pstrings": 47
}