{
    "avg_edge_order": 4.75,
    "avg_edge_weight": 0.35396739236262637,
    "avg_vertex_degree": 4.75,
    "edge_order_std_dev": 1.299038105676658,
    "edge_weight_std_dev": 0.5351902470453407,
    "induced_norm": 10.265054378516165,
    "max_edge_order": 6,
    "max_edge_weight": 3.0765138663076668,
    "max_vertex_degree": 6,
    "min_edge_order": 3,
    "min_edge_weight": 0.032314980308741525,
    "n_qubits": 4,
    "total_pstrings": 29
}