{
    "avg_edge_order": 6.8,
    "avg_edge_weight": 0.3811330303623931,
    "avg_vertex_degree": 6.8,
    "edge_order_std_dev": 1.9390719429665317,
    "edge_weight_std_dev": 0.636251649401743,
    "induced_norm": 17.91325242703247,
    "max_edge_order": 9,
    "max_edge_weight": 4.3937652892317,
    "max_vertex_degree": 9,
    "min_edge_order": 4,
    "min_edge_weight": 0.03591558626487079,
    "n_qubits": 5,
    "total_pstrings": 47
}