{
    "avg_edge_order": 4.75,
    "avg_edge_weight": 0.3209032068301634,
    "avg_vertex_degree": 4.75,
    "edge_order_std_dev": 1.299038105676658,
    "edge_weight_std_dev": 0.44083712659667945,
    "induced_norm": 9.306192998074739,
    "max_edge_order": 6,
    "max_edge_weight": 2.5452494623830253,
    "max_vertex_degree": 6,
    "min_edge_order": 3,
    "min_edge_weight": 0.0010670382625480035,
    "n_qubits": 4,
    "total_pstrings": 29
}