{
    "avg_edge_order": 94.53846153846153,
    "avg_edge_weight": 0.04437891921556204,
    "avg_vertex_degree": 94.53846153846153,
    "edge_order_std_dev": 13.528405356112373,
    "edge_weight_std_dev": 0.38590303117375696,
    "induced_norm": 29.55636019756432,
    "max_edge_order": 108,
    "max_edge_weight": 9.423801108633423,
    "max_vertex_degree": 108,
    "min_edge_order": 55,
    "min_edge_weight": 4.3891711457157514e-05,
    "n_qubits": 13,
    "total_pstrings": 666
}