{
    "avg_edge_order": 92803.47887323944,
    "avg_edge_weight": 0.0032823534979741224,
    "avg_vertex_degree": 92803.47887323944,
    "edge_order_std_dev": 27371.119509057924,
    "edge_weight_std_dev": 1.0719255871937092,
    "induced_norm": 3184.516387260008,
    "max_edge_order": 114485,
    "max_edge_weight": 1021.5231346194319,
    "max_vertex_degree": 114485,
    "min_edge_order": 10852,
    "min_edge_weight": 1.9660179705527272e-08,
    "n_qubits": 71,
    "total_pstrings": 970193
}