{
    "avg_edge_order": 92229.22535211267,
    "avg_edge_weight": 0.0023254054718154327,
    "avg_vertex_degree": 92229.22535211267,
    "edge_order_std_dev": 27603.763481517926,
    "edge_weight_std_dev": 0.6685644418353358,
    "induced_norm": 2245.283626284032,
    "max_edge_order": 114222,
    "max_edge_weight": 632.6503745211427,
    "max_vertex_degree": 114222,
    "min_edge_order": 10821,
    "min_edge_weight": 1.0021990012756064e-08,
    "n_qubits": 71,
    "total_pstrings": 965545
}