{
    "CASs": [
        [
            null,
            null
        ]
    ],
    "bases": [
        "sto-6g"
    ],
    "charge": 0,
    "geometry": [
        "C 0.14342 -0.19047 0.14218",
        "C 0.52067 0.30956 1.3443",
        "C -0.1329 -0.04639 2.59801",
        "N -0.67153 -0.3358 3.64754",
        "H -1.10794 -1.26397 -0.005825",
        "H 0.9254 0.254475 -1.24724",
        "H 1.78086 1.38681 1.4648"
    ],
    "multiplicity": 1,
    "name": "1.5_ch2chcn",
    "symmetry": false
}