{
    "1.0_beh2": -15.728979147679306,
    "1.0_bf": -124.13161744174482,
    "1.0_bh": -25.1445968941803,
    "1.0_ch4": -40.18925214139688,
    "1.0_cuh": -1639.2394298629235,
    "1.0_h2": -1.1122570397417983,
    "1.0_h2o": -75.7365161948922,
    "1.0_hf": -100.02058288404984,
    "1.0_lih": -7.953648821191528,
    "1.0_nh3": -56.03157817218289,
    "1.0_scn": -813.9200929139834,
    "1.0_zns": -2174.923022062546,
    "1.5_b2": -49.108180055975744,
    "1.5_beh2": -15.555074998327779,
    "1.5_bh": -25.095623197226782,
    "1.5_cuh": -1639.2108088788289,
    "1.5_h2": -1.1362879539418862,
    "1.5_h2o": -75.59675850214862,
    "1.5_hf": -99.92913514514981,
    "1.5_lih": -7.8924625788917595,
    "2.0_beh2": -15.390253423421596,
    "2.0_bh": -25.052328272590568,
    "2.0_cuh": -1639.1734618054006,
    "2.0_h2": -1.0784251064637356,
    "2.0_hf": -99.87042574571683,
    "2.0_lih": -7.813899461881558
}