{
    "0.75_h10": -3.028744084982158,
    "1.0_b2": -49.14141884334947,
    "1.0_beh2": -15.728979157411572,
    "1.0_bf": -124.13245077647913,
    "1.0_bh": -25.144717207007616,
    "1.0_bn": -79.0131969616888,
    "1.0_c2": -75.43190394570557,
    "1.0_cf": -137.20304579975672,
    "1.0_ch2": -38.886320322065444,
    "1.0_ch4": -40.18947081299844,
    "1.0_co": -112.44313084372433,
    "1.0_co2": -187.07380614972809,
    "1.0_co_n": -1435.4470366145308,
    "1.0_coh": -1381.6453682511033,
    "1.0_cos": -1778.557313079192,
    "1.0_crh": -1043.7250958149784,
    "1.0_crs": -1440.545859142832,
    "1.0_cuh": -1639.2394298674478,
    "1.0_cun": -1692.9945727484435,
    "1.0_cus": -2036.09726570966,
    "1.0_h10": -4.35630814990429,
    "1.0_h2": -1.1122569863250855,
    "1.0_h2o": -75.73664464755154,
    "1.0_hf": -100.02058288414094,
    "1.0_lih": -7.953648837286819,
    "1.0_mnh": -1150.0736234727628,
    "1.0_mnn": -1203.8320641329697,
    "1.0_mns": -1546.8122597795455,
    "1.0_n2": -108.70481299105244,
    "1.0_nh3": -56.03192481855237,
    "1.0_nih": -1507.0784850841158,
    "1.0_nis": -1904.0019124873281,
    "1.0_no": -174.18088947004333,
    "1.0_o2": -149.1504710117706,
    "1.0_o3": -223.66957645202376,
    "1.0_of": -129.32202770135726,
    "1.0_sch": -760.1925827667434,
    "1.0_scn": -813.9203028461616,
    "1.0_scs": -1157.081860490654,
    "1.0_tih": -848.827158873319,
    "1.0_tis": -1245.7102759193983,
    "1.0_vh": -943.3092703627532,
    "1.0_vn": -997.0368787595282,
    "1.0_vs": -1340.147721017682,
    "1.0_znh": -1778.0826001000123,
    "1.0_znn": -1831.853798908141,
    "1.0_zns": -2174.923022070278,
    "1.5_b2": -49.10876809977802,
    "1.5_beh2": -15.555075015991061,
    "1.5_bf": -124.02617395921142,
    "1.5_bh": -25.095903944963688,
    "1.5_bn": -78.9186188846869,
    "1.5_c2": -75.28292302454486,
    "1.5_cf": -137.10867112727163,
    "1.5_ch2": -38.77038993740593,
    "1.5_ch4": -39.85055441716067,
    "1.5_co": -112.26996236651712,
    "1.5_co2": -186.76628897896234,
    "1.5_co_n": -1435.3820950125712,
    "1.5_coh": -1381.643000043033,
    "1.5_cos": -1778.5029327789898,
    "1.5_crh": -1043.6760104269495,
    "1.5_crs": -1440.4287086363493,
    "1.5_cuh": -1639.210808878802,
    "1.5_cun": -1692.9780237381756,
    "1.5_cus": -2036.0578611681915,
    "1.5_h10": -4.764815533592365,
    "1.5_h2": -1.1362876502686692,
    "1.5_h2o": -75.59773085499418,
    "1.5_hf": -99.92913513972533,
    "1.5_lih": -7.89246257889243,
    "1.5_mnh": -1150.0977173030992,
    "1.5_mnn": -1203.789001715844,
    "1.5_mns": -1546.702466136967,
    "1.5_n2": -108.57712680848684,
    "1.5_nh3": -55.76443557420022,
    "1.5_nih": -1507.0442790657798,
    "1.5_nin": -1560.785568073663,
    "1.5_no": -174.1307886500564,
    "1.5_o2": -149.0685238113308,
    "1.5_o3": -223.56121633096365,
    "1.5_of": -129.16126623021162,
    "1.5_sch": -760.1367568302447,
    "1.5_scn": -813.8333832383378,
    "1.5_scs": -1157.003063977098,
    "1.5_tih": -848.7894611427314,
    "1.5_tin": -902.5528500498533,
    "1.5_tis": -1245.645014640565,
    "1.5_vh": -943.2705863067316,
    "1.5_znh": -1778.0562574075832,
    "1.5_znn": -1831.8896790167341,
    "1.5_zns": -2174.896445579307,
    "11_hehe_2p0_rg10": -5.720978241239863,
    "11_hehe_2p1_rg10": -5.7217883997199355,
    "11_hehe_2p2_rg10": -5.722312490082962,
    "11_hehe_2p3_rg10": -5.7226504526588,
    "11_hehe_2p4_rg10": -5.722867763722296,
    "11_hehe_2p5_rg10": -5.7230070949313925,
    "11_hehe_2p6_rg10": -5.72309614436866,
    "11_hehe_2p7_rg10": -5.723152855213526,
    "11_hehe_2p8_rg10": -5.723188842114703,
    "11_hehe_2p9_rg10": -5.723211610063993,
    "16_near_3p8_rg10": -655.3640121873922,
    "2.0_beh2": -15.390253423427886,
    "2.0_bf": -123.92847506749033,
    "2.0_bh": -25.05288443966981,
    "2.0_bn": -78.88681788634793,
    "2.0_cf": -137.0290057114193,
    "2.0_ch4": -39.546270416607314,
    "2.0_co2": -186.64471914373016,
    "2.0_co_n": -1435.33360584809,
    "2.0_coh": -1381.4964838314102,
    "2.0_cos": -1778.3636778611879,
    "2.0_crh": -1043.6561644924275,
    "2.0_crn": -1097.2870689316767,
    "2.0_crs": -1440.4346711898606,
    "2.0_cuh": -1639.173461805407,
    "2.0_cun": -1692.9843592739126,
    "2.0_h10": -4.730836094167737,
    "2.0_h2": -1.0784251063751245,
    "2.0_h2o": -75.4838824736356,
    "2.0_hf": -99.87042574489114,
    "2.0_lih": -7.813899463416614,
    "2.0_mnh": -1149.9397599956465,
    "2.0_mnn": -1203.720392417918,
    "2.0_mns": -1546.9783340722358,
    "2.0_n2": -108.5040425709897,
    "2.0_nih": -1507.0070719269827,
    "2.0_nin": -1560.7353352981447,
    "2.0_nis": -1903.9591073783577,
    "2.0_no": -174.12666605368867,
    "2.0_o2": -149.03583988516937,
    "2.0_o3": -223.54983981657654,
    "2.0_of": -129.13367121380497,
    "2.0_scn": -813.7730854430572,
    "2.0_scs": -1157.0107127586803,
    "2.0_tih": -848.7926038336087,
    "2.0_tin": -902.4572713981626
}