{
    "avg_edge_order": 277677.21649484534,
    "avg_edge_weight": 0.001376772864607492,
    "avg_vertex_degree": 277677.21649484534,
    "edge_order_std_dev": 89123.6706547354,
    "edge_weight_std_dev": 0.8164986251257038,
    "induced_norm": 4079.65335240492,
    "max_edge_order": 351976,
    "max_edge_weight": 1373.7252694568476,
    "max_vertex_degree": 351976,
    "min_edge_order": 25234,
    "min_edge_weight": 1.0004859296769834e-08,
    "n_qubits": 97,
    "total_pstrings": 2963200
}