{
    "avg_edge_order": 62749.40845070423,
    "avg_edge_weight": 0.003422856310577454,
    "avg_vertex_degree": 62749.40845070423,
    "edge_order_std_dev": 18132.78957398934,
    "edge_weight_std_dev": 0.9125964773319765,
    "induced_norm": 2196.587231606286,
    "max_edge_order": 77140,
    "max_edge_weight": 705.1575433816906,
    "max_vertex_degree": 77140,
    "min_edge_order": 8715,
    "min_edge_weight": 1.0361680645504907e-08,
    "n_qubits": 71,
    "total_pstrings": 641741
}