{
    "avg_edge_order": 82852.14084507042,
    "avg_edge_weight": 0.0019118118469786025,
    "avg_vertex_degree": 82852.14084507042,
    "edge_order_std_dev": 25486.23248741755,
    "edge_weight_std_dev": 0.5686803253312401,
    "induced_norm": 1664.7847264186503,
    "max_edge_order": 103512,
    "max_edge_weight": 509.8112366149003,
    "max_vertex_degree": 103512,
    "min_edge_order": 9889,
    "min_edge_weight": 1.0046492411847815e-08,
    "n_qubits": 71,
    "total_pstrings": 870789
}