{
    "avg_edge_order": 233386.2584269663,
    "avg_edge_weight": 0.001072674381144829,
    "avg_vertex_degree": 233386.2584269663,
    "edge_order_std_dev": 68652.70014027995,
    "edge_weight_std_dev": 0.3080579071638449,
    "induced_norm": 2628.283931471158,
    "max_edge_order": 285727,
    "max_edge_weight": 463.24097381190944,
    "max_vertex_degree": 285727,
    "min_edge_order": 27857,
    "min_edge_weight": 1.0497311937892383e-08,
    "n_qubits": 89,
    "total_pstrings": 2450216
}