{
    "CASs": [
        [
            null,
            null
        ]
    ],
    "bases": [
        "6-311++G**"
    ],
    "charge": 0,
    "geometry": [
        "Li -1.10784 -0.85772 0.00000",
        "O -1.02344 0.94147 0.67633",
        "O -1.02344 0.94147 -0.67633",
        "Li 0.76434 1.17265 0.00000",
        "O 0.64466 -1.50143 0.00000",
        "O 1.55123 -0.51814 0.00000"
    ],
    "multiplicity": 1,
    "name": "lio2_oer_r",
    "symmetry": false
}