{
    "avg_edge_order": 569629.5154639175,
    "avg_edge_weight": 0.0004971030245892674,
    "avg_vertex_degree": 569629.5154639175,
    "edge_order_std_dev": 190039.14575855553,
    "edge_weight_std_dev": 0.3949893135503344,
    "induced_norm": 3135.158187455018,
    "max_edge_order": 723379,
    "max_edge_weight": 970.0582237447798,
    "max_vertex_degree": 723379,
    "min_edge_order": 55433,
    "min_edge_weight": 1.0000854699113641e-08,
    "n_qubits": 97,
    "total_pstrings": 6306858
}