{
    "avg_edge_order": 233507.9175257732,
    "avg_edge_weight": 0.0016602953671618923,
    "avg_vertex_degree": 233507.9175257732,
    "edge_order_std_dev": 74474.1082615564,
    "edge_weight_std_dev": 0.7792180662506489,
    "induced_norm": 4114.248446325247,
    "max_edge_order": 301040,
    "max_edge_weight": 1199.1388323466047,
    "max_vertex_degree": 301040,
    "min_edge_order": 23950,
    "min_edge_weight": 1.000477695113818e-08,
    "n_qubits": 97,
    "total_pstrings": 2478022
}