{
    "avg_edge_order": 221970.39175257733,
    "avg_edge_weight": 0.001589184724972985,
    "avg_vertex_degree": 221970.39175257733,
    "edge_order_std_dev": 80361.61116209767,
    "edge_weight_std_dev": 0.9058931095658974,
    "induced_norm": 3826.216494928457,
    "max_edge_order": 291842,
    "max_edge_weight": 1373.8311150453846,
    "max_vertex_degree": 291842,
    "min_edge_order": 14665,
    "min_edge_weight": 1.0002966382801621e-08,
    "n_qubits": 97,
    "total_pstrings": 2407660
}