{
    "avg_edge_order": 1,
    "avg_edge_weight": 0.04585190667483217,
    "avg_vertex_degree": 71.0,
    "cluster_coefficient": 0.5349714346978662,
    "edge_order_std_dev": 2.715618968090147,
    "edge_weight_std_dev": 0.3606601918481722,
    "induced_norm": 30.537369845438224,
    "max_edge_order": 13,
    "max_edge_weight": 8.700982639234443,
    "max_vertex_degree": 89,
    "min_edge_order": 7.502708559046587,
    "min_edge_weight": 2.7930539692775725e-06,
    "n_qubits": 13,
    "total_pstrings": 666
}