{
    "avg_edge_order": 8120.378378378378,
    "avg_edge_weight": 0.006792770049717882,
    "avg_vertex_degree": 8120.378378378378,
    "edge_order_std_dev": 2132.661506210736,
    "edge_weight_std_dev": 0.11201940711808339,
    "induced_norm": 529.5235964557078,
    "max_edge_order": 9779,
    "max_edge_weight": 18.720969800567165,
    "max_vertex_degree": 9779,
    "min_edge_order": 1796,
    "min_edge_weight": 6.239791468127804e-07,
    "n_qubits": 37,
    "total_pstrings": 77954
}