{
    "avg_edge_order": 1,
    "avg_edge_weight": 0.12372823271049602,
    "avg_vertex_degree": 2.0,
    "cluster_coefficient": 1.0,
    "edge_order_std_dev": 1.0,
    "edge_weight_std_dev": 0.08431401525359447,
    "induced_norm": 1.8559234906574402,
    "max_edge_order": 3,
    "max_edge_weight": 0.40541508588672365,
    "max_vertex_degree": 2,
    "min_edge_order": 2.0,
    "min_edge_weight": 0.05148455246900109,
    "n_qubits": 3,
    "total_pstrings": 15
}