{
    "avg_edge_order": 237714.1348314607,
    "avg_edge_weight": 0.0011312557185163459,
    "avg_vertex_degree": 237714.1348314607,
    "edge_order_std_dev": 72365.60857097096,
    "edge_weight_std_dev": 0.47077061420329863,
    "induced_norm": 2842.9293335547472,
    "max_edge_order": 292993,
    "max_edge_weight": 720.9544896529088,
    "max_vertex_degree": 292993,
    "min_edge_order": 23697,
    "min_edge_weight": 1.0006988946409203e-08,
    "n_qubits": 89,
    "total_pstrings": 2513074
}