{
    "CASs": [
        [
            null,
            null
        ]
    ],
    "bases": [
        "sto-6g"
    ],
    "charge": 0,
    "geometry": [
        "C -8.0e-5 2.82864 0.0",
        "C -2.44942 1.41418 0.0",
        "C -2.44938 -1.41424 0.0",
        "C -0.0 -2.82864 -0.0",
        "C 2.44936 -1.41422 -0.0",
        "C 2.44926 1.41418 0.0",
        "H 6.0e-5 3.93281 0.0",
        "H -3.40565 1.96627 0.0",
        "H -3.40567 -1.96624 0.0",
        "H 0.00011 -3.93281 0.0",
        "H 3.40563 -1.96624 0.0",
        "H 3.40552 1.96622 0.0"
    ],
    "multiplicity": 1,
    "name": "2.0_co",
    "symmetry": false
}