{
    "avg_edge_order": 1,
    "avg_edge_weight": 0.0027440589873527887,
    "avg_vertex_degree": 79164.16326530612,
    "edge_order_std_dev": 9.121498413027505,
    "edge_weight_std_dev": 2.7210386224925873,
    "induced_norm": 4534.7358404347615,
    "max_edge_order": 49,
    "max_edge_weight": 3496.404684795613,
    "max_vertex_degree": 99521,
    "min_edge_order": 24.16255603184702,
    "min_edge_weight": 1.0000396944767318e-08,
    "n_qubits": 49,
    "name": "1water",
    "total_pstrings": 1652565
}