{
    "avg_edge_order": 550759.6488549619,
    "avg_edge_weight": 0.0018577395243105478,
    "avg_vertex_degree": 550759.6488549619,
    "edge_order_std_dev": 171963.4916795562,
    "edge_weight_std_dev": 0.6239572223885339,
    "induced_norm": 10930.023495457779,
    "max_edge_order": 679092,
    "max_edge_weight": 1494.6848769930198,
    "max_vertex_degree": 679092,
    "min_edge_order": 35335,
    "min_edge_weight": 1.0005534808663174e-08,
    "n_qubits": 131,
    "total_pstrings": 5883507
}