{
    "avg_edge_order": 18678.563636363637,
    "avg_edge_weight": 0.0029154503031451366,
    "avg_vertex_degree": 18678.563636363637,
    "edge_order_std_dev": 5317.218889483269,
    "edge_weight_std_dev": 0.06422244467624656,
    "induced_norm": 548.3641320682656,
    "max_edge_order": 22945,
    "max_edge_weight": 20.487689035425856,
    "max_vertex_degree": 22945,
    "min_edge_order": 2874,
    "min_edge_weight": 1.0727094207201253e-08,
    "n_qubits": 55,
    "total_pstrings": 188089
}