{
    "CASs": [
        [
            null,
            null
        ]
    ],
    "bases": [
        "def2-QZVPPD"
    ],
    "charge": 0,
    "geometry": [
        "Ne 0.0000000000 0.0000000000 0.0000000000",
        "Ar 0.0000000000 0.0000000000 3.9000000000"
    ],
    "multiplicity": 1,
    "name": "16_near_3p9_rg10",
    "symmetry": false
}