{
    "avg_edge_order": 211382.21348314607,
    "avg_edge_weight": 0.0010142439277859225,
    "avg_vertex_degree": 211382.21348314607,
    "edge_order_std_dev": 70161.72810999877,
    "edge_weight_std_dev": 0.4027815586048554,
    "induced_norm": 2313.8271282637143,
    "max_edge_order": 268772,
    "max_edge_weight": 586.4366328059177,
    "max_vertex_degree": 268772,
    "min_edge_order": 17806,
    "min_edge_weight": 1.0000474623012076e-08,
    "n_qubits": 89,
    "total_pstrings": 2281332
}