{
    "avg_edge_order": 154.30769230769232,
    "avg_edge_weight": 0.11004946764659215,
    "avg_vertex_degree": 154.30769230769232,
    "edge_order_std_dev": 29.893103437684328,
    "edge_weight_std_dev": 1.5270357988092766,
    "induced_norm": 119.51372186419908,
    "max_edge_order": 185,
    "max_edge_weight": 46.972230910916466,
    "max_vertex_degree": 185,
    "min_edge_order": 77,
    "min_edge_weight": 0.00010795497875450683,
    "n_qubits": 13,
    "total_pstrings": 1086
}