{
    "avg_edge_order": 8127.324324324324,
    "avg_edge_weight": 0.003753375075594714,
    "avg_vertex_degree": 8127.324324324324,
    "edge_order_std_dev": 2122.830123361634,
    "edge_weight_std_dev": 0.09002056436256912,
    "induced_norm": 292.5906006429103,
    "max_edge_order": 9731,
    "max_edge_weight": 20.53638040133303,
    "max_vertex_degree": 9731,
    "min_edge_order": 1797,
    "min_edge_weight": 4.800013375182245e-08,
    "n_qubits": 37,
    "total_pstrings": 77954
}