{
    "avg_edge_order": 30363.34693877551,
    "avg_edge_weight": 0.0016197228755125148,
    "avg_vertex_degree": 30363.34693877551,
    "edge_order_std_dev": 7728.8596184742855,
    "edge_weight_std_dev": 0.13865480957941934,
    "induced_norm": 511.45665295483576,
    "max_edge_order": 36307,
    "max_edge_weight": 76.79874279280479,
    "max_vertex_degree": 36307,
    "min_edge_order": 5929,
    "min_edge_weight": 1.0122106907116862e-08,
    "n_qubits": 49,
    "total_pstrings": 315768
}