{
    "avg_edge_order": 350.2105263157895,
    "avg_edge_weight": 0.06077631023579891,
    "avg_vertex_degree": 350.2105263157895,
    "edge_order_std_dev": 67.69247719018742,
    "edge_weight_std_dev": 1.3138898549592317,
    "induced_norm": 179.83710198772897,
    "max_edge_order": 434,
    "max_edge_weight": 68.7253117662245,
    "max_vertex_degree": 434,
    "min_edge_order": 150,
    "min_edge_weight": 1.0263629296939135e-08,
    "n_qubits": 19,
    "total_pstrings": 2959
}