{
    "avg_edge_order": 203228.27835051547,
    "avg_edge_weight": 0.0013342074845618225,
    "avg_vertex_degree": 203228.27835051547,
    "edge_order_std_dev": 62602.98484036142,
    "edge_weight_std_dev": 0.5447216286669326,
    "induced_norm": 2815.2845290242103,
    "max_edge_order": 252652,
    "max_edge_weight": 773.8851198280369,
    "max_vertex_degree": 252652,
    "min_edge_order": 21455,
    "min_edge_weight": 1.0051718367065656e-08,
    "n_qubits": 97,
    "total_pstrings": 2110080
}