{
    "avg_edge_order": 5814.538461538462,
    "avg_edge_weight": 0.00551862939340274,
    "avg_vertex_degree": 5814.538461538462,
    "edge_order_std_dev": 1481.1969665270433,
    "edge_weight_std_dev": 0.2629033462194166,
    "induced_norm": 310.92509865370374,
    "max_edge_order": 6997,
    "max_edge_weight": 61.2956326987292,
    "max_vertex_degree": 6997,
    "min_edge_order": 1251,
    "min_edge_weight": 3.299064157071362e-08,
    "n_qubits": 39,
    "total_pstrings": 56341
}