{
    "CASs": [
        [
            null,
            null
        ]
    ],
    "bases": [
        "sto-6g"
    ],
    "charge": 0,
    "geometry": [
        "C -4e-05 1.41432 0.0",
        "H 0.0001 2.51849 0.0",
        "C -1.22471 0.70709 0.0",
        "H -2.18094 1.25918 0.0",
        "C -1.22469 -0.70712 0.0",
        "H -2.18098 -1.25912 0.0",
        "C -0.0 -1.41432 -0.0",
        "H 0.00011 -2.51849 -0.0",
        "C 1.22468 -0.70711 -0.0",
        "H 2.18095 -1.25913 -0.0",
        "C 1.22463 0.70709 0.0",
        "H 2.18089 1.25913 0.0"
    ],
    "multiplicity": 1,
    "name": "1.0_c6h6",
    "symmetry": false
}