{
    "avg_edge_order": 147853.34831460673,
    "avg_edge_weight": 0.0021359793178694244,
    "avg_vertex_degree": 147853.34831460673,
    "edge_order_std_dev": 44847.71546649919,
    "edge_weight_std_dev": 0.7949584910727784,
    "induced_norm": 3289.5619400298006,
    "max_edge_order": 182913,
    "max_edge_weight": 955.2859270521684,
    "max_vertex_degree": 182913,
    "min_edge_order": 14528,
    "min_edge_weight": 1.0025023467506362e-08,
    "n_qubits": 89,
    "total_pstrings": 1540072
}