{
    "avg_edge_order": 145235.5393258427,
    "avg_edge_weight": 0.0013767626384931296,
    "avg_vertex_degree": 145235.5393258427,
    "edge_order_std_dev": 44488.349581358634,
    "edge_weight_std_dev": 0.3955525841634264,
    "induced_norm": 2084.396606476382,
    "max_edge_order": 180237,
    "max_edge_weight": 467.7538297058691,
    "max_vertex_degree": 180237,
    "min_edge_order": 16271,
    "min_edge_weight": 1.0059994290807987e-08,
    "n_qubits": 89,
    "total_pstrings": 1513984
}