{
    "CASs": [
        [
            null,
            null
        ]
    ],
    "bases": [
        "sto-6g"
    ],
    "charge": 0,
    "geometry": [
        "C 0.14342 -0.19047 0.14218",
        "C 0.52067 0.30956 1.3443",
        "C -0.1329 -0.04639 2.59801",
        "N -0.67153 -0.3358 3.64754",
        "H -0.69082 -0.90614 0.04351",
        "H 0.66474 0.10616 -0.7841",
        "H 1.3608 1.02773 1.42463"
    ],
    "multiplicity": 1,
    "name": "ch2chcn",
    "symmetry": false
}