{
    "avg_edge_order": 211161.20224719102,
    "avg_edge_weight": 0.0015228105338974333,
    "avg_vertex_degree": 211161.20224719102,
    "edge_order_std_dev": 65220.58847767955,
    "edge_weight_std_dev": 0.7174282440428501,
    "induced_norm": 3418.271079165975,
    "max_edge_order": 263785,
    "max_edge_weight": 1041.1263520018952,
    "max_vertex_degree": 263785,
    "min_edge_order": 19875,
    "min_edge_weight": 1.0012103078392092e-08,
    "n_qubits": 89,
    "total_pstrings": 2244712
}