{
    "avg_edge_order": 371.42105263157896,
    "avg_edge_weight": 0.06187565047795231,
    "avg_vertex_degree": 371.42105263157896,
    "edge_order_std_dev": 71.96513467935902,
    "edge_weight_std_dev": 1.285485731663426,
    "induced_norm": 182.59504456043726,
    "max_edge_order": 432,
    "max_edge_weight": 66.89164394637852,
    "max_vertex_degree": 432,
    "min_edge_order": 154,
    "min_edge_weight": 2.102273059738911e-06,
    "n_qubits": 19,
    "total_pstrings": 2951
}