{
    "avg_edge_order": 456931.6804123711,
    "avg_edge_weight": 0.0005168127615065176,
    "avg_vertex_degree": 456931.6804123711,
    "edge_order_std_dev": 158966.39853304837,
    "edge_weight_std_dev": 0.3796683850533659,
    "induced_norm": 2616.1144677501766,
    "max_edge_order": 588221,
    "max_edge_weight": 835.4383542814795,
    "max_vertex_degree": 588221,
    "min_edge_order": 36389,
    "min_edge_weight": 1.0000414530668868e-08,
    "n_qubits": 97,
    "total_pstrings": 5062016
}