{
    "avg_edge_order": 99889.81690140846,
    "avg_edge_weight": 0.0018730232373548508,
    "avg_vertex_degree": 99889.81690140846,
    "edge_order_std_dev": 29348.953051514396,
    "edge_weight_std_dev": 0.5813841755048567,
    "induced_norm": 1940.7011859901936,
    "max_edge_order": 122026,
    "max_edge_weight": 569.3472261658843,
    "max_vertex_degree": 122026,
    "min_edge_order": 11942,
    "min_edge_weight": 1.0136803465297019e-08,
    "n_qubits": 71,
    "total_pstrings": 1036133
}