{
    "CASs": [
        [
            null,
            null
        ]
    ],
    "bases": [
        "sto-6g"
    ],
    "charge": -1,
    "geometry": [
        "B -1e-05 0.00034 0.0",
        "B 1.58803 -0.17764 0.0",
        "B -1.58806 -0.17763 0.0",
        "B 0.77583 -1.52689 -0.0",
        "B -0.77577 -1.52685 -0.0"
    ],
    "multiplicity": 1,
    "name": "b5-",
    "symmetry": false
}