{
    "avg_edge_order": 1,
    "avg_edge_weight": 0.1583692190233921,
    "avg_vertex_degree": 2.0,
    "cluster_coefficient": 1.0,
    "edge_order_std_dev": 1.0,
    "edge_weight_std_dev": 0.08647372889616999,
    "induced_norm": 2.3755382853508813,
    "max_edge_order": 3,
    "max_edge_weight": 0.3180026318999307,
    "max_vertex_degree": 2,
    "min_edge_order": 2.0,
    "min_edge_weight": 0.0431169617299987,
    "n_qubits": 3,
    "total_pstrings": 15
}