{
    "avg_edge_order": 550171.1984732824,
    "avg_edge_weight": 0.0018503274310006405,
    "avg_vertex_degree": 550171.1984732824,
    "edge_order_std_dev": 172607.82613750402,
    "edge_weight_std_dev": 0.6126220555538716,
    "induced_norm": 10881.15206137052,
    "max_edge_order": 678577,
    "max_edge_weight": 1467.270495455815,
    "max_vertex_degree": 678577,
    "min_edge_order": 35347,
    "min_edge_weight": 1.0010848327435312e-08,
    "n_qubits": 131,
    "total_pstrings": 5880663
}