{
    "avg_edge_order": 206629.8202247191,
    "avg_edge_weight": 0.0011524322939566814,
    "avg_vertex_degree": 206629.8202247191,
    "edge_order_std_dev": 65018.32977034234,
    "edge_weight_std_dev": 0.5047800647063918,
    "induced_norm": 2532.585209199203,
    "max_edge_order": 259638,
    "max_edge_weight": 722.94885472859,
    "max_vertex_degree": 259638,
    "min_edge_order": 21083,
    "min_edge_weight": 1.0004556456009974e-08,
    "n_qubits": 89,
    "total_pstrings": 2197600
}