{
    "CASs": [
        [
            null,
            null
        ]
    ],
    "bases": [
        "sto-6g"
    ],
    "charge": 0,
    "geometry": [
        "C 11.85816 11.96373 11.23985",
        "H 14.02097 11.96384 11.23963",
        "H 11.13705 14.00258 11.2397",
        "H 11.13719 10.9444 9.47366",
        "H 11.13697 10.94401 13.00534"
    ],
    "multiplicity": 1,
    "name": "2.0_ch4",
    "symmetry": false
}