{
    "avg_edge_order": 797.8947368421053,
    "avg_edge_weight": 0.005654498354080844,
    "avg_vertex_degree": 797.8947368421053,
    "edge_order_std_dev": 155.61216795098136,
    "edge_weight_std_dev": 0.03171734703826548,
    "induced_norm": 41.159093519354464,
    "max_edge_order": 937,
    "max_edge_weight": 2.5634393401793703,
    "max_vertex_degree": 937,
    "min_edge_order": 326,
    "min_edge_weight": 2.1319531097047366e-06,
    "n_qubits": 19,
    "total_pstrings": 7279
}