{
    "avg_edge_order": 285.4736842105263,
    "avg_edge_weight": 0.09582221064430227,
    "avg_vertex_degree": 285.4736842105263,
    "edge_order_std_dev": 54.45361949310878,
    "edge_weight_std_dev": 1.9821829374920348,
    "induced_norm": 227.19446143764068,
    "max_edge_order": 345,
    "max_edge_weight": 92.80910579466607,
    "max_vertex_degree": 345,
    "min_edge_order": 130,
    "min_edge_weight": 2.0700230320602666e-08,
    "n_qubits": 19,
    "total_pstrings": 2371
}