{
    "avg_edge_order": 367.1578947368421,
    "avg_edge_weight": 0.056226261299966544,
    "avg_vertex_degree": 367.1578947368421,
    "edge_order_std_dev": 69.86698878500243,
    "edge_weight_std_dev": 1.289109665344964,
    "induced_norm": 174.69499385899604,
    "max_edge_order": 446,
    "max_edge_weight": 69.17548457651426,
    "max_vertex_degree": 446,
    "min_edge_order": 157,
    "min_edge_weight": 1.0057435712742317e-08,
    "n_qubits": 19,
    "total_pstrings": 3107
}