{
    "avg_edge_order": 91306.7042253521,
    "avg_edge_weight": 0.0017199214527798185,
    "avg_vertex_degree": 91306.7042253521,
    "edge_order_std_dev": 27348.355635298638,
    "edge_weight_std_dev": 0.48260894233751506,
    "induced_norm": 1644.982755160749,
    "max_edge_order": 113043,
    "max_edge_weight": 452.5697688880506,
    "max_vertex_degree": 113043,
    "min_edge_order": 10646,
    "min_edge_weight": 1.2032300463995857e-08,
    "n_qubits": 71,
    "total_pstrings": 956429
}