,max_vertex_degree,min_vertex_degree,mean_vertex_degree,std_dev_vertex_degree,one_norm,max_weight,min_weight,mean_weight,std_dev_weight,max_edge_order,min_edge_order,mean_edge_order,std_dev_edge_order,number_of_terms,n_orbs
0,41307,6215,32946.1724137931,10028.859370866574,461.9073330300114,4.294098729828298,1.1958146416233744e-08,0.006540095615416317,0.08266495911969411,29,1,13.527956730428873,5.44064851434206,70628,29
