,max_vertex_degree,min_vertex_degree,mean_vertex_degree,std_dev_vertex_degree,one_norm,max_weight,min_weight,mean_weight,std_dev_weight,max_edge_order,min_edge_order,mean_edge_order,std_dev_edge_order,number_of_terms,n_orbs
0,18318,3420,14891.57142857143,4397.052530864701,308.0931163704128,8.942302690424512,1.3734777192069613e-08,0.009857717935957478,0.10945675827530336,28,1,13.341140334037243,5.432049287318827,31255,28
