,max_vertex_degree,min_vertex_degree,mean_vertex_degree,std_dev_vertex_degree,one_norm,max_weight,min_weight,mean_weight,std_dev_weight,max_edge_order,min_edge_order,mean_edge_order,std_dev_edge_order,number_of_terms,n_orbs
0,3995,1169,3079.7368421052633,762.4603418232227,189.7472381249161,3.929607665512105,5.601153261419093e-08,0.03143592414262991,0.1896077768151437,19,1,9.694333996023857,3.883002462233796,6037,19
