,max_vertex_degree,min_vertex_degree,mean_vertex_degree,std_dev_vertex_degree,one_norm,max_weight,min_weight,mean_weight,std_dev_weight,max_edge_order,min_edge_order,mean_edge_order,std_dev_edge_order,number_of_terms,n_orbs
0,506,184,414.7142857142857,100.4379186871377,120.93466946397504,6.93527309813698,0.00037675813426972277,0.13422271860596566,0.4278421121396113,13,1,6.443951165371809,3.0552477613604028,902,14
