,max_vertex_degree,min_vertex_degree,mean_vertex_degree,std_dev_vertex_degree,one_norm,max_weight,min_weight,mean_weight,std_dev_weight,max_edge_order,min_edge_order,mean_edge_order,std_dev_edge_order,number_of_terms,n_orbs
0,1532,448,1255.5555555555557,326.9614693953032,209.15801380221313,48.90243873825048,1.491516577302118e-05,0.07614052195202543,0.9652319361254174,17,1,8.227156898434655,3.936345260975769,2748,18
