{
    "avg_edge_order": 300865.91752577317,
    "avg_edge_weight": 0.0010691141920378439,
    "avg_vertex_degree": 300865.91752577317,
    "edge_order_std_dev": 102942.75251244525,
    "edge_weight_std_dev": 0.6346234933166393,
    "induced_norm": 3479.3722675924087,
    "max_edge_order": 386894,
    "max_edge_weight": 1119.3756712721197,
    "max_vertex_degree": 386894,
    "min_edge_order": 25074,
    "min_edge_weight": 1.0007290084928253e-08,
    "n_qubits": 97,
    "total_pstrings": 3254444
}