{
    "avg_edge_order": 93282.35211267606,
    "avg_edge_weight": 0.0018712867446530753,
    "avg_vertex_degree": 93282.35211267606,
    "edge_order_std_dev": 27341.215404173694,
    "edge_weight_std_dev": 0.47577794822468134,
    "induced_norm": 1812.500271569799,
    "max_edge_order": 114574,
    "max_edge_weight": 448.77802916943136,
    "max_vertex_degree": 114574,
    "min_edge_order": 10849,
    "min_edge_weight": 1.0578533331040773e-08,
    "n_qubits": 71,
    "total_pstrings": 968585
}