{
    "avg_edge_order": 5,
    "avg_edge_weight": 0.5773502691896258,
    "avg_vertex_degree": 2.5714285714285716,
    "clustering_coefficient": 0.7158937352148612,
    "edge_order_std_dev": 0.8089010988089465,
    "edge_weight_std_dev": 0.0,
    "induced_norm": 1.7320508075688776,
    "max_edge_order": 7,
    "max_edge_weight": 0.5773502691896258,
    "max_vertex_degree": 3,
    "min_edge_order": 6.111111111111111,
    "min_edge_weight": 0.5773502691896258,
    "n_qubits": 7,
    "total_pstrings": 3
}