{
    "avg_edge_order": 3,
    "avg_edge_weight": 0.7071067811865475,
    "avg_vertex_degree": 1.5,
    "clustering_coefficient": 0.5249671041228638,
    "edge_order_std_dev": 0.0,
    "edge_weight_std_dev": 0.0,
    "induced_norm": 1.414213562373095,
    "max_edge_order": 3,
    "max_edge_weight": 0.7071067811865475,
    "max_vertex_degree": 2,
    "min_edge_order": 3.0,
    "min_edge_weight": 0.7071067811865475,
    "n_qubits": 4,
    "total_pstrings": 2
}