{
    "avg_edge_order": 7,
    "avg_edge_weight": 0.5773502691896258,
    "avg_vertex_degree": 2.75,
    "clustering_coefficient": 0.8226622670536257,
    "edge_order_std_dev": 0.4810456929208345,
    "edge_weight_std_dev": 0.0,
    "induced_norm": 1.7320508075688776,
    "max_edge_order": 8,
    "max_edge_weight": 0.5773502691896258,
    "max_vertex_degree": 3,
    "min_edge_order": 7.363636363636363,
    "min_edge_weight": 0.5773502691896258,
    "n_qubits": 8,
    "total_pstrings": 3
}