{
    "avg_edge_order": 20735.836363636365,
    "avg_edge_weight": 0.003176952828014615,
    "avg_vertex_degree": 20735.836363636365,
    "edge_order_std_dev": 6478.576192522091,
    "edge_weight_std_dev": 0.1398196498438772,
    "induced_norm": 671.6237126064296,
    "max_edge_order": 26362,
    "max_edge_weight": 57.152035548116004,
    "max_vertex_degree": 26362,
    "min_edge_order": 2596,
    "min_edge_weight": 1.0212419778435154e-08,
    "n_qubits": 55,
    "total_pstrings": 211405
}