{
    "avg_edge_order": 272.05263157894734,
    "avg_edge_weight": 0.058250581986767705,
    "avg_vertex_degree": 272.05263157894734,
    "edge_order_std_dev": 53.91852887674781,
    "edge_weight_std_dev": 1.0694609987939832,
    "induced_norm": 130.4230530683729,
    "max_edge_order": 350,
    "max_edge_weight": 48.860834272826814,
    "max_vertex_degree": 350,
    "min_edge_order": 128,
    "min_edge_weight": 1.9573953047233306e-06,
    "n_qubits": 19,
    "total_pstrings": 2239
}