{
    "CASs": [
        [
            null,
            null
        ]
    ],
    "bases": [
        "def2-QZVPPD"
    ],
    "charge": 0,
    "geometry": [
        "N 0.0000000000 0.0000000000 0.2851841441",
        "H -0.4697491518 0.8136293977 -0.0950613814",
        "H -0.4697491518 -0.8136293977 -0.0950613814",
        "H 0.9394983036 0.0000000000 -0.0950613814"
    ],
    "multiplicity": 1,
    "name": "ammonia",
    "symmetry": false
}