{
    "CASs": [
        [
            null,
            null
        ]
    ],
    "bases": [
        "sto-6g"
    ],
    "charge": 0,
    "geometry": [
        "H 0.0 0.0 0.0",
        "H 2.0 0.0 0.0",
        "H 4.0 0.0 0.0",
        "H 1.0 1.73205 0.0",
        "H 2.0 3.4641 0.0",
        "H 3.0 1.73205 0.0",
        "H 3.0 0.43301 1.73205",
        "H 2.0 2.16506 1.73205",
        "H 1.0 0.43301 1.73205",
        "H 2.0 0.86603 3.4641"
    ],
    "multiplicity": 1,
    "name": "2.0_h10",
    "symmetry": false
}