{
    "avg_edge_order": 698.3157894736842,
    "avg_edge_weight": 0.0331349338265881,
    "avg_vertex_degree": 698.3157894736842,
    "edge_order_std_dev": 142.31952657815216,
    "edge_weight_std_dev": 0.949345227135941,
    "induced_norm": 193.87249781936697,
    "max_edge_order": 855,
    "max_edge_weight": 69.37546911479701,
    "max_vertex_degree": 855,
    "min_edge_order": 288,
    "min_edge_weight": 1.0083476377445141e-07,
    "n_qubits": 19,
    "total_pstrings": 5851
}