{
    "CASs": [
        [
            null,
            null
        ]
    ],
    "bases": [
        "def2-QZVPPD"
    ],
    "charge": 0,
    "geometry": [
        "Ne 0.0000000000 0.0000000000 0.0000000000",
        "Ne 0.0000000000 0.0000000000 2.6000000000"
    ],
    "multiplicity": 1,
    "name": "15_nene_2p6_rg10",
    "symmetry": false
}