{
    "avg_edge_order": 4.75,
    "avg_edge_weight": 0.4104512878830585,
    "avg_vertex_degree": 4.75,
    "edge_order_std_dev": 1.299038105676658,
    "edge_weight_std_dev": 0.5974621019953151,
    "induced_norm": 11.903087348608695,
    "max_edge_order": 6,
    "max_edge_weight": 3.4714053047038274,
    "max_vertex_degree": 6,
    "min_edge_order": 3,
    "min_edge_weight": 0.026332315332160905,
    "n_qubits": 4,
    "total_pstrings": 29
}