{
    "avg_edge_order": 9.166666666666666,
    "avg_edge_weight": 0.3099922053713802,
    "avg_vertex_degree": 9.166666666666666,
    "edge_order_std_dev": 2.733536577809454,
    "edge_weight_std_dev": 0.5262534973360529,
    "induced_norm": 20.769477759882477,
    "max_edge_order": 12,
    "max_edge_weight": 4.407432648760314,
    "max_vertex_degree": 12,
    "min_edge_order": 5,
    "min_edge_weight": 0.003352836876649501,
    "n_qubits": 6,
    "total_pstrings": 67
}