{
    "avg_edge_order": 9.166666666666666,
    "avg_edge_weight": 0.3304760223470822,
    "avg_vertex_degree": 9.166666666666666,
    "edge_order_std_dev": 2.733536577809454,
    "edge_weight_std_dev": 0.5526125081127695,
    "induced_norm": 22.14189349725451,
    "max_edge_order": 12,
    "max_edge_weight": 4.692743864393672,
    "max_vertex_degree": 12,
    "min_edge_order": 5,
    "min_edge_weight": 0.0029882186165724467,
    "n_qubits": 6,
    "total_pstrings": 67
}