{
    "avg_edge_order": 9.166666666666666,
    "avg_edge_weight": 0.2954904062618257,
    "avg_vertex_degree": 9.166666666666666,
    "edge_order_std_dev": 2.733536577809454,
    "edge_weight_std_dev": 0.5346120893592184,
    "induced_norm": 19.797857219542323,
    "max_edge_order": 12,
    "max_edge_weight": 4.480060998728496,
    "max_vertex_degree": 12,
    "min_edge_order": 5,
    "min_edge_weight": 0.00022179189254895038,
    "n_qubits": 6,
    "total_pstrings": 67
}