{
    "avg_edge_order": 9.166666666666666,
    "avg_edge_weight": 0.30488445879305526,
    "avg_vertex_degree": 9.166666666666666,
    "edge_order_std_dev": 2.733536577809454,
    "edge_weight_std_dev": 0.4785704623127017,
    "induced_norm": 20.427258739134707,
    "max_edge_order": 12,
    "max_edge_weight": 4.012399450916059,
    "max_vertex_degree": 12,
    "min_edge_order": 5,
    "min_edge_weight": 0.007565033373424346,
    "n_qubits": 6,
    "total_pstrings": 67
}