{
    "avg_edge_order": 9.166666666666666,
    "avg_edge_weight": 0.28777855468200536,
    "avg_vertex_degree": 9.166666666666666,
    "edge_order_std_dev": 2.733536577809454,
    "edge_weight_std_dev": 0.569694570945878,
    "induced_norm": 19.281163163694355,
    "max_edge_order": 12,
    "max_edge_weight": 4.758785467661802,
    "max_vertex_degree": 12,
    "min_edge_order": 5,
    "min_edge_weight": 0.004104285242302649,
    "n_qubits": 6,
    "total_pstrings": 67
}