{
    "avg_edge_order": 9.166666666666666,
    "avg_edge_weight": 0.3190402594082417,
    "avg_vertex_degree": 9.166666666666666,
    "edge_order_std_dev": 2.733536577809454,
    "edge_weight_std_dev": 0.5650346136871063,
    "induced_norm": 21.37569738035219,
    "max_edge_order": 12,
    "max_edge_weight": 4.778084835901394,
    "max_vertex_degree": 12,
    "min_edge_order": 5,
    "min_edge_weight": 0.022711395925129607,
    "n_qubits": 6,
    "total_pstrings": 67
}