{
    "avg_edge_order": 9.166666666666666,
    "avg_edge_weight": 0.34307628946197694,
    "avg_vertex_degree": 9.166666666666666,
    "edge_order_std_dev": 2.733536577809454,
    "edge_weight_std_dev": 0.6204381219117602,
    "induced_norm": 22.986111393952456,
    "max_edge_order": 12,
    "max_edge_weight": 5.270823224049879,
    "max_vertex_degree": 12,
    "min_edge_order": 5,
    "min_edge_weight": 0.018639896757974284,
    "n_qubits": 6,
    "total_pstrings": 67
}