{
    "avg_edge_order": 9.166666666666666,
    "avg_edge_weight": 0.32406913529355796,
    "avg_vertex_degree": 9.166666666666666,
    "edge_order_std_dev": 2.733536577809454,
    "edge_weight_std_dev": 0.5257142159944256,
    "induced_norm": 21.71263206466838,
    "max_edge_order": 12,
    "max_edge_weight": 4.465063375491418,
    "max_vertex_degree": 12,
    "min_edge_order": 5,
    "min_edge_weight": 0.010954858484043206,
    "n_qubits": 6,
    "total_pstrings": 67
}