{
    "avg_edge_order": 9.166666666666666,
    "avg_edge_weight": 0.29680935046745893,
    "avg_vertex_degree": 9.166666666666666,
    "edge_order_std_dev": 2.733536577809454,
    "edge_weight_std_dev": 0.49634790119706834,
    "induced_norm": 19.886226481319746,
    "max_edge_order": 12,
    "max_edge_weight": 4.155923807464313,
    "max_vertex_degree": 12,
    "min_edge_order": 5,
    "min_edge_weight": 0.00426414971080491,
    "n_qubits": 6,
    "total_pstrings": 67
}