{
    "avg_edge_order": 9.166666666666666,
    "avg_edge_weight": 0.33591707211621163,
    "avg_vertex_degree": 9.166666666666666,
    "edge_order_std_dev": 2.733536577809454,
    "edge_weight_std_dev": 0.6209186507055523,
    "induced_norm": 22.50644383178617,
    "max_edge_order": 12,
    "max_edge_weight": 5.223665982884027,
    "max_vertex_degree": 12,
    "min_edge_order": 5,
    "min_edge_weight": 0.01508497493577049,
    "n_qubits": 6,
    "total_pstrings": 67
}