{
    "avg_edge_order": 9.166666666666666,
    "avg_edge_weight": 0.3183767022305986,
    "avg_vertex_degree": 9.166666666666666,
    "edge_order_std_dev": 2.733536577809454,
    "edge_weight_std_dev": 0.6118222687858283,
    "induced_norm": 21.3312390494501,
    "max_edge_order": 12,
    "max_edge_weight": 5.165508711617986,
    "max_vertex_degree": 12,
    "min_edge_order": 5,
    "min_edge_weight": 0.007062725620739951,
    "n_qubits": 6,
    "total_pstrings": 67
}