{
    "avg_edge_order": 9.166666666666666,
    "avg_edge_weight": 0.2897716319360219,
    "avg_vertex_degree": 9.166666666666666,
    "edge_order_std_dev": 2.733536577809454,
    "edge_weight_std_dev": 0.48053648524468173,
    "induced_norm": 19.41469933971347,
    "max_edge_order": 12,
    "max_edge_weight": 4.054481313540533,
    "max_vertex_degree": 12,
    "min_edge_order": 5,
    "min_edge_weight": 0.0044911852940712205,
    "n_qubits": 6,
    "total_pstrings": 67
}