{
    "avg_edge_order": 9.166666666666666,
    "avg_edge_weight": 0.3329376535278445,
    "avg_vertex_degree": 9.166666666666666,
    "edge_order_std_dev": 2.733536577809454,
    "edge_weight_std_dev": 0.6166682647200871,
    "induced_norm": 22.30682278636558,
    "max_edge_order": 12,
    "max_edge_weight": 5.121425904158119,
    "max_vertex_degree": 12,
    "min_edge_order": 5,
    "min_edge_weight": 0.004570364633074309,
    "n_qubits": 6,
    "total_pstrings": 67
}