{
    "avg_edge_order": 9.166666666666666,
    "avg_edge_weight": 0.3548028873674061,
    "avg_vertex_degree": 9.166666666666666,
    "edge_order_std_dev": 2.733536577809454,
    "edge_weight_std_dev": 0.5880969072305575,
    "induced_norm": 23.77179345361621,
    "max_edge_order": 12,
    "max_edge_weight": 4.9489613643232095,
    "max_vertex_degree": 12,
    "min_edge_order": 5,
    "min_edge_weight": 5.035075618664564e-06,
    "n_qubits": 6,
    "total_pstrings": 67
}