{
    "avg_edge_order": 9.166666666666666,
    "avg_edge_weight": 0.3251898196008142,
    "avg_vertex_degree": 9.166666666666666,
    "edge_order_std_dev": 2.733536577809454,
    "edge_weight_std_dev": 0.5243173759028573,
    "induced_norm": 21.787717913254568,
    "max_edge_order": 12,
    "max_edge_weight": 4.3731587549843844,
    "max_vertex_degree": 12,
    "min_edge_order": 5,
    "min_edge_weight": 0.014750806748596364,
    "n_qubits": 6,
    "total_pstrings": 67
}