{
    "avg_edge_order": 9.166666666666666,
    "avg_edge_weight": 0.3288908793678191,
    "avg_vertex_degree": 9.166666666666666,
    "edge_order_std_dev": 2.733536577809454,
    "edge_weight_std_dev": 0.6289280054935555,
    "induced_norm": 22.035688917643878,
    "max_edge_order": 12,
    "max_edge_weight": 5.281854870714791,
    "max_vertex_degree": 12,
    "min_edge_order": 5,
    "min_edge_weight": 0.0023857329402045546,
    "n_qubits": 6,
    "total_pstrings": 67
}