{
    "avg_edge_order": 4.75,
    "avg_edge_weight": 0.3454859066669014,
    "avg_vertex_degree": 4.75,
    "edge_order_std_dev": 1.299038105676658,
    "edge_weight_std_dev": 0.5149932852623657,
    "induced_norm": 10.019091293340136,
    "max_edge_order": 6,
    "max_edge_weight": 2.9622893112480773,
    "max_vertex_degree": 6,
    "min_edge_order": 3,
    "min_edge_weight": 0.005955508660362763,
    "n_qubits": 4,
    "total_pstrings": 29
}