{
    "avg_edge_order": 9.166666666666666,
    "avg_edge_weight": 0.33612413199880087,
    "avg_vertex_degree": 9.166666666666666,
    "edge_order_std_dev": 2.733536577809454,
    "edge_weight_std_dev": 0.6070700727106902,
    "induced_norm": 22.520316843919662,
    "max_edge_order": 12,
    "max_edge_weight": 5.076055622098346,
    "max_vertex_degree": 12,
    "min_edge_order": 5,
    "min_edge_weight": 0.013362485189508,
    "n_qubits": 6,
    "total_pstrings": 67
}