{
    "avg_edge_order": 9.166666666666666,
    "avg_edge_weight": 0.3335832136196115,
    "avg_vertex_degree": 9.166666666666666,
    "edge_order_std_dev": 2.733536577809454,
    "edge_weight_std_dev": 0.5858869584391798,
    "induced_norm": 22.350075312513976,
    "max_edge_order": 12,
    "max_edge_weight": 4.962120649257704,
    "max_vertex_degree": 12,
    "min_edge_order": 5,
    "min_edge_weight": 0.005032793520914014,
    "n_qubits": 6,
    "total_pstrings": 67
}