{
    "avg_edge_order": 9.166666666666666,
    "avg_edge_weight": 0.2854833069179617,
    "avg_vertex_degree": 9.166666666666666,
    "edge_order_std_dev": 2.733536577809454,
    "edge_weight_std_dev": 0.5253383518905246,
    "induced_norm": 19.12738156350344,
    "max_edge_order": 12,
    "max_edge_weight": 4.337101709948049,
    "max_vertex_degree": 12,
    "min_edge_order": 5,
    "min_edge_weight": 0.002793010819379882,
    "n_qubits": 6,
    "total_pstrings": 67
}