{
    "avg_edge_order": 9.166666666666666,
    "avg_edge_weight": 0.32136719745164044,
    "avg_vertex_degree": 9.166666666666666,
    "edge_order_std_dev": 2.733536577809454,
    "edge_weight_std_dev": 0.5512755009710136,
    "induced_norm": 21.531602229259903,
    "max_edge_order": 12,
    "max_edge_weight": 4.625785165992861,
    "max_vertex_degree": 12,
    "min_edge_order": 5,
    "min_edge_weight": 0.01087427225540838,
    "n_qubits": 6,
    "total_pstrings": 67
}