{
    "avg_edge_order": 9.166666666666666,
    "avg_edge_weight": 0.3266052557392903,
    "avg_vertex_degree": 9.166666666666666,
    "edge_order_std_dev": 2.733536577809454,
    "edge_weight_std_dev": 0.5589824511983539,
    "induced_norm": 21.88255213453245,
    "max_edge_order": 12,
    "max_edge_weight": 4.7004510541366855,
    "max_vertex_degree": 12,
    "min_edge_order": 5,
    "min_edge_weight": 0.0033543638331082204,
    "n_qubits": 6,
    "total_pstrings": 67
}