{
    "avg_edge_order": 9.166666666666666,
    "avg_edge_weight": 0.3433534853358284,
    "avg_vertex_degree": 9.166666666666666,
    "edge_order_std_dev": 2.733536577809454,
    "edge_weight_std_dev": 0.5988755741011701,
    "induced_norm": 23.004683517500506,
    "max_edge_order": 12,
    "max_edge_weight": 5.076479431690293,
    "max_vertex_degree": 12,
    "min_edge_order": 5,
    "min_edge_weight": 0.006186928933641811,
    "n_qubits": 6,
    "total_pstrings": 67
}