{
    "avg_edge_order": 9.166666666666666,
    "avg_edge_weight": 0.3087918679072473,
    "avg_vertex_degree": 9.166666666666666,
    "edge_order_std_dev": 2.733536577809454,
    "edge_weight_std_dev": 0.5157894644974562,
    "induced_norm": 20.689055149785567,
    "max_edge_order": 12,
    "max_edge_weight": 4.320487627183056,
    "max_vertex_degree": 12,
    "min_edge_order": 5,
    "min_edge_weight": 0.0032899620566633203,
    "n_qubits": 6,
    "total_pstrings": 67
}