{
    "avg_edge_order": 9.166666666666666,
    "avg_edge_weight": 0.3240870026344088,
    "avg_vertex_degree": 9.166666666666666,
    "edge_order_std_dev": 2.733536577809454,
    "edge_weight_std_dev": 0.5133072517967007,
    "induced_norm": 22.0379161791398,
    "max_edge_order": 12,
    "max_edge_weight": 4.252125002265018,
    "max_vertex_degree": 12,
    "min_edge_order": 5,
    "min_edge_weight": 0.0056362275034001486,
    "n_qubits": 6,
    "total_pstrings": 68
}