{
    "avg_edge_order": 9.166666666666666,
    "avg_edge_weight": 0.3079773683584589,
    "avg_vertex_degree": 9.166666666666666,
    "edge_order_std_dev": 2.733536577809454,
    "edge_weight_std_dev": 0.487041572638604,
    "induced_norm": 20.942461048375193,
    "max_edge_order": 12,
    "max_edge_weight": 3.988182623329617,
    "max_vertex_degree": 12,
    "min_edge_order": 5,
    "min_edge_weight": 0.0003020553045902652,
    "n_qubits": 6,
    "total_pstrings": 68
}