{
    "avg_edge_order": 9.166666666666666,
    "avg_edge_weight": 0.3038548658013511,
    "avg_vertex_degree": 9.166666666666666,
    "edge_order_std_dev": 2.733536577809454,
    "edge_weight_std_dev": 0.47594994633897386,
    "induced_norm": 20.662130874491872,
    "max_edge_order": 12,
    "max_edge_weight": 3.96802943967867,
    "max_vertex_degree": 12,
    "min_edge_order": 5,
    "min_edge_weight": 0.006053816280969571,
    "n_qubits": 6,
    "total_pstrings": 68
}