{
    "avg_edge_order": 9.166666666666666,
    "avg_edge_weight": 0.34847419334185536,
    "avg_vertex_degree": 9.166666666666666,
    "edge_order_std_dev": 2.733536577809454,
    "edge_weight_std_dev": 0.5682312339424147,
    "induced_norm": 23.696245147246167,
    "max_edge_order": 12,
    "max_edge_weight": 4.599004520078079,
    "max_vertex_degree": 12,
    "min_edge_order": 5,
    "min_edge_weight": 0.0030335201347548857,
    "n_qubits": 6,
    "total_pstrings": 68
}