{
    "avg_edge_order": 9.166666666666666,
    "avg_edge_weight": 0.36120990916308693,
    "avg_vertex_degree": 9.166666666666666,
    "edge_order_std_dev": 2.733536577809454,
    "edge_weight_std_dev": 0.5776024577410647,
    "induced_norm": 24.5622738230899,
    "max_edge_order": 12,
    "max_edge_weight": 4.710535798454851,
    "max_vertex_degree": 12,
    "min_edge_order": 5,
    "min_edge_weight": 0.0034062561945028547,
    "n_qubits": 6,
    "total_pstrings": 68
}