{
    "avg_edge_order": 9.166666666666666,
    "avg_edge_weight": 0.32012608791530717,
    "avg_vertex_degree": 9.166666666666666,
    "edge_order_std_dev": 2.733536577809454,
    "edge_weight_std_dev": 0.5114975747278959,
    "induced_norm": 21.768573978240884,
    "max_edge_order": 12,
    "max_edge_weight": 4.199182053050121,
    "max_vertex_degree": 12,
    "min_edge_order": 5,
    "min_edge_weight": 0.010870376089210987,
    "n_qubits": 6,
    "total_pstrings": 68
}