{
    "avg_edge_order": 9.166666666666666,
    "avg_edge_weight": 0.29111738456056757,
    "avg_vertex_degree": 9.166666666666666,
    "edge_order_std_dev": 2.733536577809454,
    "edge_weight_std_dev": 0.5033571070964115,
    "induced_norm": 19.79598215011859,
    "max_edge_order": 12,
    "max_edge_weight": 4.218170166150287,
    "max_vertex_degree": 12,
    "min_edge_order": 5,
    "min_edge_weight": 0.017489513000032264,
    "n_qubits": 6,
    "total_pstrings": 68
}