{
    "avg_edge_order": 9.166666666666666,
    "avg_edge_weight": 0.32446936614133814,
    "avg_vertex_degree": 9.166666666666666,
    "edge_order_std_dev": 2.733536577809454,
    "edge_weight_std_dev": 0.5603894836382248,
    "induced_norm": 22.063916897610994,
    "max_edge_order": 12,
    "max_edge_weight": 4.5494962764406575,
    "max_vertex_degree": 12,
    "min_edge_order": 5,
    "min_edge_weight": 0.0029127868491608533,
    "n_qubits": 6,
    "total_pstrings": 68
}