{
    "avg_edge_order": 9.166666666666666,
    "avg_edge_weight": 0.30244729533583836,
    "avg_vertex_degree": 9.166666666666666,
    "edge_order_std_dev": 2.733536577809454,
    "edge_weight_std_dev": 0.5739587599235203,
    "induced_norm": 20.566416082837005,
    "max_edge_order": 12,
    "max_edge_weight": 4.6411416698925025,
    "max_vertex_degree": 12,
    "min_edge_order": 5,
    "min_edge_weight": 0.005086389044548223,
    "n_qubits": 6,
    "total_pstrings": 68
}