{
    "avg_edge_order": 9.166666666666666,
    "avg_edge_weight": 0.32074937028062794,
    "avg_vertex_degree": 9.166666666666666,
    "edge_order_std_dev": 2.733536577809454,
    "edge_weight_std_dev": 0.5345276796658498,
    "induced_norm": 21.810957179082695,
    "max_edge_order": 12,
    "max_edge_weight": 4.436113763922318,
    "max_vertex_degree": 12,
    "min_edge_order": 5,
    "min_edge_weight": 0.00789497898651681,
    "n_qubits": 6,
    "total_pstrings": 68
}