{
    "avg_edge_order": 9.166666666666666,
    "avg_edge_weight": 0.33029634167410155,
    "avg_vertex_degree": 9.166666666666666,
    "edge_order_std_dev": 2.733536577809454,
    "edge_weight_std_dev": 0.5342313976580438,
    "induced_norm": 22.460151233838918,
    "max_edge_order": 12,
    "max_edge_weight": 4.492435487747691,
    "max_vertex_degree": 12,
    "min_edge_order": 5,
    "min_edge_weight": 0.003925522736189124,
    "n_qubits": 6,
    "total_pstrings": 68
}