{
    "avg_edge_order": 9.166666666666666,
    "avg_edge_weight": 0.36428248253534445,
    "avg_vertex_degree": 9.166666666666666,
    "edge_order_std_dev": 2.733536577809454,
    "edge_weight_std_dev": 0.583075123061797,
    "induced_norm": 24.77120881240342,
    "max_edge_order": 12,
    "max_edge_weight": 4.442290033270307,
    "max_vertex_degree": 12,
    "min_edge_order": 5,
    "min_edge_weight": 0.001750769583346412,
    "n_qubits": 6,
    "total_pstrings": 68
}