{
    "avg_edge_order": 9.166666666666666,
    "avg_edge_weight": 0.3780870618974201,
    "avg_vertex_degree": 9.166666666666666,
    "edge_order_std_dev": 2.733536577809454,
    "edge_weight_std_dev": 0.614352858780031,
    "induced_norm": 25.70992020902457,
    "max_edge_order": 12,
    "max_edge_weight": 5.1483109265374525,
    "max_vertex_degree": 12,
    "min_edge_order": 5,
    "min_edge_weight": 0.003301355440342657,
    "n_qubits": 6,
    "total_pstrings": 68
}