{
    "avg_edge_order": 9.166666666666666,
    "avg_edge_weight": 0.3653825770713586,
    "avg_vertex_degree": 9.166666666666666,
    "edge_order_std_dev": 2.733536577809454,
    "edge_weight_std_dev": 0.5682696389374012,
    "induced_norm": 25.942162972066466,
    "max_edge_order": 12,
    "max_edge_weight": 4.37335352218672,
    "max_vertex_degree": 12,
    "min_edge_order": 5,
    "min_edge_weight": 0.0017363561996146248,
    "n_qubits": 6,
    "total_pstrings": 71
}