{
    "avg_edge_order": 9.166666666666666,
    "avg_edge_weight": 0.42604922026313397,
    "avg_vertex_degree": 9.166666666666666,
    "edge_order_std_dev": 2.733536577809454,
    "edge_weight_std_dev": 0.6790596352779463,
    "induced_norm": 30.24949463868252,
    "max_edge_order": 12,
    "max_edge_weight": 5.261192346300657,
    "max_vertex_degree": 12,
    "min_edge_order": 5,
    "min_edge_weight": 0.01010215096657957,
    "n_qubits": 6,
    "total_pstrings": 71
}