{
    "avg_edge_order": 9.166666666666666,
    "avg_edge_weight": 0.42780648472639893,
    "avg_vertex_degree": 9.166666666666666,
    "edge_order_std_dev": 2.733536577809454,
    "edge_weight_std_dev": 0.6025144505492783,
    "induced_norm": 30.374260415574323,
    "max_edge_order": 12,
    "max_edge_weight": 4.5148619666386125,
    "max_vertex_degree": 12,
    "min_edge_order": 5,
    "min_edge_weight": 0.011862614133989868,
    "n_qubits": 6,
    "total_pstrings": 71
}