{
    "avg_edge_order": 9.166666666666666,
    "avg_edge_weight": 0.3707475198000539,
    "avg_vertex_degree": 9.166666666666666,
    "edge_order_std_dev": 2.733536577809454,
    "edge_weight_std_dev": 0.640988789042891,
    "induced_norm": 26.323073905803824,
    "max_edge_order": 12,
    "max_edge_weight": 5.269588798499751,
    "max_vertex_degree": 12,
    "min_edge_order": 5,
    "min_edge_weight": 0.0013667828976738905,
    "n_qubits": 6,
    "total_pstrings": 71
}