{
    "avg_edge_order": 9.166666666666666,
    "avg_edge_weight": 0.37051985117472175,
    "avg_vertex_degree": 9.166666666666666,
    "edge_order_std_dev": 2.733536577809454,
    "edge_weight_std_dev": 0.5779038134210261,
    "induced_norm": 26.30690943340524,
    "max_edge_order": 12,
    "max_edge_weight": 4.354071896395572,
    "max_vertex_degree": 12,
    "min_edge_order": 5,
    "min_edge_weight": 5.399429540897671e-05,
    "n_qubits": 6,
    "total_pstrings": 71
}