{
    "avg_edge_order": 9.166666666666666,
    "avg_edge_weight": 0.37574350435163734,
    "avg_vertex_degree": 9.166666666666666,
    "edge_order_std_dev": 2.733536577809454,
    "edge_weight_std_dev": 0.6158678193171545,
    "induced_norm": 26.677788808966252,
    "max_edge_order": 12,
    "max_edge_weight": 5.17970021250504,
    "max_vertex_degree": 12,
    "min_edge_order": 5,
    "min_edge_weight": 0.041429479553129804,
    "n_qubits": 6,
    "total_pstrings": 71
}