{
    "avg_edge_order": 9.166666666666666,
    "avg_edge_weight": 0.38075797998879873,
    "avg_vertex_degree": 9.166666666666666,
    "edge_order_std_dev": 2.733536577809454,
    "edge_weight_std_dev": 0.5746260348456993,
    "induced_norm": 27.033816579204714,
    "max_edge_order": 12,
    "max_edge_weight": 4.6232813195968046,
    "max_vertex_degree": 12,
    "min_edge_order": 5,
    "min_edge_weight": 0.001342125029893615,
    "n_qubits": 6,
    "total_pstrings": 71
}