{
    "avg_edge_order": 9.166666666666666,
    "avg_edge_weight": 0.37003659613794454,
    "avg_vertex_degree": 9.166666666666666,
    "edge_order_std_dev": 2.733536577809454,
    "edge_weight_std_dev": 0.5596727167910315,
    "induced_norm": 26.27259832579406,
    "max_edge_order": 12,
    "max_edge_weight": 4.449981467544213,
    "max_vertex_degree": 12,
    "min_edge_order": 5,
    "min_edge_weight": 0.000989451813506348,
    "n_qubits": 6,
    "total_pstrings": 71
}