{
    "avg_edge_order": 9.166666666666666,
    "avg_edge_weight": 0.3811900852141184,
    "avg_vertex_degree": 9.166666666666666,
    "edge_order_std_dev": 2.733536577809454,
    "edge_weight_std_dev": 0.5576765215426638,
    "induced_norm": 27.0644960502024,
    "max_edge_order": 12,
    "max_edge_weight": 4.389358469913783,
    "max_vertex_degree": 12,
    "min_edge_order": 5,
    "min_edge_weight": 0.028515329851155728,
    "n_qubits": 6,
    "total_pstrings": 71
}