{
    "avg_edge_order": 9.166666666666666,
    "avg_edge_weight": 0.40554031090636766,
    "avg_vertex_degree": 9.166666666666666,
    "edge_order_std_dev": 2.733536577809454,
    "edge_weight_std_dev": 0.6327889498497634,
    "induced_norm": 28.793362074352117,
    "max_edge_order": 12,
    "max_edge_weight": 4.991980834821669,
    "max_vertex_degree": 12,
    "min_edge_order": 5,
    "min_edge_weight": 0.003390582140284648,
    "n_qubits": 6,
    "total_pstrings": 71
}