{
    "avg_edge_order": 11.857142857142858,
    "avg_edge_weight": 0.3007793175995628,
    "avg_vertex_degree": 11.857142857142858,
    "edge_order_std_dev": 3.6811710647786073,
    "edge_weight_std_dev": 0.5466889835896764,
    "induced_norm": 27.67169721915978,
    "max_edge_order": 16,
    "max_edge_weight": 5.352172165791901,
    "max_vertex_degree": 16,
    "min_edge_order": 6,
    "min_edge_weight": 0.00294880632222444,
    "n_qubits": 7,
    "total_pstrings": 92
}