{
    "avg_edge_order": 11.857142857142858,
    "avg_edge_weight": 0.2896581946915145,
    "avg_vertex_degree": 11.857142857142858,
    "edge_order_std_dev": 3.6811710647786073,
    "edge_weight_std_dev": 0.5792168112419442,
    "induced_norm": 26.64855391161933,
    "max_edge_order": 16,
    "max_edge_weight": 5.647048975077102,
    "max_vertex_degree": 16,
    "min_edge_order": 6,
    "min_edge_weight": 0.0007522479537260818,
    "n_qubits": 7,
    "total_pstrings": 92
}