{
    "avg_edge_order": 4.75,
    "avg_edge_weight": 0.39204175869985797,
    "avg_vertex_degree": 4.75,
    "edge_order_std_dev": 1.299038105676658,
    "edge_weight_std_dev": 0.47225955685324594,
    "induced_norm": 11.36921100229588,
    "max_edge_order": 6,
    "max_edge_weight": 2.8269324737400714,
    "max_vertex_degree": 6,
    "min_edge_order": 3,
    "min_edge_weight": 0.07840211676131509,
    "n_qubits": 4,
    "total_pstrings": 29
}