{
    "avg_edge_order": 11.857142857142858,
    "avg_edge_weight": 0.33351012849068906,
    "avg_vertex_degree": 11.857142857142858,
    "edge_order_std_dev": 3.6811710647786073,
    "edge_weight_std_dev": 0.6161152138728178,
    "induced_norm": 30.68293182114339,
    "max_edge_order": 16,
    "max_edge_weight": 6.0316493434717895,
    "max_vertex_degree": 16,
    "min_edge_order": 6,
    "min_edge_weight": 0.0035720312745748384,
    "n_qubits": 7,
    "total_pstrings": 92
}