{
    "avg_edge_order": 11.857142857142858,
    "avg_edge_weight": 0.3228182083984784,
    "avg_vertex_degree": 11.857142857142858,
    "edge_order_std_dev": 3.6811710647786073,
    "edge_weight_std_dev": 0.6488764877689253,
    "induced_norm": 29.69927517266001,
    "max_edge_order": 16,
    "max_edge_weight": 6.341258785156592,
    "max_vertex_degree": 16,
    "min_edge_order": 6,
    "min_edge_weight": 0.0017212155978899024,
    "n_qubits": 7,
    "total_pstrings": 92
}