{
    "avg_edge_order": 11.857142857142858,
    "avg_edge_weight": 0.33302586794260103,
    "avg_vertex_degree": 11.857142857142858,
    "edge_order_std_dev": 3.6811710647786073,
    "edge_weight_std_dev": 0.6451603821180688,
    "induced_norm": 30.638379850719296,
    "max_edge_order": 16,
    "max_edge_weight": 6.320471993582497,
    "max_vertex_degree": 16,
    "min_edge_order": 6,
    "min_edge_weight": 0.008714372725807051,
    "n_qubits": 7,
    "total_pstrings": 92
}