{
    "avg_edge_order": 11.857142857142858,
    "avg_edge_weight": 0.32130390947753973,
    "avg_vertex_degree": 11.857142857142858,
    "edge_order_std_dev": 3.6811710647786073,
    "edge_weight_std_dev": 0.5883733636831032,
    "induced_norm": 29.559959671933647,
    "max_edge_order": 16,
    "max_edge_weight": 5.774138076730085,
    "max_vertex_degree": 16,
    "min_edge_order": 6,
    "min_edge_weight": 0.003987821590388796,
    "n_qubits": 7,
    "total_pstrings": 92
}