{
    "avg_edge_order": 4.75,
    "avg_edge_weight": 0.349750010292077,
    "avg_vertex_degree": 4.75,
    "edge_order_std_dev": 1.299038105676658,
    "edge_weight_std_dev": 0.47751465119220166,
    "induced_norm": 10.142750298470235,
    "max_edge_order": 6,
    "max_edge_weight": 2.7372422091443576,
    "max_vertex_degree": 6,
    "min_edge_order": 3,
    "min_edge_weight": 0.0018631701667005118,
    "n_qubits": 4,
    "total_pstrings": 29
}