{
    "avg_edge_order": 11.857142857142858,
    "avg_edge_weight": 0.3451142060892199,
    "avg_vertex_degree": 11.857142857142858,
    "edge_order_std_dev": 3.6811710647786073,
    "edge_weight_std_dev": 0.6582057084067638,
    "induced_norm": 31.750506960208224,
    "max_edge_order": 16,
    "max_edge_weight": 6.430166003177684,
    "max_vertex_degree": 16,
    "min_edge_order": 6,
    "min_edge_weight": 0.001772700811157768,
    "n_qubits": 7,
    "total_pstrings": 92
}