{
    "avg_edge_order": 11.857142857142858,
    "avg_edge_weight": 0.3135374098193786,
    "avg_vertex_degree": 11.857142857142858,
    "edge_order_std_dev": 3.6811710647786073,
    "edge_weight_std_dev": 0.645962173424248,
    "induced_norm": 28.845441703382832,
    "max_edge_order": 16,
    "max_edge_weight": 6.190378928400071,
    "max_vertex_degree": 16,
    "min_edge_order": 6,
    "min_edge_weight": 0.003191307795663012,
    "n_qubits": 7,
    "total_pstrings": 92
}