{
    "avg_edge_order": 4.75,
    "avg_edge_weight": 0.3464434297848449,
    "avg_vertex_degree": 4.75,
    "edge_order_std_dev": 1.299038105676658,
    "edge_weight_std_dev": 0.5239760432315176,
    "induced_norm": 10.046859463760502,
    "max_edge_order": 6,
    "max_edge_weight": 2.900980397098042,
    "max_vertex_degree": 6,
    "min_edge_order": 3,
    "min_edge_weight": 0.010391091358330107,
    "n_qubits": 4,
    "total_pstrings": 29
}