{
    "avg_edge_order": 11.857142857142858,
    "avg_edge_weight": 0.2958736489490333,
    "avg_vertex_degree": 11.857142857142858,
    "edge_order_std_dev": 3.6811710647786073,
    "edge_weight_std_dev": 0.5711179010414495,
    "induced_norm": 27.220375703311063,
    "max_edge_order": 16,
    "max_edge_weight": 5.559270883228862,
    "max_vertex_degree": 16,
    "min_edge_order": 6,
    "min_edge_weight": 0.02076861793791346,
    "n_qubits": 7,
    "total_pstrings": 92
}