{
    "avg_edge_order": 11.857142857142858,
    "avg_edge_weight": 0.28886321193514514,
    "avg_vertex_degree": 11.857142857142858,
    "edge_order_std_dev": 3.6811710647786073,
    "edge_weight_std_dev": 0.5750605018783757,
    "induced_norm": 26.575415498033355,
    "max_edge_order": 16,
    "max_edge_weight": 5.633028784331216,
    "max_vertex_degree": 16,
    "min_edge_order": 6,
    "min_edge_weight": 0.005600681559466136,
    "n_qubits": 7,
    "total_pstrings": 92
}