{
    "avg_edge_order": 11.857142857142858,
    "avg_edge_weight": 0.31379299775457214,
    "avg_vertex_degree": 11.857142857142858,
    "edge_order_std_dev": 3.6811710647786073,
    "edge_weight_std_dev": 0.5887863847024962,
    "induced_norm": 28.868955793420632,
    "max_edge_order": 16,
    "max_edge_weight": 5.709535585853181,
    "max_vertex_degree": 16,
    "min_edge_order": 6,
    "min_edge_weight": 0.003086286805603966,
    "n_qubits": 7,
    "total_pstrings": 92
}