{
    "avg_edge_order": 4.75,
    "avg_edge_weight": 0.37387451645721465,
    "avg_vertex_degree": 4.75,
    "edge_order_std_dev": 1.299038105676658,
    "edge_weight_std_dev": 0.49217119977499585,
    "induced_norm": 10.84236097725923,
    "max_edge_order": 6,
    "max_edge_weight": 2.854710786473371,
    "max_vertex_degree": 6,
    "min_edge_order": 3,
    "min_edge_weight": 0.008738056221415325,
    "n_qubits": 4,
    "total_pstrings": 29
}