{
    "avg_edge_order": 11.857142857142858,
    "avg_edge_weight": 0.33409858818142435,
    "avg_vertex_degree": 11.857142857142858,
    "edge_order_std_dev": 3.6811710647786073,
    "edge_weight_std_dev": 0.5739023646579846,
    "induced_norm": 31.071168700872473,
    "max_edge_order": 16,
    "max_edge_weight": 5.583874567396154,
    "max_vertex_degree": 16,
    "min_edge_order": 6,
    "min_edge_weight": 0.003263027019352882,
    "n_qubits": 7,
    "total_pstrings": 93
}