{
    "avg_edge_order": 11.857142857142858,
    "avg_edge_weight": 0.3127061986886841,
    "avg_vertex_degree": 11.857142857142858,
    "edge_order_std_dev": 3.6811710647786073,
    "edge_weight_std_dev": 0.6169707273669885,
    "induced_norm": 29.08167647804762,
    "max_edge_order": 16,
    "max_edge_weight": 6.02085144142522,
    "max_vertex_degree": 16,
    "min_edge_order": 6,
    "min_edge_weight": 0.008278631262222502,
    "n_qubits": 7,
    "total_pstrings": 93
}