{
    "avg_edge_order": 11.857142857142858,
    "avg_edge_weight": 0.32305471211244113,
    "avg_vertex_degree": 11.857142857142858,
    "edge_order_std_dev": 3.6811710647786073,
    "edge_weight_std_dev": 0.591942617163176,
    "induced_norm": 30.044088226457045,
    "max_edge_order": 16,
    "max_edge_weight": 5.466049036878919,
    "max_vertex_degree": 16,
    "min_edge_order": 6,
    "min_edge_weight": 0.010782436208003177,
    "n_qubits": 7,
    "total_pstrings": 93
}