{
    "avg_edge_order": 11.857142857142858,
    "avg_edge_weight": 0.3063958074978759,
    "avg_vertex_degree": 11.857142857142858,
    "edge_order_std_dev": 3.6811710647786073,
    "edge_weight_std_dev": 0.5797593462409487,
    "induced_norm": 28.494810097302455,
    "max_edge_order": 16,
    "max_edge_weight": 5.656266049847868,
    "max_vertex_degree": 16,
    "min_edge_order": 6,
    "min_edge_weight": 0.003742518933818606,
    "n_qubits": 7,
    "total_pstrings": 93
}