{
    "avg_edge_order": 11.857142857142858,
    "avg_edge_weight": 0.327339383436001,
    "avg_vertex_degree": 11.857142857142858,
    "edge_order_std_dev": 3.6811710647786073,
    "edge_weight_std_dev": 0.6487674724483348,
    "induced_norm": 30.442562659548095,
    "max_edge_order": 16,
    "max_edge_weight": 6.281857151642994,
    "max_vertex_degree": 16,
    "min_edge_order": 6,
    "min_edge_weight": 0.004233700140555519,
    "n_qubits": 7,
    "total_pstrings": 93
}