{
    "avg_edge_order": 11.857142857142858,
    "avg_edge_weight": 0.35860115904482126,
    "avg_vertex_degree": 11.857142857142858,
    "edge_order_std_dev": 3.6811710647786073,
    "edge_weight_std_dev": 0.6576292186415588,
    "induced_norm": 33.34990779116837,
    "max_edge_order": 16,
    "max_edge_weight": 6.2467173130709055,
    "max_vertex_degree": 16,
    "min_edge_order": 6,
    "min_edge_weight": 0.005609754152770818,
    "n_qubits": 7,
    "total_pstrings": 93
}