{
    "avg_edge_order": 11.857142857142858,
    "avg_edge_weight": 0.35144980479034826,
    "avg_vertex_degree": 11.857142857142858,
    "edge_order_std_dev": 3.6811710647786073,
    "edge_weight_std_dev": 0.6037817146160515,
    "induced_norm": 32.68483184550237,
    "max_edge_order": 16,
    "max_edge_weight": 5.720315923319987,
    "max_vertex_degree": 16,
    "min_edge_order": 6,
    "min_edge_weight": 0.007770728696651463,
    "n_qubits": 7,
    "total_pstrings": 93
}