{
    "avg_edge_order": 4.75,
    "avg_edge_weight": 0.40923011643099644,
    "avg_vertex_degree": 4.75,
    "edge_order_std_dev": 1.299038105676658,
    "edge_weight_std_dev": 0.4889425118669009,
    "induced_norm": 11.867673376498896,
    "max_edge_order": 6,
    "max_edge_weight": 2.7521093891394157,
    "max_vertex_degree": 6,
    "min_edge_order": 3,
    "min_edge_weight": 0.02674054672054249,
    "n_qubits": 4,
    "total_pstrings": 29
}