{
    "avg_edge_order": 11.857142857142858,
    "avg_edge_weight": 0.3663667412019768,
    "avg_vertex_degree": 11.857142857142858,
    "edge_order_std_dev": 3.6811710647786073,
    "edge_weight_std_dev": 0.6745469064338435,
    "induced_norm": 35.17120715538978,
    "max_edge_order": 16,
    "max_edge_weight": 6.183377664186773,
    "max_vertex_degree": 16,
    "min_edge_order": 6,
    "min_edge_weight": 0.0013793175592556883,
    "n_qubits": 7,
    "total_pstrings": 96
}