{
    "avg_edge_order": 11.857142857142858,
    "avg_edge_weight": 0.3819423983546555,
    "avg_vertex_degree": 11.857142857142858,
    "edge_order_std_dev": 3.6811710647786073,
    "edge_weight_std_dev": 0.6055212290918782,
    "induced_norm": 36.66647024204692,
    "max_edge_order": 16,
    "max_edge_weight": 5.765465555553766,
    "max_vertex_degree": 16,
    "min_edge_order": 6,
    "min_edge_weight": 0.022363977729076223,
    "n_qubits": 7,
    "total_pstrings": 96
}