{
    "avg_edge_order": 11.857142857142858,
    "avg_edge_weight": 0.33607030705417557,
    "avg_vertex_degree": 11.857142857142858,
    "edge_order_std_dev": 3.6811710647786073,
    "edge_weight_std_dev": 0.5685342483257239,
    "induced_norm": 32.26274947720085,
    "max_edge_order": 16,
    "max_edge_weight": 5.158732823456262,
    "max_vertex_degree": 16,
    "min_edge_order": 6,
    "min_edge_weight": 0.0011321276821375514,
    "n_qubits": 7,
    "total_pstrings": 96
}