{
    "avg_edge_order": 11.857142857142858,
    "avg_edge_weight": 0.33486118372726364,
    "avg_vertex_degree": 11.857142857142858,
    "edge_order_std_dev": 3.6811710647786073,
    "edge_weight_std_dev": 0.6130126701750435,
    "induced_norm": 32.1466736378173,
    "max_edge_order": 16,
    "max_edge_weight": 5.623800315417684,
    "max_vertex_degree": 16,
    "min_edge_order": 6,
    "min_edge_weight": 0.0013689775033355334,
    "n_qubits": 7,
    "total_pstrings": 96
}