{
    "avg_edge_order": 11.857142857142858,
    "avg_edge_weight": 0.3771809405066207,
    "avg_vertex_degree": 11.857142857142858,
    "edge_order_std_dev": 3.6811710647786073,
    "edge_weight_std_dev": 0.6609757911211767,
    "induced_norm": 36.2093702886356,
    "max_edge_order": 16,
    "max_edge_weight": 5.847286499022781,
    "max_vertex_degree": 16,
    "min_edge_order": 6,
    "min_edge_weight": 0.0026634925081142624,
    "n_qubits": 7,
    "total_pstrings": 96
}