{
    "avg_edge_order": 11.857142857142858,
    "avg_edge_weight": 0.34848821470610813,
    "avg_vertex_degree": 11.857142857142858,
    "edge_order_std_dev": 3.6811710647786073,
    "edge_weight_std_dev": 0.5716047049731228,
    "induced_norm": 33.45486861178638,
    "max_edge_order": 16,
    "max_edge_weight": 5.044111751236253,
    "max_vertex_degree": 16,
    "min_edge_order": 6,
    "min_edge_weight": 0.002504665879436485,
    "n_qubits": 7,
    "total_pstrings": 96
}