{
    "avg_edge_order": 11.857142857142858,
    "avg_edge_weight": 0.3605331641775196,
    "avg_vertex_degree": 11.857142857142858,
    "edge_order_std_dev": 3.6811710647786073,
    "edge_weight_std_dev": 0.6420059441176706,
    "induced_norm": 34.61118376104188,
    "max_edge_order": 16,
    "max_edge_weight": 5.9043127362750205,
    "max_vertex_degree": 16,
    "min_edge_order": 6,
    "min_edge_weight": 0.013735450979247277,
    "n_qubits": 7,
    "total_pstrings": 96
}