{
    "avg_edge_order": 11.857142857142858,
    "avg_edge_weight": 0.34205019548950294,
    "avg_vertex_degree": 11.857142857142858,
    "edge_order_std_dev": 3.6811710647786073,
    "edge_weight_std_dev": 0.587235031370582,
    "induced_norm": 32.83681876699228,
    "max_edge_order": 16,
    "max_edge_weight": 5.517963705977857,
    "max_vertex_degree": 16,
    "min_edge_order": 6,
    "min_edge_weight": 0.0072318148252562,
    "n_qubits": 7,
    "total_pstrings": 96
}