{
    "avg_edge_order": 4.75,
    "avg_edge_weight": 0.3753121709916173,
    "avg_vertex_degree": 4.75,
    "edge_order_std_dev": 1.299038105676658,
    "edge_weight_std_dev": 0.483164438019201,
    "induced_norm": 10.8840529587569,
    "max_edge_order": 6,
    "max_edge_weight": 2.8055588357207895,
    "max_vertex_degree": 6,
    "min_edge_order": 3,
    "min_edge_weight": 0.02091373681023112,
    "n_qubits": 4,
    "total_pstrings": 29
}