{
    "avg_edge_order": 12.142857142857142,
    "avg_edge_weight": 0.4266729460963331,
    "avg_vertex_degree": 12.142857142857142,
    "edge_order_std_dev": 3.6421567954234177,
    "edge_weight_std_dev": 0.6965683337533696,
    "induced_norm": 43.94731344792232,
    "max_edge_order": 16,
    "max_edge_weight": 6.242070322876689,
    "max_vertex_degree": 16,
    "min_edge_order": 6,
    "min_edge_weight": 0.008875505874901102,
    "n_qubits": 7,
    "total_pstrings": 103
}