{
    "avg_edge_order": 12.142857142857142,
    "avg_edge_weight": 0.37670094514692665,
    "avg_vertex_degree": 12.142857142857142,
    "edge_order_std_dev": 3.6421567954234177,
    "edge_weight_std_dev": 0.5787808904403844,
    "induced_norm": 38.800197350133445,
    "max_edge_order": 16,
    "max_edge_weight": 5.058369355495655,
    "max_vertex_degree": 16,
    "min_edge_order": 6,
    "min_edge_weight": 0.0011831627173832793,
    "n_qubits": 7,
    "total_pstrings": 103
}