{
    "avg_edge_order": 12.142857142857142,
    "avg_edge_weight": 0.39977861799663145,
    "avg_vertex_degree": 12.142857142857142,
    "edge_order_std_dev": 3.6421567954234177,
    "edge_weight_std_dev": 0.6879604488134398,
    "induced_norm": 41.17719765365305,
    "max_edge_order": 16,
    "max_edge_weight": 6.257455633190263,
    "max_vertex_degree": 16,
    "min_edge_order": 6,
    "min_edge_weight": 0.0005656626286020816,
    "n_qubits": 7,
    "total_pstrings": 103
}