{
    "avg_edge_order": 12.142857142857142,
    "avg_edge_weight": 0.406519757611077,
    "avg_vertex_degree": 12.142857142857142,
    "edge_order_std_dev": 3.6421567954234177,
    "edge_weight_std_dev": 0.6397844181750758,
    "induced_norm": 41.871535033940944,
    "max_edge_order": 16,
    "max_edge_weight": 5.760097602904654,
    "max_vertex_degree": 16,
    "min_edge_order": 6,
    "min_edge_weight": 0.0004411353947590957,
    "n_qubits": 7,
    "total_pstrings": 103
}