{
    "avg_edge_order": 12.142857142857142,
    "avg_edge_weight": 0.4147430289872887,
    "avg_vertex_degree": 12.142857142857142,
    "edge_order_std_dev": 3.6421567954234177,
    "edge_weight_std_dev": 0.6876310471557192,
    "induced_norm": 42.718531985690746,
    "max_edge_order": 16,
    "max_edge_weight": 5.950939381348668,
    "max_vertex_degree": 16,
    "min_edge_order": 6,
    "min_edge_weight": 0.005448400605907955,
    "n_qubits": 7,
    "total_pstrings": 103
}