{
    "avg_edge_order": 12.142857142857142,
    "avg_edge_weight": 0.4194436480496042,
    "avg_vertex_degree": 12.142857142857142,
    "edge_order_std_dev": 3.6421567954234177,
    "edge_weight_std_dev": 0.6813927373357602,
    "induced_norm": 43.20269574910923,
    "max_edge_order": 16,
    "max_edge_weight": 5.9665699385117295,
    "max_vertex_degree": 16,
    "min_edge_order": 6,
    "min_edge_weight": 0.020129987151781437,
    "n_qubits": 7,
    "total_pstrings": 103
}