{
    "avg_edge_order": 12.142857142857142,
    "avg_edge_weight": 0.3986938955543823,
    "avg_vertex_degree": 12.142857142857142,
    "edge_order_std_dev": 3.6421567954234177,
    "edge_weight_std_dev": 0.6468379253657742,
    "induced_norm": 41.06547124210137,
    "max_edge_order": 16,
    "max_edge_weight": 5.95504678853119,
    "max_vertex_degree": 16,
    "min_edge_order": 6,
    "min_edge_weight": 0.0006078147192580263,
    "n_qubits": 7,
    "total_pstrings": 103
}