{
    "avg_edge_order": 12.142857142857142,
    "avg_edge_weight": 0.4678531875039049,
    "avg_vertex_degree": 12.142857142857142,
    "edge_order_std_dev": 3.6421567954234177,
    "edge_weight_std_dev": 0.7283152827136843,
    "induced_norm": 48.18887831290221,
    "max_edge_order": 16,
    "max_edge_weight": 6.061543127312955,
    "max_vertex_degree": 16,
    "min_edge_order": 6,
    "min_edge_weight": 0.005605596772480015,
    "n_qubits": 7,
    "total_pstrings": 103
}