{
    "avg_edge_order": 12.142857142857142,
    "avg_edge_weight": 0.38109704452786125,
    "avg_vertex_degree": 12.142857142857142,
    "edge_order_std_dev": 3.6421567954234177,
    "edge_weight_std_dev": 0.5894303825946046,
    "induced_norm": 39.252995586369714,
    "max_edge_order": 16,
    "max_edge_weight": 4.928569771760502,
    "max_vertex_degree": 16,
    "min_edge_order": 6,
    "min_edge_weight": 0.0020585753038230847,
    "n_qubits": 7,
    "total_pstrings": 103
}