{
    "avg_edge_order": 12.142857142857142,
    "avg_edge_weight": 0.41727551399416773,
    "avg_vertex_degree": 12.142857142857142,
    "edge_order_std_dev": 3.6421567954234177,
    "edge_weight_std_dev": 0.6778870680708727,
    "induced_norm": 42.979377941399264,
    "max_edge_order": 16,
    "max_edge_weight": 5.3256931300326755,
    "max_vertex_degree": 16,
    "min_edge_order": 6,
    "min_edge_weight": 0.0012695989554379894,
    "n_qubits": 7,
    "total_pstrings": 103
}