{
    "avg_edge_order": 4.75,
    "avg_edge_weight": 0.34646216421159176,
    "avg_vertex_degree": 4.75,
    "edge_order_std_dev": 1.299038105676658,
    "edge_weight_std_dev": 0.44744805267147914,
    "induced_norm": 10.047402762136162,
    "max_edge_order": 6,
    "max_edge_weight": 2.5826289390411326,
    "max_vertex_degree": 6,
    "min_edge_order": 3,
    "min_edge_weight": 0.001346804594883677,
    "n_qubits": 4,
    "total_pstrings": 29
}