{
    "avg_edge_order": 14.875,
    "avg_edge_weight": 0.28647970767278935,
    "avg_vertex_degree": 14.875,
    "edge_order_std_dev": 4.78114787472632,
    "edge_weight_std_dev": 0.5661951972583279,
    "induced_norm": 34.66404462840751,
    "max_edge_order": 20,
    "max_edge_weight": 6.308127942751412,
    "max_vertex_degree": 20,
    "min_edge_order": 7,
    "min_edge_weight": 0.0008413508620161991,
    "n_qubits": 8,
    "total_pstrings": 121
}