{
    "avg_edge_order": 14.875,
    "avg_edge_weight": 0.31878648605175763,
    "avg_vertex_degree": 14.875,
    "edge_order_std_dev": 4.78114787472632,
    "edge_weight_std_dev": 0.6043297811762898,
    "induced_norm": 38.57316481226267,
    "max_edge_order": 20,
    "max_edge_weight": 6.729460794524826,
    "max_vertex_degree": 20,
    "min_edge_order": 7,
    "min_edge_weight": 0.0027350038039861135,
    "n_qubits": 8,
    "total_pstrings": 121
}