{
    "avg_edge_order": 4.75,
    "avg_edge_weight": 0.30850468957752286,
    "avg_vertex_degree": 4.75,
    "edge_order_std_dev": 1.299038105676658,
    "edge_weight_std_dev": 0.3909113978714873,
    "induced_norm": 8.946635997748166,
    "max_edge_order": 6,
    "max_edge_weight": 2.227484201125715,
    "max_vertex_degree": 6,
    "min_edge_order": 3,
    "min_edge_weight": 0.013469342085512315,
    "n_qubits": 4,
    "total_pstrings": 29
}