{
    "avg_edge_order": 14.875,
    "avg_edge_weight": 0.30469453006490294,
    "avg_vertex_degree": 14.875,
    "edge_order_std_dev": 4.78114787472632,
    "edge_weight_std_dev": 0.5468617697033176,
    "induced_norm": 36.868038137853276,
    "max_edge_order": 20,
    "max_edge_weight": 6.108963652422895,
    "max_vertex_degree": 20,
    "min_edge_order": 7,
    "min_edge_weight": 0.003064968531471479,
    "n_qubits": 8,
    "total_pstrings": 121
}