{
    "avg_edge_order": 4.75,
    "avg_edge_weight": 0.34683438048070786,
    "avg_vertex_degree": 4.75,
    "edge_order_std_dev": 1.299038105676658,
    "edge_weight_std_dev": 0.5837484403526758,
    "induced_norm": 10.058197033940532,
    "max_edge_order": 6,
    "max_edge_weight": 3.249160854467101,
    "max_vertex_degree": 6,
    "min_edge_order": 3,
    "min_edge_weight": 0.0005597498378657195,
    "n_qubits": 4,
    "total_pstrings": 29
}