{
    "avg_edge_order": 14.875,
    "avg_edge_weight": 0.3166753375505713,
    "avg_vertex_degree": 14.875,
    "edge_order_std_dev": 4.78114787472632,
    "edge_weight_std_dev": 0.5983845776996939,
    "induced_norm": 38.317715843619155,
    "max_edge_order": 20,
    "max_edge_weight": 6.685530884408818,
    "max_vertex_degree": 20,
    "min_edge_order": 7,
    "min_edge_weight": 0.003485441113136367,
    "n_qubits": 8,
    "total_pstrings": 121
}