{
    "avg_edge_order": 14.875,
    "avg_edge_weight": 0.29355976432688285,
    "avg_vertex_degree": 14.875,
    "edge_order_std_dev": 4.78114787472632,
    "edge_weight_std_dev": 0.6114144879019671,
    "induced_norm": 35.52073148355283,
    "max_edge_order": 20,
    "max_edge_weight": 6.777721984793471,
    "max_vertex_degree": 20,
    "min_edge_order": 7,
    "min_edge_weight": 0.004742405016490092,
    "n_qubits": 8,
    "total_pstrings": 121
}