{
    "avg_edge_order": 14.875,
    "avg_edge_weight": 0.26326597067574387,
    "avg_vertex_degree": 14.875,
    "edge_order_std_dev": 4.78114787472632,
    "edge_weight_std_dev": 0.5581731009381452,
    "induced_norm": 31.85518245176501,
    "max_edge_order": 20,
    "max_edge_weight": 6.137897312514965,
    "max_vertex_degree": 20,
    "min_edge_order": 7,
    "min_edge_weight": 0.0008349066916519265,
    "n_qubits": 8,
    "total_pstrings": 121
}