{
    "avg_edge_order": 14.875,
    "avg_edge_weight": 0.295373896556609,
    "avg_vertex_degree": 14.875,
    "edge_order_std_dev": 4.78114787472632,
    "edge_weight_std_dev": 0.5811141111819331,
    "induced_norm": 35.740241483349685,
    "max_edge_order": 20,
    "max_edge_weight": 6.460856271168692,
    "max_vertex_degree": 20,
    "min_edge_order": 7,
    "min_edge_weight": 0.0007484794452685684,
    "n_qubits": 8,
    "total_pstrings": 121
}