{
    "avg_edge_order": 14.875,
    "avg_edge_weight": 0.2942905849358229,
    "avg_vertex_degree": 14.875,
    "edge_order_std_dev": 4.78114787472632,
    "edge_weight_std_dev": 0.6125156137940575,
    "induced_norm": 35.609160777234564,
    "max_edge_order": 20,
    "max_edge_weight": 6.791999975918296,
    "max_vertex_degree": 20,
    "min_edge_order": 7,
    "min_edge_weight": 0.001267501709507568,
    "n_qubits": 8,
    "total_pstrings": 121
}