{
    "avg_edge_order": 14.875,
    "avg_edge_weight": 0.35794407617318674,
    "avg_vertex_degree": 14.875,
    "edge_order_std_dev": 4.78114787472632,
    "edge_weight_std_dev": 0.67530804856704,
    "induced_norm": 43.31123321695559,
    "max_edge_order": 20,
    "max_edge_weight": 7.60304289632063,
    "max_vertex_degree": 20,
    "min_edge_order": 7,
    "min_edge_weight": 0.011504625843488159,
    "n_qubits": 8,
    "total_pstrings": 121
}