{
    "avg_edge_order": 14.875,
    "avg_edge_weight": 0.3064926521321936,
    "avg_vertex_degree": 14.875,
    "edge_order_std_dev": 4.78114787472632,
    "edge_weight_std_dev": 0.5993417023088773,
    "induced_norm": 37.08561090799544,
    "max_edge_order": 20,
    "max_edge_weight": 6.6550950019752655,
    "max_vertex_degree": 20,
    "min_edge_order": 7,
    "min_edge_weight": 0.005112804921027558,
    "n_qubits": 8,
    "total_pstrings": 121
}