{
    "avg_edge_order": 14.875,
    "avg_edge_weight": 0.2977281185663173,
    "avg_vertex_degree": 14.875,
    "edge_order_std_dev": 4.78114787472632,
    "edge_weight_std_dev": 0.6262276216444863,
    "induced_norm": 36.0251023465244,
    "max_edge_order": 20,
    "max_edge_weight": 6.958341132563397,
    "max_vertex_degree": 20,
    "min_edge_order": 7,
    "min_edge_weight": 0.0033451699866193785,
    "n_qubits": 8,
    "total_pstrings": 121
}