{
    "avg_edge_order": 14.875,
    "avg_edge_weight": 0.2749724705620326,
    "avg_vertex_degree": 14.875,
    "edge_order_std_dev": 4.78114787472632,
    "edge_weight_std_dev": 0.5580458373461235,
    "induced_norm": 33.271668938005945,
    "max_edge_order": 20,
    "max_edge_weight": 6.186236146633348,
    "max_vertex_degree": 20,
    "min_edge_order": 7,
    "min_edge_weight": 0.0048859616188398625,
    "n_qubits": 8,
    "total_pstrings": 121
}