{
    "avg_edge_order": 14.875,
    "avg_edge_weight": 0.3140039409957017,
    "avg_vertex_degree": 14.875,
    "edge_order_std_dev": 4.78114787472632,
    "edge_weight_std_dev": 0.6255247392763934,
    "induced_norm": 37.99447686047991,
    "max_edge_order": 20,
    "max_edge_weight": 6.962783530281569,
    "max_vertex_degree": 20,
    "min_edge_order": 7,
    "min_edge_weight": 0.00506052253705791,
    "n_qubits": 8,
    "total_pstrings": 121
}