{
    "avg_edge_order": 14.875,
    "avg_edge_weight": 0.32632079601961445,
    "avg_vertex_degree": 14.875,
    "edge_order_std_dev": 4.78114787472632,
    "edge_weight_std_dev": 0.6698603303392333,
    "induced_norm": 39.48481631837333,
    "max_edge_order": 20,
    "max_edge_weight": 7.466778177052781,
    "max_vertex_degree": 20,
    "min_edge_order": 7,
    "min_edge_weight": 0.0017355194964520648,
    "n_qubits": 8,
    "total_pstrings": 121
}