{
    "avg_edge_order": 14.875,
    "avg_edge_weight": 0.3261419966729294,
    "avg_vertex_degree": 14.875,
    "edge_order_std_dev": 4.78114787472632,
    "edge_weight_std_dev": 0.627569922080597,
    "induced_norm": 39.78932359409737,
    "max_edge_order": 20,
    "max_edge_weight": 6.959845993284334,
    "max_vertex_degree": 20,
    "min_edge_order": 7,
    "min_edge_weight": 0.0011114714121293612,
    "n_qubits": 8,
    "total_pstrings": 122
}