{
    "avg_edge_order": 14.875,
    "avg_edge_weight": 0.3449274177270263,
    "avg_vertex_degree": 14.875,
    "edge_order_std_dev": 4.78114787472632,
    "edge_weight_std_dev": 0.6337445040690916,
    "induced_norm": 42.081144962697195,
    "max_edge_order": 20,
    "max_edge_weight": 6.717928368233388,
    "max_vertex_degree": 20,
    "min_edge_order": 7,
    "min_edge_weight": 0.005775721562956082,
    "n_qubits": 8,
    "total_pstrings": 122
}