{
    "avg_edge_order": 14.875,
    "avg_edge_weight": 0.3233986730551919,
    "avg_vertex_degree": 14.875,
    "edge_order_std_dev": 4.78114787472632,
    "edge_weight_std_dev": 0.6273027224837171,
    "induced_norm": 39.45463811273341,
    "max_edge_order": 20,
    "max_edge_weight": 6.964540207319626,
    "max_vertex_degree": 20,
    "min_edge_order": 7,
    "min_edge_weight": 0.00668171104810017,
    "n_qubits": 8,
    "total_pstrings": 122
}