{
    "avg_edge_order": 14.875,
    "avg_edge_weight": 0.3421589650843221,
    "avg_vertex_degree": 14.875,
    "edge_order_std_dev": 4.78114787472632,
    "edge_weight_std_dev": 0.6621725122208719,
    "induced_norm": 41.743393740287296,
    "max_edge_order": 20,
    "max_edge_weight": 7.183028345983173,
    "max_vertex_degree": 20,
    "min_edge_order": 7,
    "min_edge_weight": 0.009792129748786182,
    "n_qubits": 8,
    "total_pstrings": 122
}