{
    "avg_edge_order": 14.875,
    "avg_edge_weight": 0.3337021055665589,
    "avg_vertex_degree": 14.875,
    "edge_order_std_dev": 4.78114787472632,
    "edge_weight_std_dev": 0.6587159704973266,
    "induced_norm": 40.71165687912019,
    "max_edge_order": 20,
    "max_edge_weight": 7.235763434328293,
    "max_vertex_degree": 20,
    "min_edge_order": 7,
    "min_edge_weight": 0.011707351307666924,
    "n_qubits": 8,
    "total_pstrings": 122
}