{
    "avg_edge_order": 14.875,
    "avg_edge_weight": 0.30612000444202175,
    "avg_vertex_degree": 14.875,
    "edge_order_std_dev": 4.78114787472632,
    "edge_weight_std_dev": 0.5683245516656779,
    "induced_norm": 37.34664054192666,
    "max_edge_order": 20,
    "max_edge_weight": 6.3505298211597,
    "max_vertex_degree": 20,
    "min_edge_order": 7,
    "min_edge_weight": 0.007920058632716054,
    "n_qubits": 8,
    "total_pstrings": 122
}