{
    "avg_edge_order": 14.875,
    "avg_edge_weight": 0.3065222962551641,
    "avg_vertex_degree": 14.875,
    "edge_order_std_dev": 4.78114787472632,
    "edge_weight_std_dev": 0.660552978936907,
    "induced_norm": 37.39572014313002,
    "max_edge_order": 20,
    "max_edge_weight": 7.2317572813984,
    "max_vertex_degree": 20,
    "min_edge_order": 7,
    "min_edge_weight": 0.005169051915362266,
    "n_qubits": 8,
    "total_pstrings": 122
}