{
    "avg_edge_order": 14.875,
    "avg_edge_weight": 0.32617307767322407,
    "avg_vertex_degree": 14.875,
    "edge_order_std_dev": 4.78114787472632,
    "edge_weight_std_dev": 0.6055103037592713,
    "induced_norm": 39.79311547613335,
    "max_edge_order": 20,
    "max_edge_weight": 6.785995485448607,
    "max_vertex_degree": 20,
    "min_edge_order": 7,
    "min_edge_weight": 0.00046627100705465274,
    "n_qubits": 8,
    "total_pstrings": 122
}