{
    "avg_edge_order": 14.875,
    "avg_edge_weight": 0.3449429198691496,
    "avg_vertex_degree": 14.875,
    "edge_order_std_dev": 4.78114787472632,
    "edge_weight_std_dev": 0.6245985672017849,
    "induced_norm": 43.117864983643685,
    "max_edge_order": 20,
    "max_edge_weight": 6.935551776472965,
    "max_vertex_degree": 20,
    "min_edge_order": 7,
    "min_edge_weight": 0.005993787256923566,
    "n_qubits": 8,
    "total_pstrings": 125
}