{
    "avg_edge_order": 14.875,
    "avg_edge_weight": 0.3193313964082901,
    "avg_vertex_degree": 14.875,
    "edge_order_std_dev": 4.78114787472632,
    "edge_weight_std_dev": 0.6058770631308262,
    "induced_norm": 39.91642455103626,
    "max_edge_order": 20,
    "max_edge_weight": 6.518980723044807,
    "max_vertex_degree": 20,
    "min_edge_order": 7,
    "min_edge_weight": 0.0037722105454182087,
    "n_qubits": 8,
    "total_pstrings": 125
}