{
    "avg_edge_order": 14.875,
    "avg_edge_weight": 0.3427827316236683,
    "avg_vertex_degree": 14.875,
    "edge_order_std_dev": 4.78114787472632,
    "edge_weight_std_dev": 0.6555529123219492,
    "induced_norm": 42.84784145295851,
    "max_edge_order": 20,
    "max_edge_weight": 7.112698733793879,
    "max_vertex_degree": 20,
    "min_edge_order": 7,
    "min_edge_weight": 0.001052733855512522,
    "n_qubits": 8,
    "total_pstrings": 125
}