{
    "avg_edge_order": 4.75,
    "avg_edge_weight": 0.37793604218961435,
    "avg_vertex_degree": 4.75,
    "edge_order_std_dev": 1.299038105676658,
    "edge_weight_std_dev": 0.5856999765303847,
    "induced_norm": 10.960145223498817,
    "max_edge_order": 6,
    "max_edge_weight": 3.188113775381783,
    "max_vertex_degree": 6,
    "min_edge_order": 3,
    "min_edge_weight": 0.016189472814385597,
    "n_qubits": 4,
    "total_pstrings": 29
}