{
    "avg_edge_order": 14.875,
    "avg_edge_weight": 0.3341116992187073,
    "avg_vertex_degree": 14.875,
    "edge_order_std_dev": 4.78114787472632,
    "edge_weight_std_dev": 0.64544288938585,
    "induced_norm": 41.76396240233839,
    "max_edge_order": 20,
    "max_edge_weight": 6.828802611183183,
    "max_vertex_degree": 20,
    "min_edge_order": 7,
    "min_edge_weight": 0.0016133478634866028,
    "n_qubits": 8,
    "total_pstrings": 125
}