{
    "avg_edge_order": 14.875,
    "avg_edge_weight": 0.32016678713106544,
    "avg_vertex_degree": 14.875,
    "edge_order_std_dev": 4.78114787472632,
    "edge_weight_std_dev": 0.6056709069669574,
    "induced_norm": 40.020848391383176,
    "max_edge_order": 20,
    "max_edge_weight": 6.52154813852762,
    "max_vertex_degree": 20,
    "min_edge_order": 7,
    "min_edge_weight": 0.0002669980961602647,
    "n_qubits": 8,
    "total_pstrings": 125
}