{
    "avg_edge_order": 14.875,
    "avg_edge_weight": 0.3784223443639168,
    "avg_vertex_degree": 14.875,
    "edge_order_std_dev": 4.78114787472632,
    "edge_weight_std_dev": 0.6488223385036841,
    "induced_norm": 47.3027930454896,
    "max_edge_order": 20,
    "max_edge_weight": 6.975079882298464,
    "max_vertex_degree": 20,
    "min_edge_order": 7,
    "min_edge_weight": 0.003742148108048071,
    "n_qubits": 8,
    "total_pstrings": 125
}