{
    "avg_edge_order": 14.875,
    "avg_edge_weight": 0.31792828219680075,
    "avg_vertex_degree": 14.875,
    "edge_order_std_dev": 4.78114787472632,
    "edge_weight_std_dev": 0.6414225265587126,
    "induced_norm": 39.741035274600094,
    "max_edge_order": 20,
    "max_edge_weight": 7.099286744561611,
    "max_vertex_degree": 20,
    "min_edge_order": 7,
    "min_edge_weight": 0.0004465873088990713,
    "n_qubits": 8,
    "total_pstrings": 125
}