{
    "avg_edge_order": 14.875,
    "avg_edge_weight": 0.34508329982572206,
    "avg_vertex_degree": 14.875,
    "edge_order_std_dev": 4.78114787472632,
    "edge_weight_std_dev": 0.648777680854453,
    "induced_norm": 43.135412478215265,
    "max_edge_order": 20,
    "max_edge_weight": 7.1717900875709235,
    "max_vertex_degree": 20,
    "min_edge_order": 7,
    "min_edge_weight": 0.004172428994424937,
    "n_qubits": 8,
    "total_pstrings": 125
}