{
    "avg_edge_order": 4.75,
    "avg_edge_weight": 0.3727949401073573,
    "avg_vertex_degree": 4.75,
    "edge_order_std_dev": 1.299038105676658,
    "edge_weight_std_dev": 0.5446216134166383,
    "induced_norm": 10.811053263113362,
    "max_edge_order": 6,
    "max_edge_weight": 3.0442830257882774,
    "max_vertex_degree": 6,
    "min_edge_order": 3,
    "min_edge_weight": 0.006076571671431219,
    "n_qubits": 4,
    "total_pstrings": 29
}