{
    "avg_edge_order": 15.125,
    "avg_edge_weight": 0.37916366761015213,
    "avg_vertex_degree": 15.125,
    "edge_order_std_dev": 4.702060718451007,
    "edge_weight_std_dev": 0.6619250305451256,
    "induced_norm": 50.049604124540075,
    "max_edge_order": 20,
    "max_edge_weight": 6.882687902556961,
    "max_vertex_degree": 20,
    "min_edge_order": 7,
    "min_edge_weight": 0.0013845108934428807,
    "n_qubits": 8,
    "total_pstrings": 132
}