{
    "avg_edge_order": 15.125,
    "avg_edge_weight": 0.37876546975439457,
    "avg_vertex_degree": 15.125,
    "edge_order_std_dev": 4.702060718451007,
    "edge_weight_std_dev": 0.6582982891472299,
    "induced_norm": 49.99704200758007,
    "max_edge_order": 20,
    "max_edge_weight": 6.555423798959809,
    "max_vertex_degree": 20,
    "min_edge_order": 7,
    "min_edge_weight": 0.0017433414055741947,
    "n_qubits": 8,
    "total_pstrings": 132
}