{
    "avg_edge_order": 15.125,
    "avg_edge_weight": 0.3823126370553009,
    "avg_vertex_degree": 15.125,
    "edge_order_std_dev": 4.702060718451007,
    "edge_weight_std_dev": 0.6778334581670803,
    "induced_norm": 50.465268091299734,
    "max_edge_order": 20,
    "max_edge_weight": 7.243946384890881,
    "max_vertex_degree": 20,
    "min_edge_order": 7,
    "min_edge_weight": 0.012965646383533591,
    "n_qubits": 8,
    "total_pstrings": 132
}