{
    "avg_edge_order": 15.125,
    "avg_edge_weight": 0.399186512936149,
    "avg_vertex_degree": 15.125,
    "edge_order_std_dev": 4.702060718451007,
    "edge_weight_std_dev": 0.6476574194813375,
    "induced_norm": 52.69261970757167,
    "max_edge_order": 20,
    "max_edge_weight": 6.595496015555339,
    "max_vertex_degree": 20,
    "min_edge_order": 7,
    "min_edge_weight": 0.0013491168619559901,
    "n_qubits": 8,
    "total_pstrings": 132
}