{
    "avg_edge_order": 15.125,
    "avg_edge_weight": 0.3599906167491943,
    "avg_vertex_degree": 15.125,
    "edge_order_std_dev": 4.702060718451007,
    "edge_weight_std_dev": 0.5957999949123938,
    "induced_norm": 47.51876141089365,
    "max_edge_order": 20,
    "max_edge_weight": 6.112182504002626,
    "max_vertex_degree": 20,
    "min_edge_order": 7,
    "min_edge_weight": 0.005688308645728335,
    "n_qubits": 8,
    "total_pstrings": 132
}