{
    "avg_edge_order": 15.125,
    "avg_edge_weight": 0.392844764630762,
    "avg_vertex_degree": 15.125,
    "edge_order_std_dev": 4.702060718451007,
    "edge_weight_std_dev": 0.6903551168954253,
    "induced_norm": 51.8555089312606,
    "max_edge_order": 20,
    "max_edge_weight": 7.153349946926266,
    "max_vertex_degree": 20,
    "min_edge_order": 7,
    "min_edge_weight": 0.001157153688977175,
    "n_qubits": 8,
    "total_pstrings": 132
}