{
    "avg_edge_order": 15.125,
    "avg_edge_weight": 0.3871789777452737,
    "avg_vertex_degree": 15.125,
    "edge_order_std_dev": 4.702060718451007,
    "edge_weight_std_dev": 0.7121331470989154,
    "induced_norm": 51.10762506237613,
    "max_edge_order": 20,
    "max_edge_weight": 6.861174873912219,
    "max_vertex_degree": 20,
    "min_edge_order": 7,
    "min_edge_weight": 0.014473080786535697,
    "n_qubits": 8,
    "total_pstrings": 132
}