{
    "avg_edge_order": 15.125,
    "avg_edge_weight": 0.3713780446879255,
    "avg_vertex_degree": 15.125,
    "edge_order_std_dev": 4.702060718451007,
    "edge_weight_std_dev": 0.6068267009044556,
    "induced_norm": 49.02190189880619,
    "max_edge_order": 20,
    "max_edge_weight": 6.051548821062343,
    "max_vertex_degree": 20,
    "min_edge_order": 7,
    "min_edge_weight": 0.0012120044943177977,
    "n_qubits": 8,
    "total_pstrings": 132
}