{
    "avg_edge_order": 15.125,
    "avg_edge_weight": 0.4644089134185968,
    "avg_vertex_degree": 15.125,
    "edge_order_std_dev": 4.702060718451007,
    "edge_weight_std_dev": 0.7243031173219049,
    "induced_norm": 68.26811027253373,
    "max_edge_order": 20,
    "max_edge_weight": 6.440756342445265,
    "max_vertex_degree": 20,
    "min_edge_order": 7,
    "min_edge_weight": 0.0015799762583248445,
    "n_qubits": 8,
    "total_pstrings": 147
}