{
    "avg_edge_order": 15.125,
    "avg_edge_weight": 0.4444310972817124,
    "avg_vertex_degree": 15.125,
    "edge_order_std_dev": 4.702060718451007,
    "edge_weight_std_dev": 0.7483108749895483,
    "induced_norm": 65.33137130041176,
    "max_edge_order": 20,
    "max_edge_weight": 7.993647705279899,
    "max_vertex_degree": 20,
    "min_edge_order": 7,
    "min_edge_weight": 0.005337954326718575,
    "n_qubits": 8,
    "total_pstrings": 147
}