{
    "avg_edge_order": 15.125,
    "avg_edge_weight": 0.4733980304344238,
    "avg_vertex_degree": 15.125,
    "edge_order_std_dev": 4.702060718451007,
    "edge_weight_std_dev": 0.6977500842312718,
    "induced_norm": 69.5895104738603,
    "max_edge_order": 20,
    "max_edge_weight": 6.925888952159925,
    "max_vertex_degree": 20,
    "min_edge_order": 7,
    "min_edge_weight": 0.012299850961371761,
    "n_qubits": 8,
    "total_pstrings": 147
}