{
    "avg_edge_order": 15.125,
    "avg_edge_weight": 0.44929407122916976,
    "avg_vertex_degree": 15.125,
    "edge_order_std_dev": 4.702060718451007,
    "edge_weight_std_dev": 0.7436243954153704,
    "induced_norm": 66.04622847068795,
    "max_edge_order": 20,
    "max_edge_weight": 7.057145412969391,
    "max_vertex_degree": 20,
    "min_edge_order": 7,
    "min_edge_weight": 0.0027400757915847507,
    "n_qubits": 8,
    "total_pstrings": 147
}