{
    "avg_edge_order": 15.125,
    "avg_edge_weight": 0.48023933604361785,
    "avg_vertex_degree": 15.125,
    "edge_order_std_dev": 4.702060718451007,
    "edge_weight_std_dev": 0.7766236827917602,
    "induced_norm": 70.59518239841184,
    "max_edge_order": 20,
    "max_edge_weight": 7.387713155006338,
    "max_vertex_degree": 20,
    "min_edge_order": 7,
    "min_edge_weight": 0.01539068240070357,
    "n_qubits": 8,
    "total_pstrings": 147
}