{
    "avg_edge_order": 15.125,
    "avg_edge_weight": 0.46070556457742673,
    "avg_vertex_degree": 15.125,
    "edge_order_std_dev": 4.702060718451007,
    "edge_weight_std_dev": 0.7020159491410422,
    "induced_norm": 67.72371799288175,
    "max_edge_order": 20,
    "max_edge_weight": 6.603592329630065,
    "max_vertex_degree": 20,
    "min_edge_order": 7,
    "min_edge_weight": 0.0031435736872071907,
    "n_qubits": 8,
    "total_pstrings": 147
}