{
    "avg_edge_order": 15.125,
    "avg_edge_weight": 0.4332168825985431,
    "avg_vertex_degree": 15.125,
    "edge_order_std_dev": 4.702060718451007,
    "edge_weight_std_dev": 0.6802520863944594,
    "induced_norm": 63.682881741985845,
    "max_edge_order": 20,
    "max_edge_weight": 7.106924010501233,
    "max_vertex_degree": 20,
    "min_edge_order": 7,
    "min_edge_weight": 0.002173603785705136,
    "n_qubits": 8,
    "total_pstrings": 147
}