{
    "avg_edge_order": 4.75,
    "avg_edge_weight": 0.29698018557675,
    "avg_vertex_degree": 4.75,
    "edge_order_std_dev": 1.299038105676658,
    "edge_weight_std_dev": 0.3777649185148805,
    "induced_norm": 8.612425381725751,
    "max_edge_order": 6,
    "max_edge_weight": 2.0363087608784958,
    "max_vertex_degree": 6,
    "min_edge_order": 3,
    "min_edge_weight": 0.014566184507383007,
    "n_qubits": 4,
    "total_pstrings": 29
}