{
    "avg_edge_order": 15.125,
    "avg_edge_weight": 0.44281847953083586,
    "avg_vertex_degree": 15.125,
    "edge_order_std_dev": 4.702060718451007,
    "edge_weight_std_dev": 0.7590581612503211,
    "induced_norm": 65.09431649103288,
    "max_edge_order": 20,
    "max_edge_weight": 7.120859617975341,
    "max_vertex_degree": 20,
    "min_edge_order": 7,
    "min_edge_weight": 0.009985007560510073,
    "n_qubits": 8,
    "total_pstrings": 147
}