{
    "avg_edge_order": 15.125,
    "avg_edge_weight": 0.45306296204115265,
    "avg_vertex_degree": 15.125,
    "edge_order_std_dev": 4.702060718451007,
    "edge_weight_std_dev": 0.7334949729921924,
    "induced_norm": 66.60025542004945,
    "max_edge_order": 20,
    "max_edge_weight": 7.0796743687199815,
    "max_vertex_degree": 20,
    "min_edge_order": 7,
    "min_edge_weight": 0.0033418537239968127,
    "n_qubits": 8,
    "total_pstrings": 147
}