{
    "avg_edge_order": 15.125,
    "avg_edge_weight": 0.4625361955984382,
    "avg_vertex_degree": 15.125,
    "edge_order_std_dev": 4.702060718451007,
    "edge_weight_std_dev": 0.7666400711730509,
    "induced_norm": 67.9928207529704,
    "max_edge_order": 20,
    "max_edge_weight": 7.063104994587137,
    "max_vertex_degree": 20,
    "min_edge_order": 7,
    "min_edge_weight": 0.0016377002765224358,
    "n_qubits": 8,
    "total_pstrings": 147
}