{
    "avg_edge_order": 15.125,
    "avg_edge_weight": 0.44178011363670044,
    "avg_vertex_degree": 15.125,
    "edge_order_std_dev": 4.702060718451007,
    "edge_weight_std_dev": 0.6785836043894692,
    "induced_norm": 64.94167670459494,
    "max_edge_order": 20,
    "max_edge_weight": 6.7465581720390855,
    "max_vertex_degree": 20,
    "min_edge_order": 7,
    "min_edge_weight": 0.0035485143357680826,
    "n_qubits": 8,
    "total_pstrings": 147
}