{
    "avg_edge_order": 4.75,
    "avg_edge_weight": 0.35882947090976886,
    "avg_vertex_degree": 4.75,
    "edge_order_std_dev": 1.299038105676658,
    "edge_weight_std_dev": 0.4127453870990243,
    "induced_norm": 10.406054656383297,
    "max_edge_order": 6,
    "max_edge_weight": 2.3748500509102524,
    "max_vertex_degree": 6,
    "min_edge_order": 3,
    "min_edge_weight": 0.025100979609323504,
    "n_qubits": 4,
    "total_pstrings": 29
}