{
    "avg_edge_order": 18.22222222222222,
    "avg_edge_weight": 0.2737911242941221,
    "avg_vertex_degree": 18.22222222222222,
    "edge_order_std_dev": 6.032831982443657,
    "edge_weight_std_dev": 0.5742969193794715,
    "induced_norm": 42.163833141294774,
    "max_edge_order": 25,
    "max_edge_weight": 7.144627769236703,
    "max_vertex_degree": 25,
    "min_edge_order": 8,
    "min_edge_weight": 0.003438744881132938,
    "n_qubits": 9,
    "total_pstrings": 154
}