{
    "avg_edge_order": 18.22222222222222,
    "avg_edge_weight": 0.3038128121597555,
    "avg_vertex_degree": 18.22222222222222,
    "edge_order_std_dev": 6.032831982443657,
    "edge_weight_std_dev": 0.6220741656877097,
    "induced_norm": 46.78717307260233,
    "max_edge_order": 25,
    "max_edge_weight": 7.7928936769927715,
    "max_vertex_degree": 25,
    "min_edge_order": 8,
    "min_edge_weight": 0.012440637832526857,
    "n_qubits": 9,
    "total_pstrings": 154
}