{
    "avg_edge_order": 18.22222222222222,
    "avg_edge_weight": 0.29224409004119545,
    "avg_vertex_degree": 18.22222222222222,
    "edge_order_std_dev": 6.032831982443657,
    "edge_weight_std_dev": 0.6087979224684915,
    "induced_norm": 45.005589866344096,
    "max_edge_order": 25,
    "max_edge_weight": 7.598972107471106,
    "max_vertex_degree": 25,
    "min_edge_order": 8,
    "min_edge_weight": 0.0013716621940439988,
    "n_qubits": 9,
    "total_pstrings": 154
}