{
    "avg_edge_order": 18.22222222222222,
    "avg_edge_weight": 0.3057260012293926,
    "avg_vertex_degree": 18.22222222222222,
    "edge_order_std_dev": 6.032831982443657,
    "edge_weight_std_dev": 0.6185530719268939,
    "induced_norm": 47.0818041893265,
    "max_edge_order": 25,
    "max_edge_weight": 7.756791302081497,
    "max_vertex_degree": 25,
    "min_edge_order": 8,
    "min_edge_weight": 0.00014874555482102814,
    "n_qubits": 9,
    "total_pstrings": 154
}