{
    "avg_edge_order": 18.22222222222222,
    "avg_edge_weight": 0.2888833074775369,
    "avg_vertex_degree": 18.22222222222222,
    "edge_order_std_dev": 6.032831982443657,
    "edge_weight_std_dev": 0.6526297360800138,
    "induced_norm": 44.48802935154065,
    "max_edge_order": 25,
    "max_edge_weight": 8.165049215135431,
    "max_vertex_degree": 25,
    "min_edge_order": 8,
    "min_edge_weight": 0.0006832283091804392,
    "n_qubits": 9,
    "total_pstrings": 154
}