{
    "avg_edge_order": 18.22222222222222,
    "avg_edge_weight": 0.31014259936832533,
    "avg_vertex_degree": 18.22222222222222,
    "edge_order_std_dev": 6.032831982443657,
    "edge_weight_std_dev": 0.6688890244228994,
    "induced_norm": 47.76196030272212,
    "max_edge_order": 25,
    "max_edge_weight": 8.378118381497629,
    "max_vertex_degree": 25,
    "min_edge_order": 8,
    "min_edge_weight": 0.0009835671052891848,
    "n_qubits": 9,
    "total_pstrings": 154
}