{
    "avg_edge_order": 18.22222222222222,
    "avg_edge_weight": 0.28734306891225136,
    "avg_vertex_degree": 18.22222222222222,
    "edge_order_std_dev": 6.032831982443657,
    "edge_weight_std_dev": 0.6152753763171566,
    "induced_norm": 44.250832612486704,
    "max_edge_order": 25,
    "max_edge_weight": 7.691368724833073,
    "max_vertex_degree": 25,
    "min_edge_order": 8,
    "min_edge_weight": 0.0009855409708969254,
    "n_qubits": 9,
    "total_pstrings": 154
}