{
    "avg_edge_order": 18.22222222222222,
    "avg_edge_weight": 0.3259324423305472,
    "avg_vertex_degree": 18.22222222222222,
    "edge_order_std_dev": 6.032831982443657,
    "edge_weight_std_dev": 0.7172818771310697,
    "induced_norm": 50.19359611890426,
    "max_edge_order": 25,
    "max_edge_weight": 9.01499890428698,
    "max_vertex_degree": 25,
    "min_edge_order": 8,
    "min_edge_weight": 0.003436465864128435,
    "n_qubits": 9,
    "total_pstrings": 154
}