{
    "avg_edge_order": 18.22222222222222,
    "avg_edge_weight": 0.31826644324793424,
    "avg_vertex_degree": 18.22222222222222,
    "edge_order_std_dev": 6.032831982443657,
    "edge_weight_std_dev": 0.703773686922472,
    "induced_norm": 49.01303226018188,
    "max_edge_order": 25,
    "max_edge_weight": 8.84874482577765,
    "max_vertex_degree": 25,
    "min_edge_order": 8,
    "min_edge_weight": 0.0016173030060689375,
    "n_qubits": 9,
    "total_pstrings": 154
}