{
    "avg_edge_order": 18.22222222222222,
    "avg_edge_weight": 0.2821817027591724,
    "avg_vertex_degree": 18.22222222222222,
    "edge_order_std_dev": 6.032831982443657,
    "edge_weight_std_dev": 0.6131693963884512,
    "induced_norm": 43.45598222491255,
    "max_edge_order": 25,
    "max_edge_weight": 7.636411125685442,
    "max_vertex_degree": 25,
    "min_edge_order": 8,
    "min_edge_weight": 0.0018225374074303247,
    "n_qubits": 9,
    "total_pstrings": 154
}