{
    "avg_edge_order": 18.22222222222222,
    "avg_edge_weight": 0.29502747045987143,
    "avg_vertex_degree": 18.22222222222222,
    "edge_order_std_dev": 6.032831982443657,
    "edge_weight_std_dev": 0.6810208537902959,
    "induced_norm": 45.43423045082018,
    "max_edge_order": 25,
    "max_edge_weight": 8.506641726399927,
    "max_vertex_degree": 25,
    "min_edge_order": 8,
    "min_edge_weight": 0.0012697322981582437,
    "n_qubits": 9,
    "total_pstrings": 154
}