{
    "avg_edge_order": 18.22222222222222,
    "avg_edge_weight": 0.30466269953340747,
    "avg_vertex_degree": 18.22222222222222,
    "edge_order_std_dev": 6.032831982443657,
    "edge_weight_std_dev": 0.6382513151528263,
    "induced_norm": 46.91805572814476,
    "max_edge_order": 25,
    "max_edge_weight": 7.99237834559453,
    "max_vertex_degree": 25,
    "min_edge_order": 8,
    "min_edge_weight": 0.004465848047910503,
    "n_qubits": 9,
    "total_pstrings": 154
}