{
    "avg_edge_order": 18.22222222222222,
    "avg_edge_weight": 0.33295518780300515,
    "avg_vertex_degree": 18.22222222222222,
    "edge_order_std_dev": 6.032831982443657,
    "edge_weight_std_dev": 0.6438664819440343,
    "induced_norm": 51.27509892166279,
    "max_edge_order": 25,
    "max_edge_weight": 8.091068476449383,
    "max_vertex_degree": 25,
    "min_edge_order": 8,
    "min_edge_weight": 0.0018851419177548512,
    "n_qubits": 9,
    "total_pstrings": 154
}