{
    "avg_edge_order": 18.22222222222222,
    "avg_edge_weight": 0.30671411687026906,
    "avg_vertex_degree": 18.22222222222222,
    "edge_order_std_dev": 6.032831982443657,
    "edge_weight_std_dev": 0.6296084029466921,
    "induced_norm": 47.233973998021426,
    "max_edge_order": 25,
    "max_edge_weight": 7.7903750859743015,
    "max_vertex_degree": 25,
    "min_edge_order": 8,
    "min_edge_weight": 0.004628292801551248,
    "n_qubits": 9,
    "total_pstrings": 154
}