{
    "avg_edge_order": 18.22222222222222,
    "avg_edge_weight": 0.30948558286411587,
    "avg_vertex_degree": 18.22222222222222,
    "edge_order_std_dev": 6.032831982443657,
    "edge_weight_std_dev": 0.6599199895921067,
    "induced_norm": 47.660779761073826,
    "max_edge_order": 25,
    "max_edge_weight": 8.259500125419938,
    "max_vertex_degree": 25,
    "min_edge_order": 8,
    "min_edge_weight": 0.00041256528129235415,
    "n_qubits": 9,
    "total_pstrings": 154
}