{
    "avg_edge_order": 18.22222222222222,
    "avg_edge_weight": 0.3239618643345029,
    "avg_vertex_degree": 18.22222222222222,
    "edge_order_std_dev": 6.032831982443657,
    "edge_weight_std_dev": 0.6726975460284323,
    "induced_norm": 49.89012710751346,
    "max_edge_order": 25,
    "max_edge_weight": 8.38852229905385,
    "max_vertex_degree": 25,
    "min_edge_order": 8,
    "min_edge_weight": 0.0061380537594771245,
    "n_qubits": 9,
    "total_pstrings": 154
}