{
    "avg_edge_order": 18.22222222222222,
    "avg_edge_weight": 0.3045022408289903,
    "avg_vertex_degree": 18.22222222222222,
    "edge_order_std_dev": 6.032831982443657,
    "edge_weight_std_dev": 0.5966518210599135,
    "induced_norm": 46.89334508766452,
    "max_edge_order": 25,
    "max_edge_weight": 7.426916824087695,
    "max_vertex_degree": 25,
    "min_edge_order": 8,
    "min_edge_weight": 6.490475557024977e-05,
    "n_qubits": 9,
    "total_pstrings": 154
}