{
    "avg_edge_order": 18.22222222222222,
    "avg_edge_weight": 0.2902211813627298,
    "avg_vertex_degree": 18.22222222222222,
    "edge_order_std_dev": 6.032831982443657,
    "edge_weight_std_dev": 0.6433471645240839,
    "induced_norm": 44.69406192986038,
    "max_edge_order": 25,
    "max_edge_weight": 8.042181230640852,
    "max_vertex_degree": 25,
    "min_edge_order": 8,
    "min_edge_weight": 0.002437334116145884,
    "n_qubits": 9,
    "total_pstrings": 154
}