{
    "avg_edge_order": 18.22222222222222,
    "avg_edge_weight": 0.2965326576115679,
    "avg_vertex_degree": 18.22222222222222,
    "edge_order_std_dev": 6.032831982443657,
    "edge_weight_std_dev": 0.6040232927952718,
    "induced_norm": 45.666029272181476,
    "max_edge_order": 25,
    "max_edge_weight": 7.558280180659116,
    "max_vertex_degree": 25,
    "min_edge_order": 8,
    "min_edge_weight": 0.002426801640257603,
    "n_qubits": 9,
    "total_pstrings": 154
}