{
    "avg_edge_order": 18.22222222222222,
    "avg_edge_weight": 0.28339429435663754,
    "avg_vertex_degree": 18.22222222222222,
    "edge_order_std_dev": 6.032831982443657,
    "edge_weight_std_dev": 0.6308792015705011,
    "induced_norm": 43.64272133092218,
    "max_edge_order": 25,
    "max_edge_weight": 7.856684609717994,
    "max_vertex_degree": 25,
    "min_edge_order": 8,
    "min_edge_weight": 0.004245766066481027,
    "n_qubits": 9,
    "total_pstrings": 154
}