{
    "avg_edge_order": 18.22222222222222,
    "avg_edge_weight": 0.3224308411439587,
    "avg_vertex_degree": 18.22222222222222,
    "edge_order_std_dev": 6.032831982443657,
    "edge_weight_std_dev": 0.6675428454620932,
    "induced_norm": 49.65434953616962,
    "max_edge_order": 25,
    "max_edge_weight": 8.378199911322987,
    "max_vertex_degree": 25,
    "min_edge_order": 8,
    "min_edge_weight": 0.0006598306961192457,
    "n_qubits": 9,
    "total_pstrings": 154
}