{
    "avg_edge_order": 18.22222222222222,
    "avg_edge_weight": 0.2908194736068559,
    "avg_vertex_degree": 18.22222222222222,
    "edge_order_std_dev": 6.032831982443657,
    "edge_weight_std_dev": 0.6075585812637144,
    "induced_norm": 44.78619893545579,
    "max_edge_order": 25,
    "max_edge_weight": 7.56792704691946,
    "max_vertex_degree": 25,
    "min_edge_order": 8,
    "min_edge_weight": 0.0004782475768246863,
    "n_qubits": 9,
    "total_pstrings": 154
}