{
    "avg_edge_order": 18.22222222222222,
    "avg_edge_weight": 0.2903415744652081,
    "avg_vertex_degree": 18.22222222222222,
    "edge_order_std_dev": 6.032831982443657,
    "edge_weight_std_dev": 0.6368599062121274,
    "induced_norm": 44.712602467642036,
    "max_edge_order": 25,
    "max_edge_weight": 7.965881009079806,
    "max_vertex_degree": 25,
    "min_edge_order": 8,
    "min_edge_weight": 0.0015535251385870863,
    "n_qubits": 9,
    "total_pstrings": 154
}