{
    "avg_edge_order": 18.22222222222222,
    "avg_edge_weight": 0.30486568255930263,
    "avg_vertex_degree": 18.22222222222222,
    "edge_order_std_dev": 6.032831982443657,
    "edge_weight_std_dev": 0.6074603068736844,
    "induced_norm": 46.94931511413259,
    "max_edge_order": 25,
    "max_edge_weight": 7.615777995322515,
    "max_vertex_degree": 25,
    "min_edge_order": 8,
    "min_edge_weight": 0.0015233835436464505,
    "n_qubits": 9,
    "total_pstrings": 154
}