{
    "avg_edge_order": 18.22222222222222,
    "avg_edge_weight": 0.3069369163682496,
    "avg_vertex_degree": 18.22222222222222,
    "edge_order_std_dev": 6.032831982443657,
    "edge_weight_std_dev": 0.727885914439644,
    "induced_norm": 47.26828512071042,
    "max_edge_order": 25,
    "max_edge_weight": 9.118822749129235,
    "max_vertex_degree": 25,
    "min_edge_order": 8,
    "min_edge_weight": 0.0008574787237214943,
    "n_qubits": 9,
    "total_pstrings": 154
}