{
    "avg_edge_order": 18.22222222222222,
    "avg_edge_weight": 0.3278554517475859,
    "avg_vertex_degree": 18.22222222222222,
    "edge_order_std_dev": 6.032831982443657,
    "edge_weight_std_dev": 0.722266592426915,
    "induced_norm": 50.817595020875835,
    "max_edge_order": 25,
    "max_edge_weight": 8.835408960584612,
    "max_vertex_degree": 25,
    "min_edge_order": 8,
    "min_edge_weight": 0.004378994510182865,
    "n_qubits": 9,
    "total_pstrings": 155
}