{
    "avg_edge_order": 18.22222222222222,
    "avg_edge_weight": 0.30937369787516167,
    "avg_vertex_degree": 18.22222222222222,
    "edge_order_std_dev": 6.032831982443657,
    "edge_weight_std_dev": 0.6605677311684082,
    "induced_norm": 47.95292317065007,
    "max_edge_order": 25,
    "max_edge_weight": 8.239051868641411,
    "max_vertex_degree": 25,
    "min_edge_order": 8,
    "min_edge_weight": 0.004422733237445187,
    "n_qubits": 9,
    "total_pstrings": 155
}