{
    "avg_edge_order": 18.22222222222222,
    "avg_edge_weight": 0.3103689210130578,
    "avg_vertex_degree": 18.22222222222222,
    "edge_order_std_dev": 6.032831982443657,
    "edge_weight_std_dev": 0.6518564133450275,
    "induced_norm": 48.107182757023985,
    "max_edge_order": 25,
    "max_edge_weight": 8.083320308935575,
    "max_vertex_degree": 25,
    "min_edge_order": 8,
    "min_edge_weight": 0.0012569782245934191,
    "n_qubits": 9,
    "total_pstrings": 155
}