{
    "avg_edge_order": 18.22222222222222,
    "avg_edge_weight": 0.30454947671030264,
    "avg_vertex_degree": 18.22222222222222,
    "edge_order_std_dev": 6.032831982443657,
    "edge_weight_std_dev": 0.6467306619132488,
    "induced_norm": 47.205168890096914,
    "max_edge_order": 25,
    "max_edge_weight": 7.868290184320207,
    "max_vertex_degree": 25,
    "min_edge_order": 8,
    "min_edge_weight": 0.001365865153191037,
    "n_qubits": 9,
    "total_pstrings": 155
}