{
    "avg_edge_order": 18.22222222222222,
    "avg_edge_weight": 0.3169511378381859,
    "avg_vertex_degree": 18.22222222222222,
    "edge_order_std_dev": 6.032831982443657,
    "edge_weight_std_dev": 0.6287587834511386,
    "induced_norm": 49.127426364918854,
    "max_edge_order": 25,
    "max_edge_weight": 7.601040375958281,
    "max_vertex_degree": 25,
    "min_edge_order": 8,
    "min_edge_weight": 0.001187938646257991,
    "n_qubits": 9,
    "total_pstrings": 155
}