{
    "avg_edge_order": 18.22222222222222,
    "avg_edge_weight": 0.31738420648786403,
    "avg_vertex_degree": 18.22222222222222,
    "edge_order_std_dev": 6.032831982443657,
    "edge_weight_std_dev": 0.6325271165896632,
    "induced_norm": 50.146704625082506,
    "max_edge_order": 25,
    "max_edge_weight": 7.902269447583832,
    "max_vertex_degree": 25,
    "min_edge_order": 8,
    "min_edge_weight": 0.00108748631097777,
    "n_qubits": 9,
    "total_pstrings": 158
}