{
    "avg_edge_order": 18.22222222222222,
    "avg_edge_weight": 0.3467442012964082,
    "avg_vertex_degree": 18.22222222222222,
    "edge_order_std_dev": 6.032831982443657,
    "edge_weight_std_dev": 0.7379802657225715,
    "induced_norm": 54.78558380483252,
    "max_edge_order": 25,
    "max_edge_weight": 8.950947590776218,
    "max_vertex_degree": 25,
    "min_edge_order": 8,
    "min_edge_weight": 0.0006648256979648881,
    "n_qubits": 9,
    "total_pstrings": 158
}