{
    "avg_edge_order": 18.22222222222222,
    "avg_edge_weight": 0.324723657185706,
    "avg_vertex_degree": 18.22222222222222,
    "edge_order_std_dev": 6.032831982443657,
    "edge_weight_std_dev": 0.6539130524943945,
    "induced_norm": 51.30633783534156,
    "max_edge_order": 25,
    "max_edge_weight": 8.059041677060133,
    "max_vertex_degree": 25,
    "min_edge_order": 8,
    "min_edge_weight": 0.004597910009870032,
    "n_qubits": 9,
    "total_pstrings": 158
}