{
    "avg_edge_order": 18.22222222222222,
    "avg_edge_weight": 0.30449235917084844,
    "avg_vertex_degree": 18.22222222222222,
    "edge_order_std_dev": 6.032831982443657,
    "edge_weight_std_dev": 0.5979512394090797,
    "induced_norm": 48.10979274899405,
    "max_edge_order": 25,
    "max_edge_weight": 7.245184392218401,
    "max_vertex_degree": 25,
    "min_edge_order": 8,
    "min_edge_weight": 0.0010084969374915542,
    "n_qubits": 9,
    "total_pstrings": 158
}