{
    "avg_edge_order": 18.22222222222222,
    "avg_edge_weight": 0.3312112110660246,
    "avg_vertex_degree": 18.22222222222222,
    "edge_order_std_dev": 6.032831982443657,
    "edge_weight_std_dev": 0.6880476239114506,
    "induced_norm": 52.331371348431915,
    "max_edge_order": 25,
    "max_edge_weight": 8.497342852905998,
    "max_vertex_degree": 25,
    "min_edge_order": 8,
    "min_edge_weight": 0.0006726981240524066,
    "n_qubits": 9,
    "total_pstrings": 158
}