{
    "avg_edge_order": 18.22222222222222,
    "avg_edge_weight": 0.3342380183214365,
    "avg_vertex_degree": 18.22222222222222,
    "edge_order_std_dev": 6.032831982443657,
    "edge_weight_std_dev": 0.6885857676560108,
    "induced_norm": 52.80960689478697,
    "max_edge_order": 25,
    "max_edge_weight": 8.507381373428958,
    "max_vertex_degree": 25,
    "min_edge_order": 8,
    "min_edge_weight": 0.0005141632366495452,
    "n_qubits": 9,
    "total_pstrings": 158
}