{
    "avg_edge_order": 18.444444444444443,
    "avg_edge_weight": 0.36907757799317475,
    "avg_vertex_degree": 18.444444444444443,
    "edge_order_std_dev": 5.92754607482184,
    "edge_weight_std_dev": 0.6752106633783591,
    "induced_norm": 60.89780036887384,
    "max_edge_order": 25,
    "max_edge_weight": 7.840642865650317,
    "max_vertex_degree": 25,
    "min_edge_order": 8,
    "min_edge_weight": 0.0021276631790294043,
    "n_qubits": 9,
    "total_pstrings": 165
}