{
    "avg_edge_order": 18.444444444444443,
    "avg_edge_weight": 0.3547940165462708,
    "avg_vertex_degree": 18.444444444444443,
    "edge_order_std_dev": 5.92754607482184,
    "edge_weight_std_dev": 0.6851600476728406,
    "induced_norm": 58.54101273013467,
    "max_edge_order": 25,
    "max_edge_weight": 8.16320751403266,
    "max_vertex_degree": 25,
    "min_edge_order": 8,
    "min_edge_weight": 0.00257487669340134,
    "n_qubits": 9,
    "total_pstrings": 165
}