{
    "avg_edge_order": 18.444444444444443,
    "avg_edge_weight": 0.35935443759837665,
    "avg_vertex_degree": 18.444444444444443,
    "edge_order_std_dev": 5.92754607482184,
    "edge_weight_std_dev": 0.6737862660865973,
    "induced_norm": 59.29348220373214,
    "max_edge_order": 25,
    "max_edge_weight": 7.833433043132154,
    "max_vertex_degree": 25,
    "min_edge_order": 8,
    "min_edge_weight": 0.0034785084846224446,
    "n_qubits": 9,
    "total_pstrings": 165
}