{
    "avg_edge_order": 18.444444444444443,
    "avg_edge_weight": 0.38373714941827336,
    "avg_vertex_degree": 18.444444444444443,
    "edge_order_std_dev": 5.92754607482184,
    "edge_weight_std_dev": 0.7465614461456066,
    "induced_norm": 63.3166296540151,
    "max_edge_order": 25,
    "max_edge_weight": 8.906311215726344,
    "max_vertex_degree": 25,
    "min_edge_order": 8,
    "min_edge_weight": 0.002915541804164312,
    "n_qubits": 9,
    "total_pstrings": 165
}