{
    "avg_edge_order": 18.444444444444443,
    "avg_edge_weight": 0.3746852298522315,
    "avg_vertex_degree": 18.444444444444443,
    "edge_order_std_dev": 5.92754607482184,
    "edge_weight_std_dev": 0.6561451117836138,
    "induced_norm": 61.82306292561821,
    "max_edge_order": 25,
    "max_edge_weight": 7.373296953554765,
    "max_vertex_degree": 25,
    "min_edge_order": 8,
    "min_edge_weight": 0.0006544522129119379,
    "n_qubits": 9,
    "total_pstrings": 165
}