{
    "avg_edge_order": 18.444444444444443,
    "avg_edge_weight": 0.34249495886013503,
    "avg_vertex_degree": 18.444444444444443,
    "edge_order_std_dev": 5.92754607482184,
    "edge_weight_std_dev": 0.6752093409919984,
    "induced_norm": 56.5116682119223,
    "max_edge_order": 25,
    "max_edge_weight": 8.116580686802369,
    "max_vertex_degree": 25,
    "min_edge_order": 8,
    "min_edge_weight": 0.00010120796876617044,
    "n_qubits": 9,
    "total_pstrings": 165
}