{
    "avg_edge_order": 18.444444444444443,
    "avg_edge_weight": 0.3841674054703577,
    "avg_vertex_degree": 18.444444444444443,
    "edge_order_std_dev": 5.92754607482184,
    "edge_weight_std_dev": 0.6757620202056832,
    "induced_norm": 63.387621902609006,
    "max_edge_order": 25,
    "max_edge_weight": 8.040106845913606,
    "max_vertex_degree": 25,
    "min_edge_order": 8,
    "min_edge_weight": 0.007251014802133915,
    "n_qubits": 9,
    "total_pstrings": 165
}