{
    "avg_edge_order": 6.8,
    "avg_edge_weight": 0.37675683581690694,
    "avg_vertex_degree": 6.8,
    "edge_order_std_dev": 1.9390719429665317,
    "edge_weight_std_dev": 0.5680961784257006,
    "induced_norm": 17.330814447577712,
    "max_edge_order": 9,
    "max_edge_weight": 4.084533147318789,
    "max_vertex_degree": 9,
    "min_edge_order": 4,
    "min_edge_weight": 0.013033333369443845,
    "n_qubits": 5,
    "total_pstrings": 46
}