{
    "avg_edge_order": 18.444444444444443,
    "avg_edge_weight": 0.4057930008225021,
    "avg_vertex_degree": 18.444444444444443,
    "edge_order_std_dev": 5.92754607482184,
    "edge_weight_std_dev": 0.68807544768694,
    "induced_norm": 73.04274014805037,
    "max_edge_order": 25,
    "max_edge_weight": 8.016664191051733,
    "max_vertex_degree": 25,
    "min_edge_order": 8,
    "min_edge_weight": 0.00048623284205889794,
    "n_qubits": 9,
    "total_pstrings": 180
}