{
    "avg_edge_order": 18.444444444444443,
    "avg_edge_weight": 0.4017859956320976,
    "avg_vertex_degree": 18.444444444444443,
    "edge_order_std_dev": 5.92754607482184,
    "edge_weight_std_dev": 0.7434371020167224,
    "induced_norm": 72.32147921377754,
    "max_edge_order": 25,
    "max_edge_weight": 8.26515538089215,
    "max_vertex_degree": 25,
    "min_edge_order": 8,
    "min_edge_weight": 0.002373564491851221,
    "n_qubits": 9,
    "total_pstrings": 180
}