{
    "avg_edge_order": 18.444444444444443,
    "avg_edge_weight": 0.4548576744011549,
    "avg_vertex_degree": 18.444444444444443,
    "edge_order_std_dev": 5.92754607482184,
    "edge_weight_std_dev": 0.7339406182060764,
    "induced_norm": 81.8743813922079,
    "max_edge_order": 25,
    "max_edge_weight": 8.196132543630803,
    "max_vertex_degree": 25,
    "min_edge_order": 8,
    "min_edge_weight": 0.005046027526816321,
    "n_qubits": 9,
    "total_pstrings": 180
}