{
    "avg_edge_order": 6.8,
    "avg_edge_weight": 0.3223204126329883,
    "avg_vertex_degree": 6.8,
    "edge_order_std_dev": 1.9390719429665317,
    "edge_weight_std_dev": 0.5306101810255403,
    "induced_norm": 14.826738981117456,
    "max_edge_order": 9,
    "max_edge_weight": 3.751601599188429,
    "max_vertex_degree": 9,
    "min_edge_order": 4,
    "min_edge_weight": 0.012420817032986087,
    "n_qubits": 5,
    "total_pstrings": 46
}