{
    "avg_edge_order": 18.444444444444443,
    "avg_edge_weight": 0.3887768612508917,
    "avg_vertex_degree": 18.444444444444443,
    "edge_order_std_dev": 5.92754607482184,
    "edge_weight_std_dev": 0.6302068149262987,
    "induced_norm": 69.9798350251605,
    "max_edge_order": 25,
    "max_edge_weight": 7.448654629308306,
    "max_vertex_degree": 25,
    "min_edge_order": 8,
    "min_edge_weight": 0.003740551001561676,
    "n_qubits": 9,
    "total_pstrings": 180
}