{
    "avg_edge_order": 18.444444444444443,
    "avg_edge_weight": 0.43257738751622943,
    "avg_vertex_degree": 18.444444444444443,
    "edge_order_std_dev": 5.92754607482184,
    "edge_weight_std_dev": 0.7428950243044946,
    "induced_norm": 77.86392975292125,
    "max_edge_order": 25,
    "max_edge_weight": 8.648973933626978,
    "max_vertex_degree": 25,
    "min_edge_order": 8,
    "min_edge_weight": 0.00043400916030938985,
    "n_qubits": 9,
    "total_pstrings": 180
}