{
    "avg_edge_order": 18.444444444444443,
    "avg_edge_weight": 0.39954947107158406,
    "avg_vertex_degree": 18.444444444444443,
    "edge_order_std_dev": 5.92754607482184,
    "edge_weight_std_dev": 0.6630745339959199,
    "induced_norm": 71.91890479288514,
    "max_edge_order": 25,
    "max_edge_weight": 6.886191084540083,
    "max_vertex_degree": 25,
    "min_edge_order": 8,
    "min_edge_weight": 0.008558107390606862,
    "n_qubits": 9,
    "total_pstrings": 180
}