{
    "avg_edge_order": 6.8,
    "avg_edge_weight": 0.33599129284129703,
    "avg_vertex_degree": 6.8,
    "edge_order_std_dev": 1.9390719429665317,
    "edge_weight_std_dev": 0.6214991569195087,
    "induced_norm": 15.455599470699664,
    "max_edge_order": 9,
    "max_edge_weight": 4.386677959626419,
    "max_vertex_degree": 9,
    "min_edge_order": 4,
    "min_edge_weight": 0.022713236093996225,
    "n_qubits": 5,
    "total_pstrings": 46
}