{
    "avg_edge_order": 6.8,
    "avg_edge_weight": 0.30938724137247037,
    "avg_vertex_degree": 6.8,
    "edge_order_std_dev": 1.9390719429665317,
    "edge_weight_std_dev": 0.5171004788046718,
    "induced_norm": 14.231813103133637,
    "max_edge_order": 9,
    "max_edge_weight": 3.608420219700753,
    "max_vertex_degree": 9,
    "min_edge_order": 4,
    "min_edge_weight": 0.00452632707917594,
    "n_qubits": 5,
    "total_pstrings": 46
}