{
    "avg_edge_order": 6.8,
    "avg_edge_weight": 0.32456060537460496,
    "avg_vertex_degree": 6.8,
    "edge_order_std_dev": 1.9390719429665317,
    "edge_weight_std_dev": 0.5527618649854208,
    "induced_norm": 14.929787847231827,
    "max_edge_order": 9,
    "max_edge_weight": 3.8971562206381316,
    "max_vertex_degree": 9,
    "min_edge_order": 4,
    "min_edge_weight": 0.009991187488294806,
    "n_qubits": 5,
    "total_pstrings": 46
}