{
    "avg_edge_order": 6.8,
    "avg_edge_weight": 0.2976856256841685,
    "avg_vertex_degree": 6.8,
    "edge_order_std_dev": 1.9390719429665317,
    "edge_weight_std_dev": 0.4786535197955353,
    "induced_norm": 13.693538781471752,
    "max_edge_order": 9,
    "max_edge_weight": 3.3529557917362025,
    "max_vertex_degree": 9,
    "min_edge_order": 4,
    "min_edge_weight": 0.0032508236306512117,
    "n_qubits": 5,
    "total_pstrings": 46
}