{
    "avg_edge_order": 6.8,
    "avg_edge_weight": 0.3036114291049198,
    "avg_vertex_degree": 6.8,
    "edge_order_std_dev": 1.9390719429665317,
    "edge_weight_std_dev": 0.47641441522335465,
    "induced_norm": 13.966125738826307,
    "max_edge_order": 9,
    "max_edge_weight": 3.341589844512815,
    "max_vertex_degree": 9,
    "min_edge_order": 4,
    "min_edge_weight": 0.0032218164438111985,
    "n_qubits": 5,
    "total_pstrings": 46
}