{
    "avg_edge_order": 6.8,
    "avg_edge_weight": 0.36323138752538475,
    "avg_vertex_degree": 6.8,
    "edge_order_std_dev": 1.9390719429665317,
    "edge_weight_std_dev": 0.5743785781669731,
    "induced_norm": 16.7086438261677,
    "max_edge_order": 9,
    "max_edge_weight": 3.89922804619649,
    "max_vertex_degree": 9,
    "min_edge_order": 4,
    "min_edge_weight": 0.0050840607144198025,
    "n_qubits": 5,
    "total_pstrings": 46
}