{
    "avg_edge_order": 4.75,
    "avg_edge_weight": 0.38132917266264893,
    "avg_vertex_degree": 4.75,
    "edge_order_std_dev": 1.299038105676658,
    "edge_weight_std_dev": 0.529414818599937,
    "induced_norm": 11.058546007216815,
    "max_edge_order": 6,
    "max_edge_weight": 3.092458113941272,
    "max_vertex_degree": 6,
    "min_edge_order": 3,
    "min_edge_weight": 0.017421556077139688,
    "n_qubits": 4,
    "total_pstrings": 29
}