{
    "avg_edge_order": 6.8,
    "avg_edge_weight": 0.40240897123434055,
    "avg_vertex_degree": 6.8,
    "edge_order_std_dev": 1.9390719429665317,
    "edge_weight_std_dev": 0.5299417661924578,
    "induced_norm": 18.913221648014,
    "max_edge_order": 9,
    "max_edge_weight": 3.6510710789450935,
    "max_vertex_degree": 9,
    "min_edge_order": 4,
    "min_edge_weight": 0.06172204143533289,
    "n_qubits": 5,
    "total_pstrings": 47
}