{
    "avg_edge_order": 6.8,
    "avg_edge_weight": 0.32773459600133664,
    "avg_vertex_degree": 6.8,
    "edge_order_std_dev": 1.9390719429665317,
    "edge_weight_std_dev": 0.564682886279238,
    "induced_norm": 15.403526012062823,
    "max_edge_order": 9,
    "max_edge_weight": 3.5126174872081553,
    "max_vertex_degree": 9,
    "min_edge_order": 4,
    "min_edge_weight": 0.00390768188125834,
    "n_qubits": 5,
    "total_pstrings": 47
}