{
    "avg_edge_order": 6.8,
    "avg_edge_weight": 0.3820750392994193,
    "avg_vertex_degree": 6.8,
    "edge_order_std_dev": 1.9390719429665317,
    "edge_weight_std_dev": 0.5401986696626208,
    "induced_norm": 17.957526847072707,
    "max_edge_order": 9,
    "max_edge_weight": 3.677072275238517,
    "max_vertex_degree": 9,
    "min_edge_order": 4,
    "min_edge_weight": 0.001117047619006717,
    "n_qubits": 5,
    "total_pstrings": 47
}