{
    "avg_edge_order": 6.8,
    "avg_edge_weight": 0.35471301785352904,
    "avg_vertex_degree": 6.8,
    "edge_order_std_dev": 1.9390719429665317,
    "edge_weight_std_dev": 0.5670416489812927,
    "induced_norm": 16.67151183911587,
    "max_edge_order": 9,
    "max_edge_weight": 3.896589509481471,
    "max_vertex_degree": 9,
    "min_edge_order": 4,
    "min_edge_weight": 0.00041367540237358114,
    "n_qubits": 5,
    "total_pstrings": 47
}