{
    "avg_edge_order": 6.8,
    "avg_edge_weight": 0.35025996750461247,
    "avg_vertex_degree": 6.8,
    "edge_order_std_dev": 1.9390719429665317,
    "edge_weight_std_dev": 0.5144668539424662,
    "induced_norm": 16.462218472716792,
    "max_edge_order": 9,
    "max_edge_weight": 3.4441183193808027,
    "max_vertex_degree": 9,
    "min_edge_order": 4,
    "min_edge_weight": 0.006976386362852138,
    "n_qubits": 5,
    "total_pstrings": 47
}