{
    "avg_edge_order": 6.8,
    "avg_edge_weight": 0.4006190093515524,
    "avg_vertex_degree": 6.8,
    "edge_order_std_dev": 1.9390719429665317,
    "edge_weight_std_dev": 0.5873982567613796,
    "induced_norm": 18.82909343952296,
    "max_edge_order": 9,
    "max_edge_weight": 4.145162184700476,
    "max_vertex_degree": 9,
    "min_edge_order": 4,
    "min_edge_weight": 0.019755491092444732,
    "n_qubits": 5,
    "total_pstrings": 47
}