{
    "avg_edge_order": 6.8,
    "avg_edge_weight": 0.3169261276958509,
    "avg_vertex_degree": 6.8,
    "edge_order_std_dev": 1.9390719429665317,
    "edge_weight_std_dev": 0.522888099776497,
    "induced_norm": 14.895528001704994,
    "max_edge_order": 9,
    "max_edge_weight": 3.590113026053596,
    "max_vertex_degree": 9,
    "min_edge_order": 4,
    "min_edge_weight": 0.0021941858575265094,
    "n_qubits": 5,
    "total_pstrings": 47
}