{
    "avg_edge_order": 6.8,
    "avg_edge_weight": 0.3929114156873173,
    "avg_vertex_degree": 6.8,
    "edge_order_std_dev": 1.9390719429665317,
    "edge_weight_std_dev": 0.4953337389934596,
    "induced_norm": 18.466836537303912,
    "max_edge_order": 9,
    "max_edge_weight": 3.3523286867315054,
    "max_vertex_degree": 9,
    "min_edge_order": 4,
    "min_edge_weight": 0.017683094472567773,
    "n_qubits": 5,
    "total_pstrings": 47
}