{
    "avg_edge_order": 6.8,
    "avg_edge_weight": 0.4015708963727699,
    "avg_vertex_degree": 6.8,
    "edge_order_std_dev": 1.9390719429665317,
    "edge_weight_std_dev": 0.5528135189553987,
    "induced_norm": 18.87383212952019,
    "max_edge_order": 9,
    "max_edge_weight": 3.8180011550605015,
    "max_vertex_degree": 9,
    "min_edge_order": 4,
    "min_edge_weight": 0.009194916256560437,
    "n_qubits": 5,
    "total_pstrings": 47
}