{
    "avg_edge_order": 6.8,
    "avg_edge_weight": 0.35877019829690504,
    "avg_vertex_degree": 6.8,
    "edge_order_std_dev": 1.9390719429665317,
    "edge_weight_std_dev": 0.5226142194845679,
    "induced_norm": 16.862199319954545,
    "max_edge_order": 9,
    "max_edge_weight": 3.5921406240139957,
    "max_vertex_degree": 9,
    "min_edge_order": 4,
    "min_edge_weight": 0.029489120285182746,
    "n_qubits": 5,
    "total_pstrings": 47
}