{
    "avg_edge_order": 6.8,
    "avg_edge_weight": 0.3291174683590586,
    "avg_vertex_degree": 6.8,
    "edge_order_std_dev": 1.9390719429665317,
    "edge_weight_std_dev": 0.4671662469708606,
    "induced_norm": 15.468521012875756,
    "max_edge_order": 9,
    "max_edge_weight": 3.2749481610745743,
    "max_vertex_degree": 9,
    "min_edge_order": 4,
    "min_edge_weight": 0.014301742563953286,
    "n_qubits": 5,
    "total_pstrings": 47
}