{
    "avg_edge_order": 24460.49090909091,
    "avg_edge_weight": 0.0031431515374701845,
    "avg_vertex_degree": 24460.49090909091,
    "edge_order_std_dev": 6800.9396700288335,
    "edge_weight_std_dev": 0.0859380946259755,
    "induced_norm": 749.380760109029,
    "max_edge_order": 29866,
    "max_edge_weight": 31.41177375971193,
    "max_vertex_degree": 29866,
    "min_edge_order": 4321,
    "min_edge_weight": 1.0340060681674095e-08,
    "n_qubits": 55,
    "total_pstrings": 238417
}