{
    "CASs": [
        [
            null,
            null
        ]
    ],
    "bases": [
        "sto-6g"
    ],
    "charge": 0,
    "geometry": [
        "C 8.89362 8.9728 8.42989",
        "H 10.51573 8.97288 8.42972",
        "H 8.35279 10.50193 8.42977",
        "H 8.35289 8.2083 7.10525",
        "H 8.35273 8.20801 9.75401"
    ],
    "multiplicity": 1,
    "name": "1.5_ch4",
    "symmetry": false
}