{
    "avg_edge_order": 302732.5051546392,
    "avg_edge_weight": 0.0014072439895459498,
    "avg_vertex_degree": 302732.5051546392,
    "edge_order_std_dev": 100920.29429086662,
    "edge_weight_std_dev": 0.776301270371792,
    "induced_norm": 4608.1442812392925,
    "max_edge_order": 383093,
    "max_edge_weight": 1372.9844915328442,
    "max_vertex_degree": 383093,
    "min_edge_order": 27556,
    "min_edge_weight": 1.0025224528896983e-08,
    "n_qubits": 97,
    "total_pstrings": 3274588
}