{
    "avg_edge_order": 188828.1855670103,
    "avg_edge_weight": 0.0019033050428795813,
    "avg_vertex_degree": 188828.1855670103,
    "edge_order_std_dev": 58978.3114982284,
    "edge_weight_std_dev": 0.9353110346827356,
    "induced_norm": 3758.951327485458,
    "max_edge_order": 237140,
    "max_edge_weight": 1284.6122010403983,
    "max_vertex_degree": 237140,
    "min_edge_order": 19949,
    "min_edge_weight": 1.0004598573515365e-08,
    "n_qubits": 97,
    "total_pstrings": 1974960
}