{
    "avg_edge_order": 24069.745454545453,
    "avg_edge_weight": 0.003048470720279551,
    "avg_vertex_degree": 24069.745454545453,
    "edge_order_std_dev": 6629.962707198509,
    "edge_weight_std_dev": 0.07723202083502172,
    "induced_norm": 727.6364277528057,
    "max_edge_order": 29522,
    "max_edge_weight": 27.453796590137415,
    "max_vertex_degree": 29522,
    "min_edge_order": 4282,
    "min_edge_weight": 1.0576523927514997e-08,
    "n_qubits": 55,
    "total_pstrings": 238689
}