{
    "CASs": [
        [
            null,
            null
        ]
    ],
    "bases": [
        "def2-QZVPPD"
    ],
    "charge": 1,
    "geometry": [
        "O 0.0000000000 0.0000000000 0.0000000000",
        "Be 0.0000000000 0.0000000000 1.5675009237",
        "H 0.7942761613 0.0000000000 -0.5616466170",
        "H -0.7942761643 -0.0000000000 -0.5616466123"
    ],
    "multiplicity": 2,
    "name": "h2o-be+",
    "symmetry": false
}