,max_vertex_degree,min_vertex_degree,mean_vertex_degree,std_dev_vertex_degree,one_norm,max_weight,min_weight,mean_weight,std_dev_weight,max_edge_order,min_edge_order,mean_edge_order,std_dev_edge_order,number_of_terms,n_orbs
0,21682,5402,17088.333333333332,4667.062197523786,316.4085788405672,3.7638590860541057,1.055492396317918e-08,0.009193113453441926,0.09539213363809175,24,1,11.91585798128886,4.64749100730293,34419,24
