,max_vertex_degree,min_vertex_degree,mean_vertex_degree,std_dev_vertex_degree,one_norm,max_weight,min_weight,mean_weight,std_dev_weight,max_edge_order,min_edge_order,mean_edge_order,std_dev_edge_order,number_of_terms,n_orbs
0,21858,5422,17256.916666666668,4711.436262937473,314.20207924489966,3.7419544950278993,1.867032783648878e-08,0.009043347894453938,0.09446185203395688,24,1,11.920504259728299,4.651665627961807,34745,24
