,max_vertex_degree,min_vertex_degree,mean_vertex_degree,std_dev_vertex_degree,one_norm,max_weight,min_weight,mean_weight,std_dev_weight,max_edge_order,min_edge_order,mean_edge_order,std_dev_edge_order,number_of_terms,n_orbs
0,12748,1980,9811.357142857143,3090.9689675186432,337.4988827930108,9.372387991423103,3.679861945371106e-08,0.015704927072732102,0.1636265776008312,27,1,12.783527221963704,5.350067162469125,21491,28
