,max_vertex_degree,min_vertex_degree,mean_vertex_degree,std_dev_vertex_degree,one_norm,max_weight,min_weight,mean_weight,std_dev_weight,max_edge_order,min_edge_order,mean_edge_order,std_dev_edge_order,number_of_terms,n_orbs
0,506,184,414.7142857142857,100.4379186871377,135.96227065231568,9.8682594535275,0.00037174218615178804,0.15090152125673173,0.5117011674226962,13,1,6.443951165371809,3.0552477613604028,902,14
