,max_vertex_degree,min_vertex_degree,mean_vertex_degree,std_dev_vertex_degree,one_norm,max_weight,min_weight,mean_weight,std_dev_weight,max_edge_order,min_edge_order,mean_edge_order,std_dev_edge_order,number_of_terms,n_orbs
0,8069,1347,6173.95652173913,1781.41935297479,292.39852045101145,55.50567560589691,1.1864115655092906e-08,0.023118162591003556,0.5139341928929316,22,1,11.227150537634408,4.70055574003021,12649,23
