{
    "avg_edge_order": 3822.0344827586205,
    "avg_edge_weight": 0.011001585869347404,
    "avg_vertex_degree": 3822.0344827586205,
    "edge_order_std_dev": 785.6153960654523,
    "edge_weight_std_dev": 0.7095473739077464,
    "induced_norm": 435.15672747616725,
    "max_edge_order": 4399,
    "max_edge_weight": 137.01001293630011,
    "max_vertex_degree": 4399,
    "min_edge_order": 1232,
    "min_edge_weight": 1.007338782994701e-08,
    "n_qubits": 29,
    "total_pstrings": 39554
}