{
    "avg_edge_order": 14,
    "avg_edge_weight": 0.288675134594813,
    "avg_vertex_degree": 9.380952380952381,
    "edge_order_std_dev": 1.2847153156410869,
    "edge_weight_std_dev": 5.551115123125783e-17,
    "induced_norm": 3.4641016151377557,
    "max_edge_order": 18,
    "max_edge_weight": 0.2886751345948129,
    "max_vertex_degree": 11,
    "min_edge_order": 16.522842639593907,
    "min_edge_weight": 0.2886751345948129,
    "n_qubits": 21,
    "total_pstrings": 12
}