{
    "avg_edge_order": 14,
    "avg_edge_weight": 0.27735009811261463,
    "avg_vertex_degree": 10.19047619047619,
    "edge_order_std_dev": 1.3050022346291656,
    "edge_weight_std_dev": 5.551115123125783e-17,
    "induced_norm": 3.6055512754639905,
    "max_edge_order": 18,
    "max_edge_weight": 0.2773500981126146,
    "max_vertex_degree": 13,
    "min_edge_order": 16.570093457943926,
    "min_edge_weight": 0.2773500981126146,
    "n_qubits": 21,
    "total_pstrings": 13
}