{
    "avg_edge_order": 14,
    "avg_edge_weight": 0.26726124191242434,
    "avg_vertex_degree": 10.857142857142858,
    "edge_order_std_dev": 1.368308587371257,
    "edge_weight_std_dev": 5.551115123125783e-17,
    "induced_norm": 3.7416573867739404,
    "max_edge_order": 18,
    "max_edge_weight": 0.2672612419124244,
    "max_vertex_degree": 13,
    "min_edge_order": 16.403508771929825,
    "min_edge_weight": 0.2672612419124244,
    "n_qubits": 21,
    "total_pstrings": 14
}