{
    "avg_edge_order": 11,
    "avg_edge_weight": 0.24253562503633302,
    "avg_vertex_degree": 12.761904761904763,
    "edge_order_std_dev": 1.9564909873899308,
    "edge_weight_std_dev": 5.551115123125783e-17,
    "induced_norm": 4.1231056256176615,
    "max_edge_order": 19,
    "max_edge_weight": 0.24253562503633297,
    "max_vertex_degree": 15,
    "min_edge_order": 16.02238805970149,
    "min_edge_weight": 0.24253562503633297,
    "n_qubits": 21,
    "total_pstrings": 17
}