{
    "avg_edge_order": 11,
    "avg_edge_weight": 0.23570226039551578,
    "avg_vertex_degree": 13.428571428571429,
    "edge_order_std_dev": 2.101422149773045,
    "edge_weight_std_dev": 8.326672684688674e-17,
    "induced_norm": 4.242640687119284,
    "max_edge_order": 20,
    "max_edge_weight": 0.23570226039551587,
    "max_vertex_degree": 16,
    "min_edge_order": 15.950354609929079,
    "min_edge_weight": 0.23570226039551587,
    "n_qubits": 21,
    "total_pstrings": 18
}