{
    "avg_edge_order": 19,
    "avg_edge_weight": 0.7071067811865475,
    "avg_vertex_degree": 1.6818181818181819,
    "edge_order_std_dev": 0.49983560742610084,
    "edge_weight_std_dev": 0.0,
    "induced_norm": 1.414213562373095,
    "max_edge_order": 20,
    "max_edge_weight": 0.7071067811865475,
    "max_vertex_degree": 2,
    "min_edge_order": 19.512820512820515,
    "min_edge_weight": 0.7071067811865475,
    "n_qubits": 23,
    "total_pstrings": 2
}