{
    "avg_edge_order": 17,
    "avg_edge_weight": 0.5773502691896258,
    "avg_vertex_degree": 2.391304347826087,
    "edge_order_std_dev": 0.9242374565191883,
    "edge_weight_std_dev": 0.0,
    "induced_norm": 1.7320508075688776,
    "max_edge_order": 19,
    "max_edge_weight": 0.5773502691896258,
    "max_vertex_degree": 3,
    "min_edge_order": 18.381818181818183,
    "min_edge_weight": 0.5773502691896258,
    "n_qubits": 23,
    "total_pstrings": 3
}