{
    "avg_edge_order": 15,
    "avg_edge_weight": 0.447213595499958,
    "avg_vertex_degree": 3.9565217391304346,
    "edge_order_std_dev": 1.7589284373377447,
    "edge_weight_std_dev": 5.551115123125783e-17,
    "induced_norm": 2.23606797749979,
    "max_edge_order": 20,
    "max_edge_weight": 0.4472135954999579,
    "max_vertex_degree": 5,
    "min_edge_order": 18.384615384615383,
    "min_edge_weight": 0.4472135954999579,
    "n_qubits": 23,
    "total_pstrings": 5
}