{
    "avg_edge_order": 16,
    "avg_edge_weight": 0.4082482904638631,
    "avg_vertex_degree": 4.695652173913044,
    "edge_order_std_dev": 1.287669708606849,
    "edge_weight_std_dev": 0.0,
    "induced_norm": 2.4494897427831783,
    "max_edge_order": 20,
    "max_edge_weight": 0.4082482904638631,
    "max_vertex_degree": 6,
    "min_edge_order": 18.09259259259259,
    "min_edge_weight": 0.4082482904638631,
    "n_qubits": 23,
    "total_pstrings": 6
}