{
    "avg_edge_order": 16,
    "avg_edge_weight": 0.37796447300922725,
    "avg_vertex_degree": 5.521739130434782,
    "edge_order_std_dev": 1.3382120839475202,
    "edge_weight_std_dev": 5.551115123125783e-17,
    "induced_norm": 2.6457513110645907,
    "max_edge_order": 20,
    "max_edge_weight": 0.3779644730092272,
    "max_vertex_degree": 7,
    "min_edge_order": 18.244094488188978,
    "min_edge_weight": 0.3779644730092272,
    "n_qubits": 23,
    "total_pstrings": 7
}