{
    "avg_edge_order": 16,
    "avg_edge_weight": 0.35355339059327373,
    "avg_vertex_degree": 6.391304347826087,
    "edge_order_std_dev": 1.6134356520092787,
    "edge_weight_std_dev": 0.0,
    "induced_norm": 2.82842712474619,
    "max_edge_order": 20,
    "max_edge_weight": 0.35355339059327373,
    "max_vertex_degree": 8,
    "min_edge_order": 18.523809523809526,
    "min_edge_weight": 0.35355339059327373,
    "n_qubits": 23,
    "total_pstrings": 8
}