{
    "avg_edge_order": 16,
    "avg_edge_weight": 0.3333333333333333,
    "avg_vertex_degree": 7.086956521739131,
    "edge_order_std_dev": 1.5059569072457673,
    "edge_weight_std_dev": 0.0,
    "induced_norm": 3.0,
    "max_edge_order": 20,
    "max_edge_weight": 0.3333333333333333,
    "max_vertex_degree": 9,
    "min_edge_order": 18.23926380368098,
    "min_edge_weight": 0.3333333333333333,
    "n_qubits": 23,
    "total_pstrings": 9
}