{
    "avg_edge_order": 16,
    "avg_edge_weight": 0.31622776601683794,
    "avg_vertex_degree": 7.826086956521739,
    "edge_order_std_dev": 1.5326085243430185,
    "edge_weight_std_dev": 0.0,
    "induced_norm": 3.1622776601683795,
    "max_edge_order": 20,
    "max_edge_weight": 0.31622776601683794,
    "max_vertex_degree": 10,
    "min_edge_order": 18.133333333333333,
    "min_edge_weight": 0.31622776601683794,
    "n_qubits": 23,
    "total_pstrings": 10
}