{
    "avg_edge_order": 15,
    "avg_edge_weight": 0.3015113445777637,
    "avg_vertex_degree": 8.608695652173912,
    "edge_order_std_dev": 1.5018269321969209,
    "edge_weight_std_dev": 5.551115123125783e-17,
    "induced_norm": 3.3166247903554007,
    "max_edge_order": 20,
    "max_edge_weight": 0.30151134457776363,
    "max_vertex_degree": 11,
    "min_edge_order": 18.13131313131313,
    "min_edge_weight": 0.30151134457776363,
    "n_qubits": 23,
    "total_pstrings": 11
}