{
    "avg_edge_order": 16,
    "avg_edge_weight": 0.27735009811261463,
    "avg_vertex_degree": 10.130434782608695,
    "edge_order_std_dev": 1.8533319913719155,
    "edge_weight_std_dev": 5.551115123125783e-17,
    "induced_norm": 3.6055512754639905,
    "max_edge_order": 21,
    "max_edge_weight": 0.2773500981126146,
    "max_vertex_degree": 13,
    "min_edge_order": 18.107296137339056,
    "min_edge_weight": 0.2773500981126146,
    "n_qubits": 23,
    "total_pstrings": 13
}