{
    "avg_edge_order": 13,
    "avg_edge_weight": 0.25819888974716104,
    "avg_vertex_degree": 11.347826086956522,
    "edge_order_std_dev": 2.3727768589692597,
    "edge_weight_std_dev": 5.551115123125783e-17,
    "induced_norm": 3.8729833462074152,
    "max_edge_order": 22,
    "max_edge_weight": 0.2581988897471611,
    "max_vertex_degree": 15,
    "min_edge_order": 17.71264367816092,
    "min_edge_weight": 0.2581988897471611,
    "n_qubits": 23,
    "total_pstrings": 15
}