{
    "avg_edge_order": 14,
    "avg_edge_weight": 0.24253562503633302,
    "avg_vertex_degree": 12.73913043478261,
    "edge_order_std_dev": 2.288909319291164,
    "edge_weight_std_dev": 5.551115123125783e-17,
    "induced_norm": 4.1231056256176615,
    "max_edge_order": 21,
    "max_edge_weight": 0.24253562503633297,
    "max_vertex_degree": 17,
    "min_edge_order": 17.525597269624573,
    "min_edge_weight": 0.24253562503633297,
    "n_qubits": 23,
    "total_pstrings": 17
}