{
    "avg_edge_order": 13,
    "avg_edge_weight": 0.23570226039551578,
    "avg_vertex_degree": 13.434782608695652,
    "edge_order_std_dev": 2.0452972020553886,
    "edge_weight_std_dev": 8.326672684688674e-17,
    "induced_norm": 4.242640687119284,
    "max_edge_order": 21,
    "max_edge_weight": 0.23570226039551587,
    "max_vertex_degree": 18,
    "min_edge_order": 17.40776699029126,
    "min_edge_weight": 0.23570226039551587,
    "n_qubits": 23,
    "total_pstrings": 18
}