{
    "avg_edge_order": 13,
    "avg_edge_weight": 0.2294157338705617,
    "avg_vertex_degree": 14.217391304347826,
    "edge_order_std_dev": 2.0550640744788717,
    "edge_weight_std_dev": 5.551115123125783e-17,
    "induced_norm": 4.358898943540672,
    "max_edge_order": 21,
    "max_edge_weight": 0.22941573387056174,
    "max_vertex_degree": 19,
    "min_edge_order": 17.452599388379205,
    "min_edge_weight": 0.22941573387056174,
    "n_qubits": 23,
    "total_pstrings": 19
}