{
    "avg_edge_order": 20,
    "avg_edge_weight": 0.7071067811865475,
    "avg_vertex_degree": 1.64,
    "edge_order_std_dev": 0.4998512568760781,
    "edge_weight_std_dev": 0.0,
    "induced_norm": 1.414213562373095,
    "max_edge_order": 21,
    "max_edge_weight": 0.7071067811865475,
    "max_vertex_degree": 2,
    "min_edge_order": 20.51219512195122,
    "min_edge_weight": 0.7071067811865475,
    "n_qubits": 25,
    "total_pstrings": 2
}