{
    "avg_edge_order": 18,
    "avg_edge_weight": 0.4082482904638631,
    "avg_vertex_degree": 4.76,
    "edge_order_std_dev": 1.8629325320075951,
    "edge_weight_std_dev": 0.0,
    "induced_norm": 2.4494897427831783,
    "max_edge_order": 22,
    "max_edge_weight": 0.4082482904638631,
    "max_vertex_degree": 6,
    "min_edge_order": 20.008403361344538,
    "min_edge_weight": 0.4082482904638631,
    "n_qubits": 25,
    "total_pstrings": 6
}