{
    "avg_edge_order": 17,
    "avg_edge_weight": 0.35355339059327373,
    "avg_vertex_degree": 6.36,
    "edge_order_std_dev": 1.494210442714943,
    "edge_weight_std_dev": 0.0,
    "induced_norm": 2.82842712474619,
    "max_edge_order": 22,
    "max_edge_weight": 0.35355339059327373,
    "max_vertex_degree": 8,
    "min_edge_order": 19.9937106918239,
    "min_edge_weight": 0.35355339059327373,
    "n_qubits": 25,
    "total_pstrings": 8
}