{
    "avg_edge_order": 17,
    "avg_edge_weight": 0.31622776601683794,
    "avg_vertex_degree": 7.88,
    "edge_order_std_dev": 1.7198910431594578,
    "edge_weight_std_dev": 0.0,
    "induced_norm": 3.1622776601683795,
    "max_edge_order": 22,
    "max_edge_weight": 0.31622776601683794,
    "max_vertex_degree": 10,
    "min_edge_order": 19.85279187817259,
    "min_edge_weight": 0.31622776601683794,
    "n_qubits": 25,
    "total_pstrings": 10
}