{
    "avg_edge_order": 16,
    "avg_edge_weight": 0.3015113445777637,
    "avg_vertex_degree": 8.6,
    "edge_order_std_dev": 1.8898607947911081,
    "edge_weight_std_dev": 5.551115123125783e-17,
    "induced_norm": 3.3166247903554007,
    "max_edge_order": 22,
    "max_edge_weight": 0.30151134457776363,
    "max_vertex_degree": 11,
    "min_edge_order": 19.73488372093023,
    "min_edge_weight": 0.30151134457776363,
    "n_qubits": 25,
    "total_pstrings": 11
}