{
    "avg_edge_order": 16,
    "avg_edge_weight": 0.288675134594813,
    "avg_vertex_degree": 9.32,
    "edge_order_std_dev": 1.7245209850774565,
    "edge_weight_std_dev": 5.551115123125783e-17,
    "induced_norm": 3.4641016151377557,
    "max_edge_order": 22,
    "max_edge_weight": 0.2886751345948129,
    "max_vertex_degree": 12,
    "min_edge_order": 19.57510729613734,
    "min_edge_weight": 0.2886751345948129,
    "n_qubits": 25,
    "total_pstrings": 12
}