{
    "avg_edge_order": 15,
    "avg_edge_weight": 0.26726124191242434,
    "avg_vertex_degree": 10.6,
    "edge_order_std_dev": 1.8654109254982707,
    "edge_weight_std_dev": 5.551115123125783e-17,
    "induced_norm": 3.7416573867739404,
    "max_edge_order": 22,
    "max_edge_weight": 0.2672612419124244,
    "max_vertex_degree": 14,
    "min_edge_order": 19.120754716981132,
    "min_edge_weight": 0.2672612419124244,
    "n_qubits": 25,
    "total_pstrings": 14
}