{
    "avg_edge_order": 6,
    "avg_edge_weight": 0.5773502691896258,
    "avg_vertex_degree": 2.4444444444444446,
    "edge_order_std_dev": 0.8907235428302467,
    "edge_weight_std_dev": 0.0,
    "induced_norm": 1.7320508075688776,
    "max_edge_order": 8,
    "max_edge_weight": 0.5773502691896258,
    "max_vertex_degree": 3,
    "min_edge_order": 7.454545454545454,
    "min_edge_weight": 0.5773502691896258,
    "n_qubits": 9,
    "total_pstrings": 3
}