{
    "avg_edge_order": 15,
    "avg_edge_weight": 0.2294157338705617,
    "avg_vertex_degree": 14.24,
    "edge_order_std_dev": 2.191659368267992,
    "edge_weight_std_dev": 5.551115123125783e-17,
    "induced_norm": 4.358898943540672,
    "max_edge_order": 22,
    "max_edge_weight": 0.22941573387056174,
    "max_vertex_degree": 18,
    "min_edge_order": 19.0,
    "min_edge_weight": 0.22941573387056174,
    "n_qubits": 25,
    "total_pstrings": 19
}