{
    "avg_edge_order": 20,
    "avg_edge_weight": 0.5773502691896258,
    "avg_vertex_degree": 2.423076923076923,
    "edge_order_std_dev": 1.2313460186931535,
    "edge_weight_std_dev": 0.0,
    "induced_norm": 1.7320508075688776,
    "max_edge_order": 23,
    "max_edge_weight": 0.5773502691896258,
    "max_vertex_degree": 3,
    "min_edge_order": 21.73846153846154,
    "min_edge_weight": 0.5773502691896258,
    "n_qubits": 27,
    "total_pstrings": 3
}