{
    "avg_edge_order": 20,
    "avg_edge_weight": 0.447213595499958,
    "avg_vertex_degree": 4.0,
    "edge_order_std_dev": 1.3447300992320064,
    "edge_weight_std_dev": 5.551115123125783e-17,
    "induced_norm": 2.23606797749979,
    "max_edge_order": 23,
    "max_edge_weight": 0.4472135954999579,
    "max_vertex_degree": 5,
    "min_edge_order": 21.685185185185187,
    "min_edge_weight": 0.4472135954999579,
    "n_qubits": 27,
    "total_pstrings": 5
}