{
    "avg_edge_order": 20,
    "avg_edge_weight": 0.4082482904638631,
    "avg_vertex_degree": 4.7407407407407405,
    "edge_order_std_dev": 1.5194057226429023,
    "edge_weight_std_dev": 0.0,
    "induced_norm": 2.4494897427831783,
    "max_edge_order": 24,
    "max_edge_weight": 0.4082482904638631,
    "max_vertex_degree": 6,
    "min_edge_order": 21.4375,
    "min_edge_weight": 0.4082482904638631,
    "n_qubits": 27,
    "total_pstrings": 6
}