{
    "avg_edge_order": 20,
    "avg_edge_weight": 0.35355339059327373,
    "avg_vertex_degree": 6.333333333333333,
    "edge_order_std_dev": 1.1186264765670477,
    "edge_weight_std_dev": 0.0,
    "induced_norm": 2.82842712474619,
    "max_edge_order": 23,
    "max_edge_weight": 0.35355339059327373,
    "max_vertex_degree": 8,
    "min_edge_order": 21.432748538011698,
    "min_edge_weight": 0.35355339059327373,
    "n_qubits": 27,
    "total_pstrings": 8
}