{
    "avg_edge_order": 20,
    "avg_edge_weight": 0.3333333333333333,
    "avg_vertex_degree": 7.074074074074074,
    "edge_order_std_dev": 1.2355577239348976,
    "edge_weight_std_dev": 0.0,
    "induced_norm": 3.0,
    "max_edge_order": 23,
    "max_edge_weight": 0.3333333333333333,
    "max_vertex_degree": 9,
    "min_edge_order": 21.293193717277486,
    "min_edge_weight": 0.3333333333333333,
    "n_qubits": 27,
    "total_pstrings": 9
}