{
    "avg_edge_order": 19,
    "avg_edge_weight": 0.31622776601683794,
    "avg_vertex_degree": 7.814814814814815,
    "edge_order_std_dev": 1.6422741265488092,
    "edge_weight_std_dev": 0.0,
    "induced_norm": 3.1622776601683795,
    "max_edge_order": 23,
    "max_edge_weight": 0.31622776601683794,
    "max_vertex_degree": 10,
    "min_edge_order": 21.22748815165877,
    "min_edge_weight": 0.31622776601683794,
    "n_qubits": 27,
    "total_pstrings": 10
}