{
    "avg_edge_order": 18,
    "avg_edge_weight": 0.3015113445777637,
    "avg_vertex_degree": 8.555555555555555,
    "edge_order_std_dev": 1.8095341659638569,
    "edge_weight_std_dev": 5.551115123125783e-17,
    "induced_norm": 3.3166247903554007,
    "max_edge_order": 24,
    "max_edge_weight": 0.30151134457776363,
    "max_vertex_degree": 11,
    "min_edge_order": 21.155844155844157,
    "min_edge_weight": 0.30151134457776363,
    "n_qubits": 27,
    "total_pstrings": 11
}