{
    "avg_edge_order": 18,
    "avg_edge_weight": 0.288675134594813,
    "avg_vertex_degree": 9.25925925925926,
    "edge_order_std_dev": 1.6658259212774886,
    "edge_weight_std_dev": 5.551115123125783e-17,
    "induced_norm": 3.4641016151377557,
    "max_edge_order": 23,
    "max_edge_weight": 0.2886751345948129,
    "max_vertex_degree": 12,
    "min_edge_order": 20.968,
    "min_edge_weight": 0.2886751345948129,
    "n_qubits": 27,
    "total_pstrings": 12
}