{
    "avg_edge_order": 15,
    "avg_edge_weight": 0.27735009811261463,
    "avg_vertex_degree": 9.851851851851851,
    "edge_order_std_dev": 2.328813100318641,
    "edge_weight_std_dev": 5.551115123125783e-17,
    "induced_norm": 3.6055512754639905,
    "max_edge_order": 24,
    "max_edge_weight": 0.2773500981126146,
    "max_vertex_degree": 13,
    "min_edge_order": 20.74436090225564,
    "min_edge_weight": 0.2773500981126146,
    "n_qubits": 27,
    "total_pstrings": 13
}