{
    "avg_edge_order": 16,
    "avg_edge_weight": 0.25819888974716104,
    "avg_vertex_degree": 11.333333333333334,
    "edge_order_std_dev": 2.2842552845806816,
    "edge_weight_std_dev": 5.551115123125783e-17,
    "induced_norm": 3.8729833462074152,
    "max_edge_order": 24,
    "max_edge_weight": 0.2581988897471611,
    "max_vertex_degree": 15,
    "min_edge_order": 20.66013071895425,
    "min_edge_weight": 0.2581988897471611,
    "n_qubits": 27,
    "total_pstrings": 15
}