{
    "avg_edge_order": 16,
    "avg_edge_weight": 0.24253562503633302,
    "avg_vertex_degree": 12.814814814814815,
    "edge_order_std_dev": 2.3130417311811375,
    "edge_weight_std_dev": 5.551115123125783e-17,
    "induced_norm": 4.1231056256176615,
    "max_edge_order": 24,
    "max_edge_weight": 0.24253562503633297,
    "max_vertex_degree": 16,
    "min_edge_order": 20.6242774566474,
    "min_edge_weight": 0.24253562503633297,
    "n_qubits": 27,
    "total_pstrings": 17
}