{
    "avg_edge_order": 16,
    "avg_edge_weight": 0.23570226039551578,
    "avg_vertex_degree": 13.444444444444445,
    "edge_order_std_dev": 2.5490743822552706,
    "edge_weight_std_dev": 8.326672684688674e-17,
    "induced_norm": 4.242640687119284,
    "max_edge_order": 25,
    "max_edge_weight": 0.23570226039551587,
    "max_vertex_degree": 17,
    "min_edge_order": 20.487603305785125,
    "min_edge_weight": 0.23570226039551587,
    "n_qubits": 27,
    "total_pstrings": 18
}