{
    "avg_edge_order": 16,
    "avg_edge_weight": 0.2294157338705617,
    "avg_vertex_degree": 14.296296296296296,
    "edge_order_std_dev": 2.406656272914244,
    "edge_weight_std_dev": 5.551115123125783e-17,
    "induced_norm": 4.358898943540672,
    "max_edge_order": 24,
    "max_edge_weight": 0.22941573387056174,
    "max_vertex_degree": 18,
    "min_edge_order": 20.61139896373057,
    "min_edge_weight": 0.22941573387056174,
    "n_qubits": 27,
    "total_pstrings": 19
}