{
    "avg_edge_order": 21,
    "avg_edge_weight": 0.5773502691896258,
    "avg_vertex_degree": 2.413793103448276,
    "edge_order_std_dev": 1.662061665399885,
    "edge_weight_std_dev": 0.0,
    "induced_norm": 1.7320508075688776,
    "max_edge_order": 25,
    "max_edge_weight": 0.5773502691896258,
    "max_vertex_degree": 3,
    "min_edge_order": 23.457142857142856,
    "min_edge_weight": 0.5773502691896258,
    "n_qubits": 29,
    "total_pstrings": 3
}