{
    "avg_edge_order": 21,
    "avg_edge_weight": 0.447213595499958,
    "avg_vertex_degree": 3.9655172413793105,
    "edge_order_std_dev": 1.4115376591954718,
    "edge_weight_std_dev": 5.551115123125783e-17,
    "induced_norm": 2.23606797749979,
    "max_edge_order": 25,
    "max_edge_weight": 0.4472135954999579,
    "max_vertex_degree": 5,
    "min_edge_order": 23.08695652173913,
    "min_edge_weight": 0.4472135954999579,
    "n_qubits": 29,
    "total_pstrings": 5
}