{
    "avg_edge_order": 21,
    "avg_edge_weight": 0.4082482904638631,
    "avg_vertex_degree": 4.724137931034483,
    "edge_order_std_dev": 1.3534193115645943,
    "edge_weight_std_dev": 0.0,
    "induced_norm": 2.4494897427831783,
    "max_edge_order": 25,
    "max_edge_weight": 0.4082482904638631,
    "max_vertex_degree": 6,
    "min_edge_order": 22.912408759124087,
    "min_edge_weight": 0.4082482904638631,
    "n_qubits": 29,
    "total_pstrings": 6
}