{
    "avg_edge_order": 21,
    "avg_edge_weight": 0.37796447300922725,
    "avg_vertex_degree": 5.586206896551724,
    "edge_order_std_dev": 1.4552722789510033,
    "edge_weight_std_dev": 5.551115123125783e-17,
    "induced_norm": 2.6457513110645907,
    "max_edge_order": 25,
    "max_edge_weight": 0.3779644730092272,
    "max_vertex_degree": 7,
    "min_edge_order": 23.234567901234566,
    "min_edge_weight": 0.3779644730092272,
    "n_qubits": 29,
    "total_pstrings": 7
}