{
    "avg_edge_order": 19,
    "avg_edge_weight": 0.35355339059327373,
    "avg_vertex_degree": 6.241379310344827,
    "edge_order_std_dev": 1.892150256621468,
    "edge_weight_std_dev": 0.0,
    "induced_norm": 2.82842712474619,
    "max_edge_order": 25,
    "max_edge_weight": 0.35355339059327373,
    "max_vertex_degree": 8,
    "min_edge_order": 22.790055248618785,
    "min_edge_weight": 0.35355339059327373,
    "n_qubits": 29,
    "total_pstrings": 8
}