{
    "avg_edge_order": 19,
    "avg_edge_weight": 0.3333333333333333,
    "avg_vertex_degree": 7.0344827586206895,
    "edge_order_std_dev": 1.7835324727929964,
    "edge_weight_std_dev": 0.0,
    "induced_norm": 3.0,
    "max_edge_order": 25,
    "max_edge_weight": 0.3333333333333333,
    "max_vertex_degree": 9,
    "min_edge_order": 22.813725490196077,
    "min_edge_weight": 0.3333333333333333,
    "n_qubits": 29,
    "total_pstrings": 9
}