{
    "avg_edge_order": 5,
    "avg_edge_weight": 0.4082482904638631,
    "avg_vertex_degree": 4.666666666666667,
    "edge_order_std_dev": 1.2688488185213551,
    "edge_weight_std_dev": 0.0,
    "induced_norm": 2.4494897427831783,
    "max_edge_order": 9,
    "max_edge_weight": 0.4082482904638631,
    "max_vertex_degree": 6,
    "min_edge_order": 7.238095238095238,
    "min_edge_weight": 0.4082482904638631,
    "n_qubits": 9,
    "total_pstrings": 6
}