{
    "avg_edge_order": 19,
    "avg_edge_weight": 0.31622776601683794,
    "avg_vertex_degree": 7.793103448275862,
    "edge_order_std_dev": 1.8363631499808437,
    "edge_weight_std_dev": 0.0,
    "induced_norm": 3.1622776601683795,
    "max_edge_order": 25,
    "max_edge_weight": 0.31622776601683794,
    "max_vertex_degree": 10,
    "min_edge_order": 22.75221238938053,
    "min_edge_weight": 0.31622776601683794,
    "n_qubits": 29,
    "total_pstrings": 10
}