{
    "avg_edge_order": 18,
    "avg_edge_weight": 0.288675134594813,
    "avg_vertex_degree": 9.068965517241379,
    "edge_order_std_dev": 1.8774108385930075,
    "edge_weight_std_dev": 5.551115123125783e-17,
    "induced_norm": 3.4641016151377557,
    "max_edge_order": 25,
    "max_edge_weight": 0.2886751345948129,
    "max_vertex_degree": 12,
    "min_edge_order": 22.08745247148289,
    "min_edge_weight": 0.2886751345948129,
    "n_qubits": 29,
    "total_pstrings": 12
}