{
    "avg_edge_order": 18,
    "avg_edge_weight": 0.27735009811261463,
    "avg_vertex_degree": 9.724137931034482,
    "edge_order_std_dev": 2.2333557426765696,
    "edge_weight_std_dev": 5.551115123125783e-17,
    "induced_norm": 3.6055512754639905,
    "max_edge_order": 26,
    "max_edge_weight": 0.2773500981126146,
    "max_vertex_degree": 13,
    "min_edge_order": 21.929078014184398,
    "min_edge_weight": 0.2773500981126146,
    "n_qubits": 29,
    "total_pstrings": 13
}