{
    "avg_edge_order": 18,
    "avg_edge_weight": 0.26726124191242434,
    "avg_vertex_degree": 10.586206896551724,
    "edge_order_std_dev": 2.4098599570238473,
    "edge_weight_std_dev": 5.551115123125783e-17,
    "induced_norm": 3.7416573867739404,
    "max_edge_order": 26,
    "max_edge_weight": 0.2672612419124244,
    "max_vertex_degree": 14,
    "min_edge_order": 22.19869706840391,
    "min_edge_weight": 0.2672612419124244,
    "n_qubits": 29,
    "total_pstrings": 14
}