{
    "avg_edge_order": 18,
    "avg_edge_weight": 0.25819888974716104,
    "avg_vertex_degree": 11.241379310344827,
    "edge_order_std_dev": 2.2427068244445714,
    "edge_weight_std_dev": 5.551115123125783e-17,
    "induced_norm": 3.8729833462074152,
    "max_edge_order": 25,
    "max_edge_weight": 0.2581988897471611,
    "max_vertex_degree": 15,
    "min_edge_order": 21.969325153374232,
    "min_edge_weight": 0.2581988897471611,
    "n_qubits": 29,
    "total_pstrings": 15
}