{
    "avg_edge_order": 17,
    "avg_edge_weight": 0.24253562503633302,
    "avg_vertex_degree": 12.724137931034482,
    "edge_order_std_dev": 2.3791506800942925,
    "edge_weight_std_dev": 5.551115123125783e-17,
    "induced_norm": 4.1231056256176615,
    "max_edge_order": 26,
    "max_edge_weight": 0.24253562503633297,
    "max_vertex_degree": 17,
    "min_edge_order": 21.97018970189702,
    "min_edge_weight": 0.24253562503633297,
    "n_qubits": 29,
    "total_pstrings": 17
}