{
    "avg_edge_order": 17,
    "avg_edge_weight": 0.23570226039551578,
    "avg_vertex_degree": 13.551724137931034,
    "edge_order_std_dev": 2.5152874467785815,
    "edge_weight_std_dev": 8.326672684688674e-17,
    "induced_norm": 4.242640687119284,
    "max_edge_order": 26,
    "max_edge_weight": 0.23570226039551587,
    "max_vertex_degree": 18,
    "min_edge_order": 22.129770992366414,
    "min_edge_weight": 0.23570226039551587,
    "n_qubits": 29,
    "total_pstrings": 18
}