{
    "avg_edge_order": 17,
    "avg_edge_weight": 0.2294157338705617,
    "avg_vertex_degree": 14.275862068965518,
    "edge_order_std_dev": 2.2786165022591884,
    "edge_weight_std_dev": 5.551115123125783e-17,
    "induced_norm": 4.358898943540672,
    "max_edge_order": 26,
    "max_edge_weight": 0.22941573387056174,
    "max_vertex_degree": 19,
    "min_edge_order": 22.033816425120772,
    "min_edge_weight": 0.22941573387056174,
    "n_qubits": 29,
    "total_pstrings": 19
}