{
    "avg_edge_order": 5,
    "avg_edge_weight": 0.37796447300922725,
    "avg_vertex_degree": 5.555555555555555,
    "edge_order_std_dev": 1.1959933110180843,
    "edge_weight_std_dev": 5.551115123125783e-17,
    "induced_norm": 2.6457513110645907,
    "max_edge_order": 9,
    "max_edge_weight": 0.3779644730092272,
    "max_vertex_degree": 7,
    "min_edge_order": 7.36,
    "min_edge_weight": 0.3779644730092272,
    "n_qubits": 9,
    "total_pstrings": 7
}