{
    "avg_edge_order": 24,
    "avg_edge_weight": 0.7071067811865475,
    "avg_vertex_degree": 1.6,
    "edge_order_std_dev": 0.4998958658741183,
    "edge_weight_std_dev": 0.0,
    "induced_norm": 1.414213562373095,
    "max_edge_order": 25,
    "max_edge_weight": 0.7071067811865475,
    "max_vertex_degree": 2,
    "min_edge_order": 24.510204081632654,
    "min_edge_weight": 0.7071067811865475,
    "n_qubits": 31,
    "total_pstrings": 2
}