{
    "avg_edge_order": 23,
    "avg_edge_weight": 0.4082482904638631,
    "avg_vertex_degree": 4.806451612903226,
    "edge_order_std_dev": 1.2048054765004907,
    "edge_weight_std_dev": 0.0,
    "induced_norm": 2.4494897427831783,
    "max_edge_order": 26,
    "max_edge_weight": 0.4082482904638631,
    "max_vertex_degree": 6,
    "min_edge_order": 24.892617449664428,
    "min_edge_weight": 0.4082482904638631,
    "n_qubits": 31,
    "total_pstrings": 6
}