{
    "avg_edge_order": 23,
    "avg_edge_weight": 0.37796447300922725,
    "avg_vertex_degree": 5.548387096774194,
    "edge_order_std_dev": 1.293209372584835,
    "edge_weight_std_dev": 5.551115123125783e-17,
    "induced_norm": 2.6457513110645907,
    "max_edge_order": 26,
    "max_edge_weight": 0.3779644730092272,
    "max_vertex_degree": 7,
    "min_edge_order": 24.63953488372093,
    "min_edge_weight": 0.3779644730092272,
    "n_qubits": 31,
    "total_pstrings": 7
}