{
    "avg_edge_order": 23,
    "avg_edge_weight": 0.3333333333333333,
    "avg_vertex_degree": 7.032258064516129,
    "edge_order_std_dev": 1.3292941652861539,
    "edge_weight_std_dev": 0.0,
    "induced_norm": 3.0,
    "max_edge_order": 26,
    "max_edge_weight": 0.3333333333333333,
    "max_vertex_degree": 9,
    "min_edge_order": 24.293577981651374,
    "min_edge_weight": 0.3333333333333333,
    "n_qubits": 31,
    "total_pstrings": 9
}