{
    "avg_edge_order": 21,
    "avg_edge_weight": 0.31622776601683794,
    "avg_vertex_degree": 7.741935483870968,
    "edge_order_std_dev": 1.9684843295173964,
    "edge_weight_std_dev": 0.0,
    "induced_norm": 3.1622776601683795,
    "max_edge_order": 27,
    "max_edge_weight": 0.31622776601683794,
    "max_vertex_degree": 10,
    "min_edge_order": 24.158333333333335,
    "min_edge_weight": 0.31622776601683794,
    "n_qubits": 31,
    "total_pstrings": 10
}