{
    "avg_edge_order": 5,
    "avg_edge_weight": 0.35355339059327373,
    "avg_vertex_degree": 6.333333333333333,
    "edge_order_std_dev": 1.1263649767911947,
    "edge_weight_std_dev": 0.0,
    "induced_norm": 2.82842712474619,
    "max_edge_order": 9,
    "max_edge_weight": 0.35355339059327373,
    "max_vertex_degree": 8,
    "min_edge_order": 7.315789473684211,
    "min_edge_weight": 0.35355339059327373,
    "n_qubits": 9,
    "total_pstrings": 8
}