{
    "avg_edge_order": 19,
    "avg_edge_weight": 0.288675134594813,
    "avg_vertex_degree": 9.03225806451613,
    "edge_order_std_dev": 2.4721303710420615,
    "edge_weight_std_dev": 5.551115123125783e-17,
    "induced_norm": 3.4641016151377557,
    "max_edge_order": 27,
    "max_edge_weight": 0.2886751345948129,
    "max_vertex_degree": 11,
    "min_edge_order": 23.6,
    "min_edge_weight": 0.2886751345948129,
    "n_qubits": 31,
    "total_pstrings": 12
}