{
    "avg_edge_order": 19,
    "avg_edge_weight": 0.27735009811261463,
    "avg_vertex_degree": 9.806451612903226,
    "edge_order_std_dev": 2.516015184765844,
    "edge_weight_std_dev": 5.551115123125783e-17,
    "induced_norm": 3.6055512754639905,
    "max_edge_order": 27,
    "max_edge_weight": 0.2773500981126146,
    "max_vertex_degree": 12,
    "min_edge_order": 23.657894736842106,
    "min_edge_weight": 0.2773500981126146,
    "n_qubits": 31,
    "total_pstrings": 13
}