{
    "avg_edge_order": 19,
    "avg_edge_weight": 0.26726124191242434,
    "avg_vertex_degree": 10.483870967741936,
    "edge_order_std_dev": 2.519577310281472,
    "edge_weight_std_dev": 5.551115123125783e-17,
    "induced_norm": 3.7416573867739404,
    "max_edge_order": 27,
    "max_edge_weight": 0.2672612419124244,
    "max_vertex_degree": 13,
    "min_edge_order": 23.486153846153847,
    "min_edge_weight": 0.2672612419124244,
    "n_qubits": 31,
    "total_pstrings": 14
}