{
    "avg_edge_order": 19,
    "avg_edge_weight": 0.23570226039551578,
    "avg_vertex_degree": 13.548387096774194,
    "edge_order_std_dev": 2.379756842701685,
    "edge_weight_std_dev": 8.326672684688674e-17,
    "induced_norm": 4.242640687119284,
    "max_edge_order": 28,
    "max_edge_weight": 0.23570226039551587,
    "max_vertex_degree": 17,
    "min_edge_order": 23.576190476190476,
    "min_edge_weight": 0.23570226039551587,
    "n_qubits": 31,
    "total_pstrings": 18
}