{
    "avg_edge_order": 19,
    "avg_edge_weight": 0.2294157338705617,
    "avg_vertex_degree": 14.290322580645162,
    "edge_order_std_dev": 2.281527262942481,
    "edge_weight_std_dev": 5.551115123125783e-17,
    "induced_norm": 4.358898943540672,
    "max_edge_order": 27,
    "max_edge_weight": 0.22941573387056174,
    "max_vertex_degree": 18,
    "min_edge_order": 23.54176072234763,
    "min_edge_weight": 0.22941573387056174,
    "n_qubits": 31,
    "total_pstrings": 19
}