{
    "avg_edge_order": 26,
    "avg_edge_weight": 0.7071067811865475,
    "avg_vertex_degree": 1.606060606060606,
    "edge_order_std_dev": 0.49991099243365156,
    "edge_weight_std_dev": 0.0,
    "induced_norm": 1.414213562373095,
    "max_edge_order": 27,
    "max_edge_weight": 0.7071067811865475,
    "max_vertex_degree": 2,
    "min_edge_order": 26.50943396226415,
    "min_edge_weight": 0.7071067811865475,
    "n_qubits": 33,
    "total_pstrings": 2
}