{
    "avg_edge_order": 26,
    "avg_edge_weight": 0.5773502691896258,
    "avg_vertex_degree": 2.4545454545454546,
    "edge_order_std_dev": 0.8161231546191802,
    "edge_weight_std_dev": 0.0,
    "induced_norm": 1.7320508075688776,
    "max_edge_order": 28,
    "max_edge_weight": 0.5773502691896258,
    "max_vertex_degree": 3,
    "min_edge_order": 27.02469135802469,
    "min_edge_weight": 0.5773502691896258,
    "n_qubits": 33,
    "total_pstrings": 3
}