{
    "avg_edge_order": 5,
    "avg_edge_weight": 0.3333333333333333,
    "avg_vertex_degree": 7.222222222222222,
    "edge_order_std_dev": 1.0784604411275005,
    "edge_weight_std_dev": 0.0,
    "induced_norm": 3.0,
    "max_edge_order": 9,
    "max_edge_weight": 0.3333333333333333,
    "max_vertex_degree": 9,
    "min_edge_order": 7.4,
    "min_edge_weight": 0.3333333333333333,
    "n_qubits": 9,
    "total_pstrings": 9
}