{
    "avg_edge_order": 24,
    "avg_edge_weight": 0.447213595499958,
    "avg_vertex_degree": 3.9696969696969697,
    "edge_order_std_dev": 1.5952920070041854,
    "edge_weight_std_dev": 5.551115123125783e-17,
    "induced_norm": 2.23606797749979,
    "max_edge_order": 28,
    "max_edge_weight": 0.4472135954999579,
    "max_vertex_degree": 5,
    "min_edge_order": 26.297709923664122,
    "min_edge_weight": 0.4472135954999579,
    "n_qubits": 33,
    "total_pstrings": 5
}