{
    "avg_edge_order": 24,
    "avg_edge_weight": 0.4082482904638631,
    "avg_vertex_degree": 4.787878787878788,
    "edge_order_std_dev": 1.8022311653974599,
    "edge_weight_std_dev": 0.0,
    "induced_norm": 2.4494897427831783,
    "max_edge_order": 29,
    "max_edge_weight": 0.4082482904638631,
    "max_vertex_degree": 6,
    "min_edge_order": 26.455696202531644,
    "min_edge_weight": 0.4082482904638631,
    "n_qubits": 33,
    "total_pstrings": 6
}