{
    "avg_edge_order": 23,
    "avg_edge_weight": 0.35355339059327373,
    "avg_vertex_degree": 6.242424242424242,
    "edge_order_std_dev": 2.0461035483126397,
    "edge_weight_std_dev": 0.0,
    "induced_norm": 2.82842712474619,
    "max_edge_order": 29,
    "max_edge_weight": 0.35355339059327373,
    "max_vertex_degree": 8,
    "min_edge_order": 25.9126213592233,
    "min_edge_weight": 0.35355339059327373,
    "n_qubits": 33,
    "total_pstrings": 8
}