{
    "avg_edge_order": 23,
    "avg_edge_weight": 0.31622776601683794,
    "avg_vertex_degree": 7.7272727272727275,
    "edge_order_std_dev": 2.1866534446951644,
    "edge_weight_std_dev": 0.0,
    "induced_norm": 3.1622776601683795,
    "max_edge_order": 29,
    "max_edge_weight": 0.31622776601683794,
    "max_vertex_degree": 10,
    "min_edge_order": 25.68235294117647,
    "min_edge_weight": 0.31622776601683794,
    "n_qubits": 33,
    "total_pstrings": 10
}