{
    "avg_edge_order": 2,
    "avg_edge_weight": 0.5773502691896258,
    "avg_vertex_degree": 2.3333333333333335,
    "clustering_coefficient": 0.7937005259840998,
    "edge_order_std_dev": 0.49487165930539345,
    "edge_weight_std_dev": 0.0,
    "induced_norm": 1.7320508075688776,
    "max_edge_order": 3,
    "max_edge_weight": 0.5773502691896258,
    "max_vertex_degree": 3,
    "min_edge_order": 2.4285714285714284,
    "min_edge_weight": 0.5773502691896258,
    "n_qubits": 3,
    "total_pstrings": 3
}