{
    "avg_edge_order": 8,
    "avg_edge_weight": 0.7071067811865475,
    "avg_vertex_degree": 1.6,
    "edge_order_std_dev": 0.9938079899999064,
    "edge_weight_std_dev": 0.0,
    "induced_norm": 1.414213562373095,
    "max_edge_order": 10,
    "max_edge_weight": 0.7071067811865475,
    "max_vertex_degree": 2,
    "min_edge_order": 9.11111111111111,
    "min_edge_weight": 0.7071067811865475,
    "n_qubits": 11,
    "total_pstrings": 2
}