{
    "avg_edge_order": 21,
    "avg_edge_weight": 0.26726124191242434,
    "avg_vertex_degree": 10.575757575757576,
    "edge_order_std_dev": 2.820721535302808,
    "edge_weight_std_dev": 5.551115123125783e-17,
    "induced_norm": 3.7416573867739404,
    "max_edge_order": 29,
    "max_edge_weight": 0.2672612419124244,
    "max_vertex_degree": 14,
    "min_edge_order": 25.24641833810888,
    "min_edge_weight": 0.2672612419124244,
    "n_qubits": 33,
    "total_pstrings": 14
}