{
    "avg_edge_order": 21,
    "avg_edge_weight": 0.25819888974716104,
    "avg_vertex_degree": 11.212121212121213,
    "edge_order_std_dev": 2.757599235337128,
    "edge_weight_std_dev": 5.551115123125783e-17,
    "induced_norm": 3.8729833462074152,
    "max_edge_order": 29,
    "max_edge_weight": 0.2581988897471611,
    "max_vertex_degree": 14,
    "min_edge_order": 24.967567567567567,
    "min_edge_weight": 0.2581988897471611,
    "n_qubits": 33,
    "total_pstrings": 15
}