{
    "avg_edge_order": 20,
    "avg_edge_weight": 0.23570226039551578,
    "avg_vertex_degree": 13.575757575757576,
    "edge_order_std_dev": 2.0528676977435194,
    "edge_weight_std_dev": 8.326672684688674e-17,
    "induced_norm": 4.242640687119284,
    "max_edge_order": 28,
    "max_edge_weight": 0.23570226039551587,
    "max_vertex_degree": 16,
    "min_edge_order": 25.066964285714285,
    "min_edge_weight": 0.23570226039551587,
    "n_qubits": 33,
    "total_pstrings": 18
}