{
    "avg_edge_order": 19,
    "avg_edge_weight": 0.2294157338705617,
    "avg_vertex_degree": 14.333333333333334,
    "edge_order_std_dev": 2.0352392539686663,
    "edge_weight_std_dev": 5.551115123125783e-17,
    "induced_norm": 4.358898943540672,
    "max_edge_order": 28,
    "max_edge_weight": 0.22941573387056174,
    "max_vertex_degree": 17,
    "min_edge_order": 25.076109936575055,
    "min_edge_weight": 0.22941573387056174,
    "n_qubits": 33,
    "total_pstrings": 19
}