{
    "avg_edge_order": 27,
    "avg_edge_weight": 0.7071067811865475,
    "avg_vertex_degree": 1.6176470588235294,
    "edge_order_std_dev": 0.9993620414023731,
    "edge_weight_std_dev": 0.0,
    "induced_norm": 1.414213562373095,
    "max_edge_order": 29,
    "max_edge_weight": 0.7071067811865475,
    "max_vertex_degree": 2,
    "min_edge_order": 28.035714285714285,
    "min_edge_weight": 0.7071067811865475,
    "n_qubits": 35,
    "total_pstrings": 2
}