{
    "avg_edge_order": 27,
    "avg_edge_weight": 0.5773502691896258,
    "avg_vertex_degree": 2.4857142857142858,
    "edge_order_std_dev": 1.6304021357698528,
    "edge_weight_std_dev": 0.0,
    "induced_norm": 1.7320508075688776,
    "max_edge_order": 31,
    "max_edge_weight": 0.5773502691896258,
    "max_vertex_degree": 3,
    "min_edge_order": 29.091954022988507,
    "min_edge_weight": 0.5773502691896258,
    "n_qubits": 35,
    "total_pstrings": 3
}