{
    "avg_edge_order": 23,
    "avg_edge_weight": 0.447213595499958,
    "avg_vertex_degree": 3.942857142857143,
    "edge_order_std_dev": 2.7268723490903586,
    "edge_weight_std_dev": 5.551115123125783e-17,
    "induced_norm": 2.23606797749979,
    "max_edge_order": 31,
    "max_edge_weight": 0.4472135954999579,
    "max_vertex_degree": 5,
    "min_edge_order": 27.884057971014492,
    "min_edge_weight": 0.4472135954999579,
    "n_qubits": 35,
    "total_pstrings": 5
}