{
    "avg_edge_order": 8,
    "avg_edge_weight": 0.5773502691896258,
    "avg_vertex_degree": 2.4545454545454546,
    "edge_order_std_dev": 0.8131295703740796,
    "edge_weight_std_dev": 0.0,
    "induced_norm": 1.7320508075688776,
    "max_edge_order": 10,
    "max_edge_weight": 0.5773502691896258,
    "max_vertex_degree": 3,
    "min_edge_order": 9.074074074074074,
    "min_edge_weight": 0.5773502691896258,
    "n_qubits": 11,
    "total_pstrings": 3
}