{
    "avg_edge_order": 23,
    "avg_edge_weight": 0.4082482904638631,
    "avg_vertex_degree": 4.771428571428571,
    "edge_order_std_dev": 2.2833773006587754,
    "edge_weight_std_dev": 0.0,
    "induced_norm": 2.4494897427831783,
    "max_edge_order": 30,
    "max_edge_weight": 0.4082482904638631,
    "max_vertex_degree": 6,
    "min_edge_order": 28.04191616766467,
    "min_edge_weight": 0.4082482904638631,
    "n_qubits": 35,
    "total_pstrings": 6
}