{
    "avg_edge_order": 24,
    "avg_edge_weight": 0.35355339059327373,
    "avg_vertex_degree": 6.257142857142857,
    "edge_order_std_dev": 1.699709972475887,
    "edge_weight_std_dev": 0.0,
    "induced_norm": 2.82842712474619,
    "max_edge_order": 30,
    "max_edge_weight": 0.35355339059327373,
    "max_vertex_degree": 8,
    "min_edge_order": 27.484018264840184,
    "min_edge_weight": 0.35355339059327373,
    "n_qubits": 35,
    "total_pstrings": 8
}