{
    "avg_edge_order": 23,
    "avg_edge_weight": 0.3333333333333333,
    "avg_vertex_degree": 6.914285714285715,
    "edge_order_std_dev": 1.7272529557174405,
    "edge_weight_std_dev": 0.0,
    "induced_norm": 3.0,
    "max_edge_order": 29,
    "max_edge_weight": 0.3333333333333333,
    "max_vertex_degree": 9,
    "min_edge_order": 27.00826446280992,
    "min_edge_weight": 0.3333333333333333,
    "n_qubits": 35,
    "total_pstrings": 9
}