{
    "avg_edge_order": 23,
    "avg_edge_weight": 0.31622776601683794,
    "avg_vertex_degree": 7.6,
    "edge_order_std_dev": 2.1515455045420735,
    "edge_weight_std_dev": 0.0,
    "induced_norm": 3.1622776601683795,
    "max_edge_order": 30,
    "max_edge_weight": 0.31622776601683794,
    "max_vertex_degree": 10,
    "min_edge_order": 26.781954887218046,
    "min_edge_weight": 0.31622776601683794,
    "n_qubits": 35,
    "total_pstrings": 10
}