{
    "avg_edge_order": 23,
    "avg_edge_weight": 0.3015113445777637,
    "avg_vertex_degree": 8.257142857142858,
    "edge_order_std_dev": 2.2228272438332355,
    "edge_weight_std_dev": 5.551115123125783e-17,
    "induced_norm": 3.3166247903554007,
    "max_edge_order": 30,
    "max_edge_weight": 0.30151134457776363,
    "max_vertex_degree": 11,
    "min_edge_order": 26.46712802768166,
    "min_edge_weight": 0.30151134457776363,
    "n_qubits": 35,
    "total_pstrings": 11
}