{
    "avg_edge_order": 22,
    "avg_edge_weight": 0.288675134594813,
    "avg_vertex_degree": 9.057142857142857,
    "edge_order_std_dev": 2.3236217043306664,
    "edge_weight_std_dev": 5.551115123125783e-17,
    "induced_norm": 3.4641016151377557,
    "max_edge_order": 30,
    "max_edge_weight": 0.2886751345948129,
    "max_vertex_degree": 12,
    "min_edge_order": 26.634069400630914,
    "min_edge_weight": 0.2886751345948129,
    "n_qubits": 35,
    "total_pstrings": 12
}