{
    "avg_edge_order": 22,
    "avg_edge_weight": 0.27735009811261463,
    "avg_vertex_degree": 9.771428571428572,
    "edge_order_std_dev": 2.366470932043498,
    "edge_weight_std_dev": 5.551115123125783e-17,
    "induced_norm": 3.6055512754639905,
    "max_edge_order": 31,
    "max_edge_weight": 0.2773500981126146,
    "max_vertex_degree": 12,
    "min_edge_order": 26.526315789473685,
    "min_edge_weight": 0.2773500981126146,
    "n_qubits": 35,
    "total_pstrings": 13
}