{
    "avg_edge_order": 22,
    "avg_edge_weight": 0.25819888974716104,
    "avg_vertex_degree": 11.314285714285715,
    "edge_order_std_dev": 2.1556133018876005,
    "edge_weight_std_dev": 5.551115123125783e-17,
    "induced_norm": 3.8729833462074152,
    "max_edge_order": 30,
    "max_edge_weight": 0.2581988897471611,
    "max_vertex_degree": 14,
    "min_edge_order": 26.585858585858585,
    "min_edge_weight": 0.2581988897471611,
    "n_qubits": 35,
    "total_pstrings": 15
}