{
    "avg_edge_order": 23,
    "avg_edge_weight": 0.24253562503633302,
    "avg_vertex_degree": 12.82857142857143,
    "edge_order_std_dev": 2.2094349435608045,
    "edge_weight_std_dev": 5.551115123125783e-17,
    "induced_norm": 4.1231056256176615,
    "max_edge_order": 30,
    "max_edge_weight": 0.24253562503633297,
    "max_vertex_degree": 16,
    "min_edge_order": 26.599109131403118,
    "min_edge_weight": 0.24253562503633297,
    "n_qubits": 35,
    "total_pstrings": 17
}