{
    "avg_edge_order": 23,
    "avg_edge_weight": 0.23570226039551578,
    "avg_vertex_degree": 13.6,
    "edge_order_std_dev": 1.9876481086660946,
    "edge_weight_std_dev": 8.326672684688674e-17,
    "induced_norm": 4.242640687119284,
    "max_edge_order": 30,
    "max_edge_weight": 0.23570226039551587,
    "max_vertex_degree": 17,
    "min_edge_order": 26.596638655462186,
    "min_edge_weight": 0.23570226039551587,
    "n_qubits": 35,
    "total_pstrings": 18
}