{
    "avg_edge_order": 23,
    "avg_edge_weight": 0.2294157338705617,
    "avg_vertex_degree": 14.285714285714286,
    "edge_order_std_dev": 1.9771130468438047,
    "edge_weight_std_dev": 5.551115123125783e-17,
    "induced_norm": 4.358898943540672,
    "max_edge_order": 29,
    "max_edge_weight": 0.22941573387056174,
    "max_vertex_degree": 17,
    "min_edge_order": 26.468,
    "min_edge_weight": 0.22941573387056174,
    "n_qubits": 35,
    "total_pstrings": 19
}