{
    "avg_edge_order": 29,
    "avg_edge_weight": 0.7071067811865475,
    "avg_vertex_degree": 1.6111111111111112,
    "edge_order_std_dev": 0.9994442900376626,
    "edge_weight_std_dev": 0.0,
    "induced_norm": 1.414213562373095,
    "max_edge_order": 31,
    "max_edge_weight": 0.7071067811865475,
    "max_vertex_degree": 2,
    "min_edge_order": 30.033333333333335,
    "min_edge_weight": 0.7071067811865475,
    "n_qubits": 37,
    "total_pstrings": 2
}