{
    "avg_edge_order": 29,
    "avg_edge_weight": 0.5773502691896258,
    "avg_vertex_degree": 2.4324324324324325,
    "edge_order_std_dev": 0.8161941187647546,
    "edge_weight_std_dev": 0.0,
    "induced_norm": 1.7320508075688776,
    "max_edge_order": 31,
    "max_edge_weight": 0.5773502691896258,
    "max_vertex_degree": 3,
    "min_edge_order": 30.022222222222222,
    "min_edge_weight": 0.5773502691896258,
    "n_qubits": 37,
    "total_pstrings": 3
}