{
    "avg_edge_order": 28,
    "avg_edge_weight": 0.4082482904638631,
    "avg_vertex_degree": 4.756756756756757,
    "edge_order_std_dev": 1.4024311093700557,
    "edge_weight_std_dev": 0.0,
    "induced_norm": 2.4494897427831783,
    "max_edge_order": 32,
    "max_edge_weight": 0.4082482904638631,
    "max_vertex_degree": 6,
    "min_edge_order": 29.397727272727273,
    "min_edge_weight": 0.4082482904638631,
    "n_qubits": 37,
    "total_pstrings": 6
}