{
    "avg_edge_order": 7,
    "avg_edge_weight": 0.447213595499958,
    "avg_vertex_degree": 3.909090909090909,
    "edge_order_std_dev": 1.4184140169280846,
    "edge_weight_std_dev": 5.551115123125783e-17,
    "induced_norm": 2.23606797749979,
    "max_edge_order": 11,
    "max_edge_weight": 0.4472135954999579,
    "max_vertex_degree": 5,
    "min_edge_order": 8.813953488372093,
    "min_edge_weight": 0.4472135954999579,
    "n_qubits": 11,
    "total_pstrings": 5
}