{
    "avg_edge_order": 26,
    "avg_edge_weight": 0.35355339059327373,
    "avg_vertex_degree": 6.243243243243243,
    "edge_order_std_dev": 1.674670163097649,
    "edge_weight_std_dev": 0.0,
    "induced_norm": 2.82842712474619,
    "max_edge_order": 31,
    "max_edge_weight": 0.35355339059327373,
    "max_vertex_degree": 8,
    "min_edge_order": 28.974025974025974,
    "min_edge_weight": 0.35355339059327373,
    "n_qubits": 37,
    "total_pstrings": 8
}