{
    "avg_edge_order": 26,
    "avg_edge_weight": 0.3333333333333333,
    "avg_vertex_degree": 6.945945945945946,
    "edge_order_std_dev": 1.8234793217620595,
    "edge_weight_std_dev": 0.0,
    "induced_norm": 3.0,
    "max_edge_order": 31,
    "max_edge_weight": 0.3333333333333333,
    "max_vertex_degree": 9,
    "min_edge_order": 28.673151750972764,
    "min_edge_weight": 0.3333333333333333,
    "n_qubits": 37,
    "total_pstrings": 9
}