{
    "avg_edge_order": 23,
    "avg_edge_weight": 0.31622776601683794,
    "avg_vertex_degree": 7.5675675675675675,
    "edge_order_std_dev": 2.592916174062379,
    "edge_weight_std_dev": 0.0,
    "induced_norm": 3.1622776601683795,
    "max_edge_order": 32,
    "max_edge_weight": 0.31622776601683794,
    "max_vertex_degree": 10,
    "min_edge_order": 28.25,
    "min_edge_weight": 0.31622776601683794,
    "n_qubits": 37,
    "total_pstrings": 10
}