{
    "avg_edge_order": 23,
    "avg_edge_weight": 0.3015113445777637,
    "avg_vertex_degree": 8.297297297297296,
    "edge_order_std_dev": 2.4650815012310416,
    "edge_weight_std_dev": 5.551115123125783e-17,
    "induced_norm": 3.3166247903554007,
    "max_edge_order": 32,
    "max_edge_weight": 0.30151134457776363,
    "max_vertex_degree": 11,
    "min_edge_order": 28.133550488599347,
    "min_edge_weight": 0.30151134457776363,
    "n_qubits": 37,
    "total_pstrings": 11
}