{
    "avg_edge_order": 24,
    "avg_edge_weight": 0.288675134594813,
    "avg_vertex_degree": 9.027027027027026,
    "edge_order_std_dev": 2.417137648569859,
    "edge_weight_std_dev": 5.551115123125783e-17,
    "induced_norm": 3.4641016151377557,
    "max_edge_order": 32,
    "max_edge_weight": 0.2886751345948129,
    "max_vertex_degree": 12,
    "min_edge_order": 28.04191616766467,
    "min_edge_weight": 0.2886751345948129,
    "n_qubits": 37,
    "total_pstrings": 12
}