{
    "avg_edge_order": 23,
    "avg_edge_weight": 0.26726124191242434,
    "avg_vertex_degree": 10.594594594594595,
    "edge_order_std_dev": 2.1845792513943416,
    "edge_weight_std_dev": 5.551115123125783e-17,
    "induced_norm": 3.7416573867739404,
    "max_edge_order": 31,
    "max_edge_weight": 0.2672612419124244,
    "max_vertex_degree": 13,
    "min_edge_order": 28.183673469387756,
    "min_edge_weight": 0.2672612419124244,
    "n_qubits": 37,
    "total_pstrings": 14
}