{
    "avg_edge_order": 23,
    "avg_edge_weight": 0.25819888974716104,
    "avg_vertex_degree": 11.297297297297296,
    "edge_order_std_dev": 2.1069099692131026,
    "edge_weight_std_dev": 5.551115123125783e-17,
    "induced_norm": 3.8729833462074152,
    "max_edge_order": 31,
    "max_edge_weight": 0.2581988897471611,
    "max_vertex_degree": 14,
    "min_edge_order": 28.033492822966508,
    "min_edge_weight": 0.2581988897471611,
    "n_qubits": 37,
    "total_pstrings": 15
}