{
    "avg_edge_order": 7,
    "avg_edge_weight": 0.4082482904638631,
    "avg_vertex_degree": 4.818181818181818,
    "edge_order_std_dev": 1.3592765022134243,
    "edge_weight_std_dev": 0.0,
    "induced_norm": 2.4494897427831783,
    "max_edge_order": 11,
    "max_edge_weight": 0.4082482904638631,
    "max_vertex_degree": 6,
    "min_edge_order": 9.037735849056604,
    "min_edge_weight": 0.4082482904638631,
    "n_qubits": 11,
    "total_pstrings": 6
}