{
    "avg_edge_order": 22,
    "avg_edge_weight": 0.23570226039551578,
    "avg_vertex_degree": 13.54054054054054,
    "edge_order_std_dev": 2.0643335636132805,
    "edge_weight_std_dev": 8.326672684688674e-17,
    "induced_norm": 4.242640687119284,
    "max_edge_order": 31,
    "max_edge_weight": 0.23570226039551587,
    "max_vertex_degree": 17,
    "min_edge_order": 27.998003992015967,
    "min_edge_weight": 0.23570226039551587,
    "n_qubits": 37,
    "total_pstrings": 18
}