{
    "avg_edge_order": 22,
    "avg_edge_weight": 0.2294157338705617,
    "avg_vertex_degree": 14.324324324324325,
    "edge_order_std_dev": 2.2004918703194787,
    "edge_weight_std_dev": 5.551115123125783e-17,
    "induced_norm": 4.358898943540672,
    "max_edge_order": 31,
    "max_edge_weight": 0.22941573387056174,
    "max_vertex_degree": 18,
    "min_edge_order": 28.08301886792453,
    "min_edge_weight": 0.22941573387056174,
    "n_qubits": 37,
    "total_pstrings": 19
}