{
    "avg_edge_order": 31,
    "avg_edge_weight": 0.7071067811865475,
    "avg_vertex_degree": 1.6216216216216217,
    "edge_order_std_dev": 0.9995115994824673,
    "edge_weight_std_dev": 0.0,
    "induced_norm": 1.414213562373095,
    "max_edge_order": 33,
    "max_edge_weight": 0.7071067811865475,
    "max_vertex_degree": 2,
    "min_edge_order": 32.03125,
    "min_edge_weight": 0.7071067811865475,
    "n_qubits": 39,
    "total_pstrings": 2
}