{
    "avg_edge_order": 29,
    "avg_edge_weight": 0.5773502691896258,
    "avg_vertex_degree": 2.3684210526315788,
    "edge_order_std_dev": 1.630725901946569,
    "edge_weight_std_dev": 0.0,
    "induced_norm": 1.7320508075688776,
    "max_edge_order": 33,
    "max_edge_weight": 0.5773502691896258,
    "max_vertex_degree": 3,
    "min_edge_order": 31.086021505376344,
    "min_edge_weight": 0.5773502691896258,
    "n_qubits": 39,
    "total_pstrings": 3
}