{
    "avg_edge_order": 28,
    "avg_edge_weight": 0.447213595499958,
    "avg_vertex_degree": 4.0256410256410255,
    "edge_order_std_dev": 1.7974427496172576,
    "edge_weight_std_dev": 5.551115123125783e-17,
    "induced_norm": 2.23606797749979,
    "max_edge_order": 33,
    "max_edge_weight": 0.4472135954999579,
    "max_vertex_degree": 5,
    "min_edge_order": 31.50955414012739,
    "min_edge_weight": 0.4472135954999579,
    "n_qubits": 39,
    "total_pstrings": 5
}