{
    "avg_edge_order": 27,
    "avg_edge_weight": 0.4082482904638631,
    "avg_vertex_degree": 4.717948717948718,
    "edge_order_std_dev": 2.0925818659695246,
    "edge_weight_std_dev": 0.0,
    "induced_norm": 2.4494897427831783,
    "max_edge_order": 33,
    "max_edge_weight": 0.4082482904638631,
    "max_vertex_degree": 6,
    "min_edge_order": 30.815217391304348,
    "min_edge_weight": 0.4082482904638631,
    "n_qubits": 39,
    "total_pstrings": 6
}