{
    "avg_edge_order": 26,
    "avg_edge_weight": 0.37796447300922725,
    "avg_vertex_degree": 5.461538461538462,
    "edge_order_std_dev": 2.131414034468637,
    "edge_weight_std_dev": 5.551115123125783e-17,
    "induced_norm": 2.6457513110645907,
    "max_edge_order": 33,
    "max_edge_weight": 0.3779644730092272,
    "max_vertex_degree": 7,
    "min_edge_order": 30.586854460093896,
    "min_edge_weight": 0.3779644730092272,
    "n_qubits": 39,
    "total_pstrings": 7
}