{
    "avg_edge_order": 27,
    "avg_edge_weight": 0.35355339059327373,
    "avg_vertex_degree": 6.205128205128205,
    "edge_order_std_dev": 1.6993471950379975,
    "edge_weight_std_dev": 0.0,
    "induced_norm": 2.82842712474619,
    "max_edge_order": 33,
    "max_edge_weight": 0.35355339059327373,
    "max_vertex_degree": 8,
    "min_edge_order": 30.34710743801653,
    "min_edge_weight": 0.35355339059327373,
    "n_qubits": 39,
    "total_pstrings": 8
}