{
    "avg_edge_order": 25,
    "avg_edge_weight": 0.3333333333333333,
    "avg_vertex_degree": 6.82051282051282,
    "edge_order_std_dev": 2.309360277718908,
    "edge_weight_std_dev": 0.0,
    "induced_norm": 3.0,
    "max_edge_order": 33,
    "max_edge_weight": 0.3333333333333333,
    "max_vertex_degree": 9,
    "min_edge_order": 29.74436090225564,
    "min_edge_weight": 0.3333333333333333,
    "n_qubits": 39,
    "total_pstrings": 9
}