{
    "avg_edge_order": 7,
    "avg_edge_weight": 0.37796447300922725,
    "avg_vertex_degree": 5.545454545454546,
    "edge_order_std_dev": 1.314545586670784,
    "edge_weight_std_dev": 5.551115123125783e-17,
    "induced_norm": 2.6457513110645907,
    "max_edge_order": 11,
    "max_edge_weight": 0.3779644730092272,
    "max_vertex_degree": 7,
    "min_edge_order": 8.901639344262295,
    "min_edge_weight": 0.3779644730092272,
    "n_qubits": 11,
    "total_pstrings": 7
}