{
    "avg_edge_order": 25,
    "avg_edge_weight": 0.31622776601683794,
    "avg_vertex_degree": 7.487179487179487,
    "edge_order_std_dev": 2.609184522632874,
    "edge_weight_std_dev": 0.0,
    "induced_norm": 3.1622776601683795,
    "max_edge_order": 34,
    "max_edge_weight": 0.31622776601683794,
    "max_vertex_degree": 10,
    "min_edge_order": 29.438356164383563,
    "min_edge_weight": 0.31622776601683794,
    "n_qubits": 39,
    "total_pstrings": 10
}