{
    "avg_edge_order": 25,
    "avg_edge_weight": 0.3015113445777637,
    "avg_vertex_degree": 8.256410256410257,
    "edge_order_std_dev": 2.4036384338679078,
    "edge_weight_std_dev": 5.551115123125783e-17,
    "induced_norm": 3.3166247903554007,
    "max_edge_order": 33,
    "max_edge_weight": 0.30151134457776363,
    "max_vertex_degree": 11,
    "min_edge_order": 29.47826086956522,
    "min_edge_weight": 0.30151134457776363,
    "n_qubits": 39,
    "total_pstrings": 11
}