{
    "avg_edge_order": 26,
    "avg_edge_weight": 0.288675134594813,
    "avg_vertex_degree": 9.051282051282051,
    "edge_order_std_dev": 2.267319170938499,
    "edge_weight_std_dev": 5.551115123125783e-17,
    "induced_norm": 3.4641016151377557,
    "max_edge_order": 32,
    "max_edge_weight": 0.2886751345948129,
    "max_vertex_degree": 12,
    "min_edge_order": 29.60056657223796,
    "min_edge_weight": 0.2886751345948129,
    "n_qubits": 39,
    "total_pstrings": 12
}