{
    "avg_edge_order": 26,
    "avg_edge_weight": 0.27735009811261463,
    "avg_vertex_degree": 9.794871794871796,
    "edge_order_std_dev": 2.2754459170288874,
    "edge_weight_std_dev": 5.551115123125783e-17,
    "induced_norm": 3.6055512754639905,
    "max_edge_order": 33,
    "max_edge_weight": 0.2773500981126146,
    "max_vertex_degree": 13,
    "min_edge_order": 29.56544502617801,
    "min_edge_weight": 0.2773500981126146,
    "n_qubits": 39,
    "total_pstrings": 13
}