{
    "avg_edge_order": 26,
    "avg_edge_weight": 0.26726124191242434,
    "avg_vertex_degree": 10.538461538461538,
    "edge_order_std_dev": 2.2691405078436024,
    "edge_weight_std_dev": 5.551115123125783e-17,
    "induced_norm": 3.7416573867739404,
    "max_edge_order": 33,
    "max_edge_weight": 0.2672612419124244,
    "max_vertex_degree": 14,
    "min_edge_order": 29.535279805352797,
    "min_edge_weight": 0.2672612419124244,
    "n_qubits": 39,
    "total_pstrings": 14
}