{
    "avg_edge_order": 26,
    "avg_edge_weight": 0.25819888974716104,
    "avg_vertex_degree": 11.307692307692308,
    "edge_order_std_dev": 2.287396350451243,
    "edge_weight_std_dev": 5.551115123125783e-17,
    "induced_norm": 3.8729833462074152,
    "max_edge_order": 33,
    "max_edge_weight": 0.2581988897471611,
    "max_vertex_degree": 15,
    "min_edge_order": 29.58049886621315,
    "min_edge_weight": 0.2581988897471611,
    "n_qubits": 39,
    "total_pstrings": 15
}