{
    "avg_edge_order": 6,
    "avg_edge_weight": 0.35355339059327373,
    "avg_vertex_degree": 6.454545454545454,
    "edge_order_std_dev": 1.369170570086168,
    "edge_weight_std_dev": 0.0,
    "induced_norm": 2.82842712474619,
    "max_edge_order": 11,
    "max_edge_weight": 0.35355339059327373,
    "max_vertex_degree": 8,
    "min_edge_order": 9.112676056338028,
    "min_edge_weight": 0.35355339059327373,
    "n_qubits": 11,
    "total_pstrings": 8
}