{
    "avg_edge_order": 32,
    "avg_edge_weight": 0.7071067811865475,
    "avg_vertex_degree": 1.631578947368421,
    "edge_order_std_dev": 1.498495569911777,
    "edge_weight_std_dev": 0.0,
    "induced_norm": 1.414213562373095,
    "max_edge_order": 35,
    "max_edge_weight": 0.7071067811865475,
    "max_vertex_degree": 2,
    "min_edge_order": 33.56716417910448,
    "min_edge_weight": 0.7071067811865475,
    "n_qubits": 41,
    "total_pstrings": 2
}