{
    "avg_edge_order": 32,
    "avg_edge_weight": 0.5773502691896258,
    "avg_vertex_degree": 2.3902439024390243,
    "edge_order_std_dev": 0.9519921460971909,
    "edge_weight_std_dev": 0.0,
    "induced_norm": 1.7320508075688776,
    "max_edge_order": 34,
    "max_edge_weight": 0.5773502691896258,
    "max_vertex_degree": 3,
    "min_edge_order": 32.69387755102041,
    "min_edge_weight": 0.5773502691896258,
    "n_qubits": 41,
    "total_pstrings": 3
}