{
    "avg_edge_order": 30,
    "avg_edge_weight": 0.4082482904638631,
    "avg_vertex_degree": 4.7317073170731705,
    "edge_order_std_dev": 1.7100976733809474,
    "edge_weight_std_dev": 0.0,
    "induced_norm": 2.4494897427831783,
    "max_edge_order": 35,
    "max_edge_weight": 0.4082482904638631,
    "max_vertex_degree": 6,
    "min_edge_order": 32.422680412371136,
    "min_edge_weight": 0.4082482904638631,
    "n_qubits": 41,
    "total_pstrings": 6
}