{
    "avg_edge_order": 28,
    "avg_edge_weight": 0.35355339059327373,
    "avg_vertex_degree": 6.170731707317073,
    "edge_order_std_dev": 2.114546930718481,
    "edge_weight_std_dev": 0.0,
    "induced_norm": 2.82842712474619,
    "max_edge_order": 35,
    "max_edge_weight": 0.35355339059327373,
    "max_vertex_degree": 8,
    "min_edge_order": 31.766798418972332,
    "min_edge_weight": 0.35355339059327373,
    "n_qubits": 41,
    "total_pstrings": 8
}