{
    "avg_edge_order": 26,
    "avg_edge_weight": 0.3333333333333333,
    "avg_vertex_degree": 6.804878048780488,
    "edge_order_std_dev": 2.465491330219962,
    "edge_weight_std_dev": 0.0,
    "induced_norm": 3.0,
    "max_edge_order": 34,
    "max_edge_weight": 0.3333333333333333,
    "max_vertex_degree": 9,
    "min_edge_order": 31.2078853046595,
    "min_edge_weight": 0.3333333333333333,
    "n_qubits": 41,
    "total_pstrings": 9
}