{
    "avg_edge_order": 26,
    "avg_edge_weight": 0.31622776601683794,
    "avg_vertex_degree": 7.560975609756097,
    "edge_order_std_dev": 2.356287667344529,
    "edge_weight_std_dev": 0.0,
    "induced_norm": 3.1622776601683795,
    "max_edge_order": 34,
    "max_edge_weight": 0.31622776601683794,
    "max_vertex_degree": 10,
    "min_edge_order": 31.18709677419355,
    "min_edge_weight": 0.31622776601683794,
    "n_qubits": 41,
    "total_pstrings": 10
}