{
    "avg_edge_order": 7,
    "avg_edge_weight": 0.3333333333333333,
    "avg_vertex_degree": 7.181818181818182,
    "edge_order_std_dev": 1.0137652177304262,
    "edge_weight_std_dev": 0.0,
    "induced_norm": 3.0,
    "max_edge_order": 10,
    "max_edge_weight": 0.3333333333333333,
    "max_vertex_degree": 9,
    "min_edge_order": 8.89873417721519,
    "min_edge_weight": 0.3333333333333333,
    "n_qubits": 11,
    "total_pstrings": 9
}