{
    "avg_edge_order": 24,
    "avg_edge_weight": 0.27735009811261463,
    "avg_vertex_degree": 9.829268292682928,
    "edge_order_std_dev": 2.4936150446909084,
    "edge_weight_std_dev": 5.551115123125783e-17,
    "induced_norm": 3.6055512754639905,
    "max_edge_order": 34,
    "max_edge_weight": 0.2773500981126146,
    "max_vertex_degree": 13,
    "min_edge_order": 31.22332506203474,
    "min_edge_weight": 0.2773500981126146,
    "n_qubits": 41,
    "total_pstrings": 13
}