{
    "avg_edge_order": 25,
    "avg_edge_weight": 0.26726124191242434,
    "avg_vertex_degree": 10.585365853658537,
    "edge_order_std_dev": 2.5280183642963885,
    "edge_weight_std_dev": 5.551115123125783e-17,
    "induced_norm": 3.7416573867739404,
    "max_edge_order": 35,
    "max_edge_weight": 0.2672612419124244,
    "max_vertex_degree": 13,
    "min_edge_order": 31.216589861751153,
    "min_edge_weight": 0.2672612419124244,
    "n_qubits": 41,
    "total_pstrings": 14
}