{
    "avg_edge_order": 26,
    "avg_edge_weight": 0.24253562503633302,
    "avg_vertex_degree": 12.829268292682928,
    "edge_order_std_dev": 2.469428804204438,
    "edge_weight_std_dev": 5.551115123125783e-17,
    "induced_norm": 4.1231056256176615,
    "max_edge_order": 35,
    "max_edge_weight": 0.24253562503633297,
    "max_vertex_degree": 16,
    "min_edge_order": 31.140684410646386,
    "min_edge_weight": 0.24253562503633297,
    "n_qubits": 41,
    "total_pstrings": 17
}