{
    "avg_edge_order": 27,
    "avg_edge_weight": 0.23570226039551578,
    "avg_vertex_degree": 13.585365853658537,
    "edge_order_std_dev": 2.2439411019198556,
    "edge_weight_std_dev": 8.326672684688674e-17,
    "induced_norm": 4.242640687119284,
    "max_edge_order": 34,
    "max_edge_weight": 0.23570226039551587,
    "max_vertex_degree": 17,
    "min_edge_order": 31.114901256732495,
    "min_edge_weight": 0.23570226039551587,
    "n_qubits": 41,
    "total_pstrings": 18
}