{
    "avg_edge_order": 26,
    "avg_edge_weight": 0.2294157338705617,
    "avg_vertex_degree": 14.341463414634147,
    "edge_order_std_dev": 2.2033492736417553,
    "edge_weight_std_dev": 5.551115123125783e-17,
    "induced_norm": 4.358898943540672,
    "max_edge_order": 35,
    "max_edge_weight": 0.22941573387056174,
    "max_vertex_degree": 18,
    "min_edge_order": 31.112244897959183,
    "min_edge_weight": 0.22941573387056174,
    "n_qubits": 41,
    "total_pstrings": 19
}