{
    "avg_edge_order": 34,
    "avg_edge_weight": 0.7071067811865475,
    "avg_vertex_degree": 1.627906976744186,
    "edge_order_std_dev": 0.999591753402051,
    "edge_weight_std_dev": 0.0,
    "induced_norm": 1.414213562373095,
    "max_edge_order": 36,
    "max_edge_weight": 0.7071067811865475,
    "max_vertex_degree": 2,
    "min_edge_order": 35.02857142857143,
    "min_edge_weight": 0.7071067811865475,
    "n_qubits": 43,
    "total_pstrings": 2
}