{
    "avg_edge_order": 33,
    "avg_edge_weight": 0.5773502691896258,
    "avg_vertex_degree": 2.4186046511627906,
    "edge_order_std_dev": 1.2378103878272375,
    "edge_weight_std_dev": 0.0,
    "induced_norm": 1.7320508075688776,
    "max_edge_order": 36,
    "max_edge_weight": 0.5773502691896258,
    "max_vertex_degree": 3,
    "min_edge_order": 34.71153846153846,
    "min_edge_weight": 0.5773502691896258,
    "n_qubits": 43,
    "total_pstrings": 3
}