{
    "avg_edge_order": 7,
    "avg_edge_weight": 0.31622776601683794,
    "avg_vertex_degree": 7.909090909090909,
    "edge_order_std_dev": 1.0707561322148245,
    "edge_weight_std_dev": 0.0,
    "induced_norm": 3.1622776601683795,
    "max_edge_order": 10,
    "max_edge_weight": 0.31622776601683794,
    "max_vertex_degree": 10,
    "min_edge_order": 8.839080459770114,
    "min_edge_weight": 0.31622776601683794,
    "n_qubits": 11,
    "total_pstrings": 10
}