{
    "avg_edge_order": 31,
    "avg_edge_weight": 0.447213595499958,
    "avg_vertex_degree": 3.9767441860465116,
    "edge_order_std_dev": 2.0193652258381523,
    "edge_weight_std_dev": 5.551115123125783e-17,
    "induced_norm": 2.23606797749979,
    "max_edge_order": 37,
    "max_edge_weight": 0.4472135954999579,
    "max_vertex_degree": 5,
    "min_edge_order": 34.32163742690059,
    "min_edge_weight": 0.4472135954999579,
    "n_qubits": 43,
    "total_pstrings": 5
}