{
    "avg_edge_order": 30,
    "avg_edge_weight": 0.4082482904638631,
    "avg_vertex_degree": 4.744186046511628,
    "edge_order_std_dev": 2.2719305863085335,
    "edge_weight_std_dev": 0.0,
    "induced_norm": 2.4494897427831783,
    "max_edge_order": 37,
    "max_edge_weight": 0.4082482904638631,
    "max_vertex_degree": 6,
    "min_edge_order": 34.15686274509804,
    "min_edge_weight": 0.4082482904638631,
    "n_qubits": 43,
    "total_pstrings": 6
}