{
    "avg_edge_order": 26,
    "avg_edge_weight": 0.35355339059327373,
    "avg_vertex_degree": 6.069767441860465,
    "edge_order_std_dev": 2.773020103182228,
    "edge_weight_std_dev": 0.0,
    "induced_norm": 2.82842712474619,
    "max_edge_order": 35,
    "max_edge_weight": 0.35355339059327373,
    "max_vertex_degree": 8,
    "min_edge_order": 32.89272030651341,
    "min_edge_weight": 0.35355339059327373,
    "n_qubits": 43,
    "total_pstrings": 8
}