{
    "avg_edge_order": 26,
    "avg_edge_weight": 0.3333333333333333,
    "avg_vertex_degree": 6.744186046511628,
    "edge_order_std_dev": 2.7993034635590903,
    "edge_weight_std_dev": 0.0,
    "induced_norm": 3.0,
    "max_edge_order": 35,
    "max_edge_weight": 0.3333333333333333,
    "max_vertex_degree": 9,
    "min_edge_order": 32.48965517241379,
    "min_edge_weight": 0.3333333333333333,
    "n_qubits": 43,
    "total_pstrings": 9
}