{
    "avg_edge_order": 27,
    "avg_edge_weight": 0.3015113445777637,
    "avg_vertex_degree": 8.325581395348838,
    "edge_order_std_dev": 2.5271534956818242,
    "edge_weight_std_dev": 5.551115123125783e-17,
    "induced_norm": 3.3166247903554007,
    "max_edge_order": 36,
    "max_edge_weight": 0.30151134457776363,
    "max_vertex_degree": 11,
    "min_edge_order": 32.754189944134076,
    "min_edge_weight": 0.30151134457776363,
    "n_qubits": 43,
    "total_pstrings": 11
}