{
    "avg_edge_order": 26,
    "avg_edge_weight": 0.288675134594813,
    "avg_vertex_degree": 9.069767441860465,
    "edge_order_std_dev": 2.6526554990388744,
    "edge_weight_std_dev": 5.551115123125783e-17,
    "induced_norm": 3.4641016151377557,
    "max_edge_order": 37,
    "max_edge_weight": 0.2886751345948129,
    "max_vertex_degree": 12,
    "min_edge_order": 32.733333333333334,
    "min_edge_weight": 0.2886751345948129,
    "n_qubits": 43,
    "total_pstrings": 12
}