{
    "avg_edge_order": 27,
    "avg_edge_weight": 0.27735009811261463,
    "avg_vertex_degree": 9.813953488372093,
    "edge_order_std_dev": 2.455040347569901,
    "edge_weight_std_dev": 5.551115123125783e-17,
    "induced_norm": 3.6055512754639905,
    "max_edge_order": 37,
    "max_edge_weight": 0.2773500981126146,
    "max_vertex_degree": 13,
    "min_edge_order": 32.654028436018955,
    "min_edge_weight": 0.2773500981126146,
    "n_qubits": 43,
    "total_pstrings": 13
}