{
    "avg_edge_order": 7,
    "avg_edge_weight": 0.3015113445777637,
    "avg_vertex_degree": 8.636363636363637,
    "edge_order_std_dev": 1.050840581619229,
    "edge_weight_std_dev": 5.551115123125783e-17,
    "induced_norm": 3.3166247903554007,
    "max_edge_order": 10,
    "max_edge_weight": 0.30151134457776363,
    "max_vertex_degree": 11,
    "min_edge_order": 8.76842105263158,
    "min_edge_weight": 0.30151134457776363,
    "n_qubits": 11,
    "total_pstrings": 11
}