{
    "avg_edge_order": 26,
    "avg_edge_weight": 0.25819888974716104,
    "avg_vertex_degree": 11.30232558139535,
    "edge_order_std_dev": 2.3544202156756713,
    "edge_weight_std_dev": 5.551115123125783e-17,
    "induced_norm": 3.8729833462074152,
    "max_edge_order": 36,
    "max_edge_weight": 0.2581988897471611,
    "max_vertex_degree": 14,
    "min_edge_order": 32.584362139917694,
    "min_edge_weight": 0.2581988897471611,
    "n_qubits": 43,
    "total_pstrings": 15
}