{
    "avg_edge_order": 27,
    "avg_edge_weight": 0.2294157338705617,
    "avg_vertex_degree": 14.348837209302326,
    "edge_order_std_dev": 2.605236417230297,
    "edge_weight_std_dev": 5.551115123125783e-17,
    "induced_norm": 4.358898943540672,
    "max_edge_order": 38,
    "max_edge_weight": 0.22941573387056174,
    "max_vertex_degree": 19,
    "min_edge_order": 32.68233387358185,
    "min_edge_weight": 0.22941573387056174,
    "n_qubits": 43,
    "total_pstrings": 19
}