{
    "avg_edge_order": 35,
    "avg_edge_weight": 0.7071067811865475,
    "avg_vertex_degree": 1.5952380952380953,
    "edge_order_std_dev": 1.4987328105871607,
    "edge_weight_std_dev": 0.0,
    "induced_norm": 1.414213562373095,
    "max_edge_order": 38,
    "max_edge_weight": 0.7071067811865475,
    "max_vertex_degree": 2,
    "min_edge_order": 36.56164383561644,
    "min_edge_weight": 0.7071067811865475,
    "n_qubits": 45,
    "total_pstrings": 2
}