{
    "avg_edge_order": 35,
    "avg_edge_weight": 0.5773502691896258,
    "avg_vertex_degree": 2.409090909090909,
    "edge_order_std_dev": 1.254635374683465,
    "edge_weight_std_dev": 0.0,
    "induced_norm": 1.7320508075688776,
    "max_edge_order": 38,
    "max_edge_weight": 0.5773502691896258,
    "max_vertex_degree": 3,
    "min_edge_order": 36.37614678899082,
    "min_edge_weight": 0.5773502691896258,
    "n_qubits": 45,
    "total_pstrings": 3
}