{
    "avg_edge_order": 9,
    "avg_edge_weight": 0.7071067811865475,
    "avg_vertex_degree": 1.6923076923076923,
    "edge_order_std_dev": 1.9666643320712662,
    "edge_weight_std_dev": 0.0,
    "induced_norm": 1.414213562373095,
    "max_edge_order": 13,
    "max_edge_weight": 0.7071067811865475,
    "max_vertex_degree": 2,
    "min_edge_order": 11.363636363636363,
    "min_edge_weight": 0.7071067811865475,
    "n_qubits": 13,
    "total_pstrings": 2
}