{
    "avg_edge_order": 34,
    "avg_edge_weight": 0.4082482904638631,
    "avg_vertex_degree": 4.711111111111111,
    "edge_order_std_dev": 1.2548233746919124,
    "edge_weight_std_dev": 0.0,
    "induced_norm": 2.4494897427831783,
    "max_edge_order": 37,
    "max_edge_weight": 0.4082482904638631,
    "max_vertex_degree": 6,
    "min_edge_order": 35.37735849056604,
    "min_edge_weight": 0.4082482904638631,
    "n_qubits": 45,
    "total_pstrings": 6
}