{
    "avg_edge_order": 32,
    "avg_edge_weight": 0.37796447300922725,
    "avg_vertex_degree": 5.4222222222222225,
    "edge_order_std_dev": 1.633349695614651,
    "edge_weight_std_dev": 5.551115123125783e-17,
    "induced_norm": 2.6457513110645907,
    "max_edge_order": 37,
    "max_edge_weight": 0.3779644730092272,
    "max_vertex_degree": 7,
    "min_edge_order": 34.9344262295082,
    "min_edge_weight": 0.3779644730092272,
    "n_qubits": 45,
    "total_pstrings": 7
}