{
    "avg_edge_order": 30,
    "avg_edge_weight": 0.35355339059327373,
    "avg_vertex_degree": 6.088888888888889,
    "edge_order_std_dev": 2.070408073114153,
    "edge_weight_std_dev": 0.0,
    "induced_norm": 2.82842712474619,
    "max_edge_order": 37,
    "max_edge_weight": 0.35355339059327373,
    "max_vertex_degree": 8,
    "min_edge_order": 34.37956204379562,
    "min_edge_weight": 0.35355339059327373,
    "n_qubits": 45,
    "total_pstrings": 8
}