{
    "avg_edge_order": 30,
    "avg_edge_weight": 0.3333333333333333,
    "avg_vertex_degree": 6.777777777777778,
    "edge_order_std_dev": 2.2343101614009226,
    "edge_weight_std_dev": 0.0,
    "induced_norm": 3.0,
    "max_edge_order": 38,
    "max_edge_weight": 0.3333333333333333,
    "max_vertex_degree": 9,
    "min_edge_order": 34.03606557377049,
    "min_edge_weight": 0.3333333333333333,
    "n_qubits": 45,
    "total_pstrings": 9
}