{
    "avg_edge_order": 31,
    "avg_edge_weight": 0.31622776601683794,
    "avg_vertex_degree": 7.555555555555555,
    "edge_order_std_dev": 2.1528206330766815,
    "edge_weight_std_dev": 0.0,
    "induced_norm": 3.1622776601683795,
    "max_edge_order": 38,
    "max_edge_weight": 0.31622776601683794,
    "max_vertex_degree": 10,
    "min_edge_order": 34.13529411764706,
    "min_edge_weight": 0.31622776601683794,
    "n_qubits": 45,
    "total_pstrings": 10
}