{
    "avg_edge_order": 31,
    "avg_edge_weight": 0.3015113445777637,
    "avg_vertex_degree": 8.266666666666667,
    "edge_order_std_dev": 2.3185386473225362,
    "edge_weight_std_dev": 5.551115123125783e-17,
    "induced_norm": 3.3166247903554007,
    "max_edge_order": 38,
    "max_edge_weight": 0.30151134457776363,
    "max_vertex_degree": 11,
    "min_edge_order": 33.973118279569896,
    "min_edge_weight": 0.30151134457776363,
    "n_qubits": 45,
    "total_pstrings": 11
}