{
    "avg_edge_order": 31,
    "avg_edge_weight": 0.288675134594813,
    "avg_vertex_degree": 9.044444444444444,
    "edge_order_std_dev": 2.466301812045554,
    "edge_weight_std_dev": 5.551115123125783e-17,
    "induced_norm": 3.4641016151377557,
    "max_edge_order": 38,
    "max_edge_weight": 0.2886751345948129,
    "max_vertex_degree": 12,
    "min_edge_order": 34.09090909090909,
    "min_edge_weight": 0.2886751345948129,
    "n_qubits": 45,
    "total_pstrings": 12
}