{
    "avg_edge_order": 31,
    "avg_edge_weight": 0.27735009811261463,
    "avg_vertex_degree": 9.822222222222223,
    "edge_order_std_dev": 2.4167640661475325,
    "edge_weight_std_dev": 5.551115123125783e-17,
    "induced_norm": 3.6055512754639905,
    "max_edge_order": 38,
    "max_edge_weight": 0.2773500981126146,
    "max_vertex_degree": 13,
    "min_edge_order": 34.16742081447964,
    "min_edge_weight": 0.2773500981126146,
    "n_qubits": 45,
    "total_pstrings": 13
}