{
    "avg_edge_order": 31,
    "avg_edge_weight": 0.25819888974716104,
    "avg_vertex_degree": 11.311111111111112,
    "edge_order_std_dev": 2.4564902750509963,
    "edge_weight_std_dev": 5.551115123125783e-17,
    "induced_norm": 3.8729833462074152,
    "max_edge_order": 39,
    "max_edge_weight": 0.2581988897471611,
    "max_vertex_degree": 15,
    "min_edge_order": 34.1041257367387,
    "min_edge_weight": 0.2581988897471611,
    "n_qubits": 45,
    "total_pstrings": 15
}