{
    "avg_edge_order": 9,
    "avg_edge_weight": 0.5773502691896258,
    "avg_vertex_degree": 2.4615384615384617,
    "edge_order_std_dev": 1.7488835724541527,
    "edge_weight_std_dev": 0.0,
    "induced_norm": 1.7320508075688776,
    "max_edge_order": 13,
    "max_edge_weight": 0.5773502691896258,
    "max_vertex_degree": 3,
    "min_edge_order": 10.9375,
    "min_edge_weight": 0.5773502691896258,
    "n_qubits": 13,
    "total_pstrings": 3
}