{
    "avg_edge_order": 30,
    "avg_edge_weight": 0.24253562503633302,
    "avg_vertex_degree": 12.844444444444445,
    "edge_order_std_dev": 2.59326574778956,
    "edge_weight_std_dev": 5.551115123125783e-17,
    "induced_norm": 4.1231056256176615,
    "max_edge_order": 40,
    "max_edge_weight": 0.24253562503633297,
    "max_vertex_degree": 16,
    "min_edge_order": 34.19031141868512,
    "min_edge_weight": 0.24253562503633297,
    "n_qubits": 45,
    "total_pstrings": 17
}