{
    "avg_edge_order": 30,
    "avg_edge_weight": 0.23570226039551578,
    "avg_vertex_degree": 13.6,
    "edge_order_std_dev": 2.4967106387887297,
    "edge_weight_std_dev": 8.326672684688674e-17,
    "induced_norm": 4.242640687119284,
    "max_edge_order": 40,
    "max_edge_weight": 0.23570226039551587,
    "max_vertex_degree": 17,
    "min_edge_order": 34.1764705882353,
    "min_edge_weight": 0.23570226039551587,
    "n_qubits": 45,
    "total_pstrings": 18
}