{
    "avg_edge_order": 28,
    "avg_edge_weight": 0.2294157338705617,
    "avg_vertex_degree": 14.222222222222221,
    "edge_order_std_dev": 2.7335802416428168,
    "edge_weight_std_dev": 5.551115123125783e-17,
    "induced_norm": 4.358898943540672,
    "max_edge_order": 40,
    "max_edge_weight": 0.22941573387056174,
    "max_vertex_degree": 18,
    "min_edge_order": 33.90625,
    "min_edge_weight": 0.22941573387056174,
    "n_qubits": 45,
    "total_pstrings": 19
}