{
    "avg_edge_order": 36,
    "avg_edge_weight": 0.5773502691896258,
    "avg_vertex_degree": 2.404255319148936,
    "edge_order_std_dev": 1.23862195714805,
    "edge_weight_std_dev": 0.0,
    "induced_norm": 1.7320508075688776,
    "max_edge_order": 39,
    "max_edge_weight": 0.5773502691896258,
    "max_vertex_degree": 3,
    "min_edge_order": 37.70796460176991,
    "min_edge_weight": 0.5773502691896258,
    "n_qubits": 47,
    "total_pstrings": 3
}