{
    "avg_edge_order": 34,
    "avg_edge_weight": 0.447213595499958,
    "avg_vertex_degree": 3.9361702127659575,
    "edge_order_std_dev": 2.4107138509165136,
    "edge_weight_std_dev": 5.551115123125783e-17,
    "induced_norm": 2.23606797749979,
    "max_edge_order": 39,
    "max_edge_weight": 0.4472135954999579,
    "max_vertex_degree": 5,
    "min_edge_order": 37.16216216216216,
    "min_edge_weight": 0.4472135954999579,
    "n_qubits": 47,
    "total_pstrings": 5
}