{
    "avg_edge_order": 34,
    "avg_edge_weight": 0.4082482904638631,
    "avg_vertex_degree": 4.723404255319149,
    "edge_order_std_dev": 2.2872417270505547,
    "edge_weight_std_dev": 0.0,
    "induced_norm": 2.4494897427831783,
    "max_edge_order": 40,
    "max_edge_weight": 0.4082482904638631,
    "max_vertex_degree": 6,
    "min_edge_order": 37.14414414414414,
    "min_edge_weight": 0.4082482904638631,
    "n_qubits": 47,
    "total_pstrings": 6
}