{
    "avg_edge_order": 32,
    "avg_edge_weight": 0.37796447300922725,
    "avg_vertex_degree": 5.404255319148936,
    "edge_order_std_dev": 2.9224269163074292,
    "edge_weight_std_dev": 5.551115123125783e-17,
    "induced_norm": 2.6457513110645907,
    "max_edge_order": 40,
    "max_edge_weight": 0.3779644730092272,
    "max_vertex_degree": 7,
    "min_edge_order": 36.52755905511811,
    "min_edge_weight": 0.3779644730092272,
    "n_qubits": 47,
    "total_pstrings": 7
}