{
    "avg_edge_order": 30,
    "avg_edge_weight": 0.3333333333333333,
    "avg_vertex_degree": 6.808510638297872,
    "edge_order_std_dev": 3.1402378492719323,
    "edge_weight_std_dev": 0.0,
    "induced_norm": 3.0,
    "max_edge_order": 40,
    "max_edge_weight": 0.3333333333333333,
    "max_vertex_degree": 9,
    "min_edge_order": 35.8375,
    "min_edge_weight": 0.3333333333333333,
    "n_qubits": 47,
    "total_pstrings": 9
}