{
    "avg_edge_order": 29,
    "avg_edge_weight": 0.31622776601683794,
    "avg_vertex_degree": 7.574468085106383,
    "edge_order_std_dev": 3.218954052761344,
    "edge_weight_std_dev": 0.0,
    "induced_norm": 3.1622776601683795,
    "max_edge_order": 40,
    "max_edge_weight": 0.31622776601683794,
    "max_vertex_degree": 10,
    "min_edge_order": 35.90449438202247,
    "min_edge_weight": 0.31622776601683794,
    "n_qubits": 47,
    "total_pstrings": 10
}