{
    "avg_edge_order": 29,
    "avg_edge_weight": 0.288675134594813,
    "avg_vertex_degree": 9.063829787234043,
    "edge_order_std_dev": 2.8612664404946773,
    "edge_weight_std_dev": 5.551115123125783e-17,
    "induced_norm": 3.4641016151377557,
    "max_edge_order": 40,
    "max_edge_weight": 0.2886751345948129,
    "max_vertex_degree": 11,
    "min_edge_order": 35.74178403755869,
    "min_edge_weight": 0.2886751345948129,
    "n_qubits": 47,
    "total_pstrings": 12
}