{
    "avg_edge_order": 29,
    "avg_edge_weight": 0.27735009811261463,
    "avg_vertex_degree": 9.872340425531915,
    "edge_order_std_dev": 2.9677717973492315,
    "edge_weight_std_dev": 5.551115123125783e-17,
    "induced_norm": 3.6055512754639905,
    "max_edge_order": 41,
    "max_edge_weight": 0.2773500981126146,
    "max_vertex_degree": 12,
    "min_edge_order": 35.94827586206897,
    "min_edge_weight": 0.2773500981126146,
    "n_qubits": 47,
    "total_pstrings": 13
}