{
    "avg_edge_order": 29,
    "avg_edge_weight": 0.26726124191242434,
    "avg_vertex_degree": 10.574468085106384,
    "edge_order_std_dev": 3.0391499931050765,
    "edge_weight_std_dev": 5.551115123125783e-17,
    "induced_norm": 3.7416573867739404,
    "max_edge_order": 42,
    "max_edge_weight": 0.2672612419124244,
    "max_vertex_degree": 13,
    "min_edge_order": 35.76056338028169,
    "min_edge_weight": 0.2672612419124244,
    "n_qubits": 47,
    "total_pstrings": 14
}