{
    "avg_edge_order": 28,
    "avg_edge_weight": 0.25819888974716104,
    "avg_vertex_degree": 11.340425531914894,
    "edge_order_std_dev": 3.0426348797142113,
    "edge_weight_std_dev": 5.551115123125783e-17,
    "induced_norm": 3.8729833462074152,
    "max_edge_order": 42,
    "max_edge_weight": 0.2581988897471611,
    "max_vertex_degree": 14,
    "min_edge_order": 35.80300187617261,
    "min_edge_weight": 0.2581988897471611,
    "n_qubits": 47,
    "total_pstrings": 15
}