{
    "avg_edge_order": 29,
    "avg_edge_weight": 0.24253562503633302,
    "avg_vertex_degree": 12.851063829787234,
    "edge_order_std_dev": 2.8626589068279436,
    "edge_weight_std_dev": 5.551115123125783e-17,
    "induced_norm": 4.1231056256176615,
    "max_edge_order": 42,
    "max_edge_weight": 0.24253562503633297,
    "max_vertex_degree": 16,
    "min_edge_order": 35.76158940397351,
    "min_edge_weight": 0.24253562503633297,
    "n_qubits": 47,
    "total_pstrings": 17
}