{
    "avg_edge_order": 8,
    "avg_edge_weight": 0.447213595499958,
    "avg_vertex_degree": 4.0,
    "edge_order_std_dev": 1.2762046171566965,
    "edge_weight_std_dev": 5.551115123125783e-17,
    "induced_norm": 2.23606797749979,
    "max_edge_order": 12,
    "max_edge_weight": 0.4472135954999579,
    "max_vertex_degree": 5,
    "min_edge_order": 10.576923076923077,
    "min_edge_weight": 0.4472135954999579,
    "n_qubits": 13,
    "total_pstrings": 5
}