{
    "avg_edge_order": 29,
    "avg_edge_weight": 0.23570226039551578,
    "avg_vertex_degree": 13.53191489361702,
    "edge_order_std_dev": 2.67175333655277,
    "edge_weight_std_dev": 8.326672684688674e-17,
    "induced_norm": 4.242640687119284,
    "max_edge_order": 41,
    "max_edge_weight": 0.23570226039551587,
    "max_vertex_degree": 17,
    "min_edge_order": 35.540880503144656,
    "min_edge_weight": 0.23570226039551587,
    "n_qubits": 47,
    "total_pstrings": 18
}