{
    "avg_edge_order": 30,
    "avg_edge_weight": 0.2294157338705617,
    "avg_vertex_degree": 14.25531914893617,
    "edge_order_std_dev": 2.5707524384505605,
    "edge_weight_std_dev": 5.551115123125783e-17,
    "induced_norm": 4.358898943540672,
    "max_edge_order": 41,
    "max_edge_weight": 0.22941573387056174,
    "max_vertex_degree": 18,
    "min_edge_order": 35.450746268656715,
    "min_edge_weight": 0.22941573387056174,
    "n_qubits": 47,
    "total_pstrings": 19
}