{
    "avg_edge_order": 7,
    "avg_edge_weight": 0.4082482904638631,
    "avg_vertex_degree": 4.846153846153846,
    "edge_order_std_dev": 1.5060138118260844,
    "edge_weight_std_dev": 0.0,
    "induced_norm": 2.4494897427831783,
    "max_edge_order": 12,
    "max_edge_weight": 0.4082482904638631,
    "max_vertex_degree": 6,
    "min_edge_order": 10.777777777777779,
    "min_edge_weight": 0.4082482904638631,
    "n_qubits": 13,
    "total_pstrings": 6
}