{
    "avg_edge_order": 7,
    "avg_edge_weight": 0.37796447300922725,
    "avg_vertex_degree": 4.769230769230769,
    "edge_order_std_dev": 1.538273421621466,
    "edge_weight_std_dev": 5.551115123125783e-17,
    "induced_norm": 2.6457513110645907,
    "max_edge_order": 12,
    "max_edge_weight": 0.3779644730092272,
    "max_vertex_degree": 6,
    "min_edge_order": 10.612903225806452,
    "min_edge_weight": 0.3779644730092272,
    "n_qubits": 13,
    "total_pstrings": 7
}