{
    "avg_edge_order": 7,
    "avg_edge_weight": 0.35355339059327373,
    "avg_vertex_degree": 5.384615384615385,
    "edge_order_std_dev": 1.6694127037704625,
    "edge_weight_std_dev": 0.0,
    "induced_norm": 2.82842712474619,
    "max_edge_order": 12,
    "max_edge_weight": 0.35355339059327373,
    "max_vertex_degree": 7,
    "min_edge_order": 10.314285714285715,
    "min_edge_weight": 0.35355339059327373,
    "n_qubits": 13,
    "total_pstrings": 8
}