{
    "avg_edge_order": 8,
    "avg_edge_weight": 0.3333333333333333,
    "avg_vertex_degree": 6.230769230769231,
    "edge_order_std_dev": 1.3018692668112661,
    "edge_weight_std_dev": 0.0,
    "induced_norm": 3.0,
    "max_edge_order": 12,
    "max_edge_weight": 0.3333333333333333,
    "max_vertex_degree": 8,
    "min_edge_order": 10.308641975308642,
    "min_edge_weight": 0.3333333333333333,
    "n_qubits": 13,
    "total_pstrings": 9
}