{
    "avg_edge_order": 7,
    "avg_edge_weight": 0.31622776601683794,
    "avg_vertex_degree": 6.846153846153846,
    "edge_order_std_dev": 1.6724597380979436,
    "edge_weight_std_dev": 0.0,
    "induced_norm": 3.1622776601683795,
    "max_edge_order": 12,
    "max_edge_weight": 0.31622776601683794,
    "max_vertex_degree": 9,
    "min_edge_order": 10.213483146067416,
    "min_edge_weight": 0.31622776601683794,
    "n_qubits": 13,
    "total_pstrings": 10
}