{
    "avg_edge_order": 7,
    "avg_edge_weight": 0.3015113445777637,
    "avg_vertex_degree": 7.6923076923076925,
    "edge_order_std_dev": 1.5968719422671314,
    "edge_weight_std_dev": 5.551115123125783e-17,
    "induced_norm": 3.3166247903554007,
    "max_edge_order": 12,
    "max_edge_weight": 0.30151134457776363,
    "max_vertex_degree": 10,
    "min_edge_order": 10.3,
    "min_edge_weight": 0.30151134457776363,
    "n_qubits": 13,
    "total_pstrings": 11
}