{
    "avg_edge_order": 3,
    "avg_edge_weight": 0.5773502691896258,
    "avg_vertex_degree": 1.25,
    "edge_order_std_dev": 0.4948716593053935,
    "edge_weight_std_dev": 0.0,
    "induced_norm": 1.7320508075688776,
    "max_edge_order": 4,
    "max_edge_weight": 0.5773502691896258,
    "max_vertex_degree": 2,
    "min_edge_order": 3.5714285714285716,
    "min_edge_weight": 0.5773502691896258,
    "n_qubits": 5,
    "total_pstrings": 3
}