{
    "avg_edge_order": 6,
    "avg_edge_weight": 0.288675134594813,
    "avg_vertex_degree": 8.461538461538462,
    "edge_order_std_dev": 1.7836725044990132,
    "edge_weight_std_dev": 5.551115123125783e-17,
    "induced_norm": 3.4641016151377557,
    "max_edge_order": 13,
    "max_edge_weight": 0.2886751345948129,
    "max_vertex_degree": 10,
    "min_edge_order": 10.381818181818181,
    "min_edge_weight": 0.2886751345948129,
    "n_qubits": 13,
    "total_pstrings": 12
}