{
    "avg_edge_order": 6,
    "avg_edge_weight": 0.27735009811261463,
    "avg_vertex_degree": 9.384615384615385,
    "edge_order_std_dev": 1.6458885767883455,
    "edge_weight_std_dev": 5.551115123125783e-17,
    "induced_norm": 3.6055512754639905,
    "max_edge_order": 12,
    "max_edge_weight": 0.2773500981126146,
    "max_vertex_degree": 11,
    "min_edge_order": 10.491803278688524,
    "min_edge_weight": 0.2773500981126146,
    "n_qubits": 13,
    "total_pstrings": 13
}