{
    "avg_edge_order": 11,
    "avg_edge_weight": 0.447213595499958,
    "avg_vertex_degree": 4.133333333333334,
    "edge_order_std_dev": 1.0277117627144507,
    "edge_weight_std_dev": 5.551115123125783e-17,
    "induced_norm": 2.23606797749979,
    "max_edge_order": 14,
    "max_edge_weight": 0.4472135954999579,
    "max_vertex_degree": 5,
    "min_edge_order": 12.483870967741936,
    "min_edge_weight": 0.4472135954999579,
    "n_qubits": 15,
    "total_pstrings": 5
}