{
    "avg_edge_order": 11,
    "avg_edge_weight": 0.4082482904638631,
    "avg_vertex_degree": 4.866666666666666,
    "edge_order_std_dev": 0.6816359071027247,
    "edge_weight_std_dev": 0.0,
    "induced_norm": 2.4494897427831783,
    "max_edge_order": 13,
    "max_edge_weight": 0.4082482904638631,
    "max_vertex_degree": 6,
    "min_edge_order": 12.205479452054794,
    "min_edge_weight": 0.4082482904638631,
    "n_qubits": 15,
    "total_pstrings": 6
}