{
    "avg_edge_order": 11,
    "avg_edge_weight": 0.37796447300922725,
    "avg_vertex_degree": 5.6,
    "edge_order_std_dev": 0.7544275960835645,
    "edge_weight_std_dev": 5.551115123125783e-17,
    "induced_norm": 2.6457513110645907,
    "max_edge_order": 13,
    "max_edge_weight": 0.3779644730092272,
    "max_vertex_degree": 7,
    "min_edge_order": 12.047619047619047,
    "min_edge_weight": 0.3779644730092272,
    "n_qubits": 15,
    "total_pstrings": 7
}