{
    "avg_edge_order": 10,
    "avg_edge_weight": 0.35355339059327373,
    "avg_vertex_degree": 6.4,
    "edge_order_std_dev": 1.165922381636102,
    "edge_weight_std_dev": 0.0,
    "induced_norm": 2.82842712474619,
    "max_edge_order": 13,
    "max_edge_weight": 0.35355339059327373,
    "max_vertex_degree": 8,
    "min_edge_order": 12.125,
    "min_edge_weight": 0.35355339059327373,
    "n_qubits": 15,
    "total_pstrings": 8
}