{
    "avg_edge_order": 9,
    "avg_edge_weight": 0.3333333333333333,
    "avg_vertex_degree": 7.0,
    "edge_order_std_dev": 1.4170967734442559,
    "edge_weight_std_dev": 0.0,
    "induced_norm": 3.0,
    "max_edge_order": 13,
    "max_edge_weight": 0.3333333333333333,
    "max_vertex_degree": 9,
    "min_edge_order": 11.857142857142858,
    "min_edge_weight": 0.3333333333333333,
    "n_qubits": 15,
    "total_pstrings": 9
}