{
    "avg_edge_order": 9,
    "avg_edge_weight": 0.31622776601683794,
    "avg_vertex_degree": 7.933333333333334,
    "edge_order_std_dev": 1.6397539950628433,
    "edge_weight_std_dev": 0.0,
    "induced_norm": 3.1622776601683795,
    "max_edge_order": 14,
    "max_edge_weight": 0.31622776601683794,
    "max_vertex_degree": 10,
    "min_edge_order": 12.159663865546218,
    "min_edge_weight": 0.31622776601683794,
    "n_qubits": 15,
    "total_pstrings": 10
}