{
    "avg_edge_order": 9,
    "avg_edge_weight": 0.3015113445777637,
    "avg_vertex_degree": 8.6,
    "edge_order_std_dev": 1.5467398949487425,
    "edge_weight_std_dev": 5.551115123125783e-17,
    "induced_norm": 3.3166247903554007,
    "max_edge_order": 14,
    "max_edge_weight": 0.30151134457776363,
    "max_vertex_degree": 11,
    "min_edge_order": 11.945736434108527,
    "min_edge_weight": 0.30151134457776363,
    "n_qubits": 15,
    "total_pstrings": 11
}