{
    "avg_edge_order": 8,
    "avg_edge_weight": 0.26726124191242434,
    "avg_vertex_degree": 10.933333333333334,
    "edge_order_std_dev": 1.8278042922141635,
    "edge_weight_std_dev": 5.551115123125783e-17,
    "induced_norm": 3.7416573867739404,
    "max_edge_order": 14,
    "max_edge_weight": 0.2672612419124244,
    "max_vertex_degree": 14,
    "min_edge_order": 12.024390243902438,
    "min_edge_weight": 0.2672612419124244,
    "n_qubits": 15,
    "total_pstrings": 14
}