{
    "avg_edge_order": 8,
    "avg_edge_weight": 0.25819888974716104,
    "avg_vertex_degree": 11.666666666666666,
    "edge_order_std_dev": 1.747712207196502,
    "edge_weight_std_dev": 5.551115123125783e-17,
    "induced_norm": 3.8729833462074152,
    "max_edge_order": 14,
    "max_edge_weight": 0.2581988897471611,
    "max_vertex_degree": 15,
    "min_edge_order": 11.948571428571428,
    "min_edge_weight": 0.2581988897471611,
    "n_qubits": 15,
    "total_pstrings": 15
}