{
    "avg_edge_order": 13,
    "avg_edge_weight": 0.7071067811865475,
    "avg_vertex_degree": 1.625,
    "edge_order_std_dev": 0.997445717412067,
    "edge_weight_std_dev": 0.0,
    "induced_norm": 1.414213562373095,
    "max_edge_order": 15,
    "max_edge_weight": 0.7071067811865475,
    "max_vertex_degree": 2,
    "min_edge_order": 14.071428571428571,
    "min_edge_weight": 0.7071067811865475,
    "n_qubits": 17,
    "total_pstrings": 2
}