{
    "avg_edge_order": 12,
    "avg_edge_weight": 0.5773502691896258,
    "avg_vertex_degree": 2.3125,
    "edge_order_std_dev": 1.263922465976454,
    "edge_weight_std_dev": 0.0,
    "induced_norm": 1.7320508075688776,
    "max_edge_order": 15,
    "max_edge_weight": 0.5773502691896258,
    "max_vertex_degree": 3,
    "min_edge_order": 13.45,
    "min_edge_weight": 0.5773502691896258,
    "n_qubits": 17,
    "total_pstrings": 3
}