{
    "avg_edge_order": 3,
    "avg_edge_weight": 0.447213595499958,
    "avg_vertex_degree": 3.0,
    "edge_order_std_dev": 0.8537498983243798,
    "edge_weight_std_dev": 5.551115123125783e-17,
    "induced_norm": 2.23606797749979,
    "max_edge_order": 5,
    "max_edge_weight": 0.4472135954999579,
    "max_vertex_degree": 4,
    "min_edge_order": 3.933333333333333,
    "min_edge_weight": 0.4472135954999579,
    "n_qubits": 5,
    "total_pstrings": 5
}