{
    "avg_edge_order": 12,
    "avg_edge_weight": 0.4082482904638631,
    "avg_vertex_degree": 4.9411764705882355,
    "edge_order_std_dev": 0.9609731462195509,
    "edge_weight_std_dev": 0.0,
    "induced_norm": 2.4494897427831783,
    "max_edge_order": 15,
    "max_edge_weight": 0.4082482904638631,
    "max_vertex_degree": 6,
    "min_edge_order": 14.071428571428571,
    "min_edge_weight": 0.4082482904638631,
    "n_qubits": 17,
    "total_pstrings": 6
}