{
    "avg_edge_order": 10,
    "avg_edge_weight": 0.35355339059327373,
    "avg_vertex_degree": 6.235294117647059,
    "edge_order_std_dev": 1.8490566037735854,
    "edge_weight_std_dev": 0.0,
    "induced_norm": 2.82842712474619,
    "max_edge_order": 16,
    "max_edge_weight": 0.35355339059327373,
    "max_vertex_degree": 8,
    "min_edge_order": 13.528301886792454,
    "min_edge_weight": 0.35355339059327373,
    "n_qubits": 17,
    "total_pstrings": 8
}