{
    "avg_edge_order": 11,
    "avg_edge_weight": 0.31622776601683794,
    "avg_vertex_degree": 7.882352941176471,
    "edge_order_std_dev": 1.4733845755177366,
    "edge_weight_std_dev": 0.0,
    "induced_norm": 3.1622776601683795,
    "max_edge_order": 16,
    "max_edge_weight": 0.31622776601683794,
    "max_vertex_degree": 10,
    "min_edge_order": 13.567164179104477,
    "min_edge_weight": 0.31622776601683794,
    "n_qubits": 17,
    "total_pstrings": 10
}