{
    "avg_edge_order": 11,
    "avg_edge_weight": 0.288675134594813,
    "avg_vertex_degree": 8.529411764705882,
    "edge_order_std_dev": 1.5298224466233419,
    "edge_weight_std_dev": 5.551115123125783e-17,
    "induced_norm": 3.4641016151377557,
    "max_edge_order": 16,
    "max_edge_weight": 0.2886751345948129,
    "max_vertex_degree": 11,
    "min_edge_order": 13.358620689655172,
    "min_edge_weight": 0.2886751345948129,
    "n_qubits": 17,
    "total_pstrings": 12
}