{
    "avg_edge_order": 11,
    "avg_edge_weight": 0.27735009811261463,
    "avg_vertex_degree": 10.117647058823529,
    "edge_order_std_dev": 1.5955251106087365,
    "edge_weight_std_dev": 5.551115123125783e-17,
    "induced_norm": 3.6055512754639905,
    "max_edge_order": 16,
    "max_edge_weight": 0.2773500981126146,
    "max_vertex_degree": 13,
    "min_edge_order": 13.418604651162791,
    "min_edge_weight": 0.2773500981126146,
    "n_qubits": 17,
    "total_pstrings": 13
}