{
    "avg_edge_order": 11,
    "avg_edge_weight": 0.26726124191242434,
    "avg_vertex_degree": 11.0,
    "edge_order_std_dev": 1.5990646126201884,
    "edge_weight_std_dev": 5.551115123125783e-17,
    "induced_norm": 3.7416573867739404,
    "max_edge_order": 16,
    "max_edge_weight": 0.2672612419124244,
    "max_vertex_degree": 14,
    "min_edge_order": 13.556149732620321,
    "min_edge_weight": 0.2672612419124244,
    "n_qubits": 17,
    "total_pstrings": 14
}