{
    "avg_edge_order": 11,
    "avg_edge_weight": 0.25819888974716104,
    "avg_vertex_degree": 11.647058823529411,
    "edge_order_std_dev": 1.3065491598369758,
    "edge_weight_std_dev": 5.551115123125783e-17,
    "induced_norm": 3.8729833462074152,
    "max_edge_order": 15,
    "max_edge_weight": 0.2581988897471611,
    "max_vertex_degree": 14,
    "min_edge_order": 13.333333333333334,
    "min_edge_weight": 0.2581988897471611,
    "n_qubits": 17,
    "total_pstrings": 15
}