{
    "avg_edge_order": 10,
    "avg_edge_weight": 0.24253562503633302,
    "avg_vertex_degree": 13.176470588235293,
    "edge_order_std_dev": 1.496994224833106,
    "edge_weight_std_dev": 5.551115123125783e-17,
    "induced_norm": 4.1231056256176615,
    "max_edge_order": 15,
    "max_edge_weight": 0.24253562503633297,
    "max_vertex_degree": 16,
    "min_edge_order": 13.366071428571429,
    "min_edge_weight": 0.24253562503633297,
    "n_qubits": 17,
    "total_pstrings": 17
}