{
    "avg_edge_order": 15,
    "avg_edge_weight": 0.7071067811865475,
    "avg_vertex_degree": 1.6666666666666667,
    "edge_order_std_dev": 0.998044963916957,
    "edge_weight_std_dev": 0.0,
    "induced_norm": 1.414213562373095,
    "max_edge_order": 17,
    "max_edge_weight": 0.7071067811865475,
    "max_vertex_degree": 2,
    "min_edge_order": 16.0625,
    "min_edge_weight": 0.7071067811865475,
    "n_qubits": 19,
    "total_pstrings": 2
}