{
    "avg_edge_order": 12,
    "avg_edge_weight": 0.5773502691896258,
    "avg_vertex_degree": 2.3157894736842106,
    "edge_order_std_dev": 1.9994834043566152,
    "edge_weight_std_dev": 0.0,
    "induced_norm": 1.7320508075688776,
    "max_edge_order": 17,
    "max_edge_weight": 0.5773502691896258,
    "max_vertex_degree": 3,
    "min_edge_order": 14.954545454545455,
    "min_edge_weight": 0.5773502691896258,
    "n_qubits": 19,
    "total_pstrings": 3
}