{
    "avg_edge_order": 13,
    "avg_edge_weight": 0.447213595499958,
    "avg_vertex_degree": 4.105263157894737,
    "edge_order_std_dev": 1.6006655420526779,
    "edge_weight_std_dev": 5.551115123125783e-17,
    "induced_norm": 2.23606797749979,
    "max_edge_order": 18,
    "max_edge_weight": 0.4472135954999579,
    "max_vertex_degree": 5,
    "min_edge_order": 15.76923076923077,
    "min_edge_weight": 0.4472135954999579,
    "n_qubits": 19,
    "total_pstrings": 5
}