{
    "avg_edge_order": 12,
    "avg_edge_weight": 0.4082482904638631,
    "avg_vertex_degree": 4.7368421052631575,
    "edge_order_std_dev": 1.7370330885211382,
    "edge_weight_std_dev": 0.0,
    "induced_norm": 2.4494897427831783,
    "max_edge_order": 17,
    "max_edge_weight": 0.4082482904638631,
    "max_vertex_degree": 6,
    "min_edge_order": 15.222222222222221,
    "min_edge_weight": 0.4082482904638631,
    "n_qubits": 19,
    "total_pstrings": 6
}