{
    "avg_edge_order": 12,
    "avg_edge_weight": 0.37796447300922725,
    "avg_vertex_degree": 5.578947368421052,
    "edge_order_std_dev": 1.6246148597456036,
    "edge_weight_std_dev": 5.551115123125783e-17,
    "induced_norm": 2.6457513110645907,
    "max_edge_order": 17,
    "max_edge_weight": 0.3779644730092272,
    "max_vertex_degree": 7,
    "min_edge_order": 15.339622641509434,
    "min_edge_weight": 0.3779644730092272,
    "n_qubits": 19,
    "total_pstrings": 7
}