{
    "avg_edge_order": 12,
    "avg_edge_weight": 0.35355339059327373,
    "avg_vertex_degree": 6.315789473684211,
    "edge_order_std_dev": 1.507389207279335,
    "edge_weight_std_dev": 0.0,
    "induced_norm": 2.82842712474619,
    "max_edge_order": 17,
    "max_edge_weight": 0.35355339059327373,
    "max_vertex_degree": 8,
    "min_edge_order": 15.166666666666666,
    "min_edge_weight": 0.35355339059327373,
    "n_qubits": 19,
    "total_pstrings": 8
}