{
    "avg_edge_order": 12,
    "avg_edge_weight": 0.3333333333333333,
    "avg_vertex_degree": 7.052631578947368,
    "edge_order_std_dev": 1.544181153000307,
    "edge_weight_std_dev": 0.0,
    "induced_norm": 3.0,
    "max_edge_order": 17,
    "max_edge_weight": 0.3333333333333333,
    "max_vertex_degree": 9,
    "min_edge_order": 15.059701492537313,
    "min_edge_weight": 0.3333333333333333,
    "n_qubits": 19,
    "total_pstrings": 9
}