{
    "avg_edge_order": 5,
    "avg_edge_weight": 0.5773502691896258,
    "avg_vertex_degree": 2.4285714285714284,
    "edge_order_std_dev": 0.9843059135695005,
    "edge_weight_std_dev": 0.0,
    "induced_norm": 1.7320508075688776,
    "max_edge_order": 7,
    "max_edge_weight": 0.5773502691896258,
    "max_vertex_degree": 3,
    "min_edge_order": 5.823529411764706,
    "min_edge_weight": 0.5773502691896258,
    "n_qubits": 7,
    "total_pstrings": 3
}