{
    "avg_edge_order": 12,
    "avg_edge_weight": 0.31622776601683794,
    "avg_vertex_degree": 7.947368421052632,
    "edge_order_std_dev": 1.7505755380065489,
    "edge_weight_std_dev": 0.0,
    "induced_norm": 3.1622776601683795,
    "max_edge_order": 17,
    "max_edge_weight": 0.31622776601683794,
    "max_vertex_degree": 10,
    "min_edge_order": 15.317880794701987,
    "min_edge_weight": 0.31622776601683794,
    "n_qubits": 19,
    "total_pstrings": 10
}