{
    "avg_edge_order": 12,
    "avg_edge_weight": 0.3015113445777637,
    "avg_vertex_degree": 8.68421052631579,
    "edge_order_std_dev": 1.756363218102299,
    "edge_weight_std_dev": 5.551115123125783e-17,
    "induced_norm": 3.3166247903554007,
    "max_edge_order": 18,
    "max_edge_weight": 0.30151134457776363,
    "max_vertex_degree": 11,
    "min_edge_order": 15.206060606060607,
    "min_edge_weight": 0.30151134457776363,
    "n_qubits": 19,
    "total_pstrings": 11
}