{
    "avg_edge_order": 12,
    "avg_edge_weight": 0.288675134594813,
    "avg_vertex_degree": 9.31578947368421,
    "edge_order_std_dev": 1.7752164030882935,
    "edge_weight_std_dev": 5.551115123125783e-17,
    "induced_norm": 3.4641016151377557,
    "max_edge_order": 18,
    "max_edge_weight": 0.2886751345948129,
    "max_vertex_degree": 12,
    "min_edge_order": 14.966101694915254,
    "min_edge_weight": 0.2886751345948129,
    "n_qubits": 19,
    "total_pstrings": 12
}