{
    "avg_edge_order": 12,
    "avg_edge_weight": 0.27735009811261463,
    "avg_vertex_degree": 10.210526315789474,
    "edge_order_std_dev": 1.6489689915985324,
    "edge_weight_std_dev": 5.551115123125783e-17,
    "induced_norm": 3.6055512754639905,
    "max_edge_order": 18,
    "max_edge_weight": 0.2773500981126146,
    "max_vertex_degree": 13,
    "min_edge_order": 15.11340206185567,
    "min_edge_weight": 0.2773500981126146,
    "n_qubits": 19,
    "total_pstrings": 13
}