{
    "avg_edge_order": 13,
    "avg_edge_weight": 0.26726124191242434,
    "avg_vertex_degree": 10.947368421052632,
    "edge_order_std_dev": 1.2319705675420742,
    "edge_weight_std_dev": 5.551115123125783e-17,
    "induced_norm": 3.7416573867739404,
    "max_edge_order": 17,
    "max_edge_weight": 0.2672612419124244,
    "max_vertex_degree": 13,
    "min_edge_order": 14.961538461538462,
    "min_edge_weight": 0.2672612419124244,
    "n_qubits": 19,
    "total_pstrings": 14
}