{
    "avg_edge_order": 13,
    "avg_edge_weight": 0.25819888974716104,
    "avg_vertex_degree": 11.631578947368421,
    "edge_order_std_dev": 1.225918709163306,
    "edge_weight_std_dev": 5.551115123125783e-17,
    "induced_norm": 3.8729833462074152,
    "max_edge_order": 17,
    "max_edge_weight": 0.2581988897471611,
    "max_vertex_degree": 14,
    "min_edge_order": 14.83710407239819,
    "min_edge_weight": 0.2581988897471611,
    "n_qubits": 19,
    "total_pstrings": 15
}