{
    "avg_edge_order": 11,
    "avg_edge_weight": 0.24253562503633302,
    "avg_vertex_degree": 12.894736842105264,
    "edge_order_std_dev": 1.5112296572828476,
    "edge_weight_std_dev": 5.551115123125783e-17,
    "induced_norm": 4.1231056256176615,
    "max_edge_order": 17,
    "max_edge_weight": 0.24253562503633297,
    "max_vertex_degree": 15,
    "min_edge_order": 14.583673469387755,
    "min_edge_weight": 0.24253562503633297,
    "n_qubits": 19,
    "total_pstrings": 17
}