{
    "avg_edge_order": 11,
    "avg_edge_weight": 0.23570226039551578,
    "avg_vertex_degree": 13.578947368421053,
    "edge_order_std_dev": 1.512859764415343,
    "edge_weight_std_dev": 8.326672684688674e-17,
    "induced_norm": 4.242640687119284,
    "max_edge_order": 17,
    "max_edge_weight": 0.23570226039551587,
    "max_vertex_degree": 17,
    "min_edge_order": 14.503875968992247,
    "min_edge_weight": 0.23570226039551587,
    "n_qubits": 19,
    "total_pstrings": 18
}