{
    "avg_edge_order": 11,
    "avg_edge_weight": 0.2294157338705617,
    "avg_vertex_degree": 14.157894736842104,
    "edge_order_std_dev": 1.6858971729989825,
    "edge_weight_std_dev": 5.551115123125783e-17,
    "induced_norm": 4.358898943540672,
    "max_edge_order": 17,
    "max_edge_weight": 0.22941573387056174,
    "max_vertex_degree": 17,
    "min_edge_order": 14.368029739776953,
    "min_edge_weight": 0.22941573387056174,
    "n_qubits": 19,
    "total_pstrings": 19
}