{
    "avg_edge_order": 15,
    "avg_edge_weight": 0.5773502691896258,
    "avg_vertex_degree": 2.380952380952381,
    "edge_order_std_dev": 1.2257242756835651,
    "edge_weight_std_dev": 0.0,
    "induced_norm": 1.7320508075688776,
    "max_edge_order": 18,
    "max_edge_weight": 0.5773502691896258,
    "max_vertex_degree": 3,
    "min_edge_order": 16.76,
    "min_edge_weight": 0.5773502691896258,
    "n_qubits": 21,
    "total_pstrings": 3
}