{
    "avg_edge_order": 15,
    "avg_edge_weight": 0.447213595499958,
    "avg_vertex_degree": 4.142857142857143,
    "edge_order_std_dev": 1.3119570642188758,
    "edge_weight_std_dev": 5.551115123125783e-17,
    "induced_norm": 2.23606797749979,
    "max_edge_order": 19,
    "max_edge_weight": 0.4472135954999579,
    "max_vertex_degree": 5,
    "min_edge_order": 17.50574712643678,
    "min_edge_weight": 0.4472135954999579,
    "n_qubits": 21,
    "total_pstrings": 5
}