{
    "avg_edge_order": 15,
    "avg_edge_weight": 0.4082482904638631,
    "avg_vertex_degree": 4.857142857142857,
    "edge_order_std_dev": 1.1262141553548524,
    "edge_weight_std_dev": 0.0,
    "induced_norm": 2.4494897427831783,
    "max_edge_order": 18,
    "max_edge_weight": 0.4082482904638631,
    "max_vertex_degree": 6,
    "min_edge_order": 17.07843137254902,
    "min_edge_weight": 0.4082482904638631,
    "n_qubits": 21,
    "total_pstrings": 6
}