{
    "avg_edge_order": 15,
    "avg_edge_weight": 0.37796447300922725,
    "avg_vertex_degree": 5.523809523809524,
    "edge_order_std_dev": 0.8968832278372387,
    "edge_weight_std_dev": 5.551115123125783e-17,
    "induced_norm": 2.6457513110645907,
    "max_edge_order": 18,
    "max_edge_weight": 0.3779644730092272,
    "max_vertex_degree": 7,
    "min_edge_order": 16.620689655172413,
    "min_edge_weight": 0.3779644730092272,
    "n_qubits": 21,
    "total_pstrings": 7
}