{
    "avg_edge_order": 15,
    "avg_edge_weight": 0.35355339059327373,
    "avg_vertex_degree": 6.238095238095238,
    "edge_order_std_dev": 1.1203444158141878,
    "edge_weight_std_dev": 0.0,
    "induced_norm": 2.82842712474619,
    "max_edge_order": 18,
    "max_edge_weight": 0.35355339059327373,
    "max_vertex_degree": 8,
    "min_edge_order": 16.450381679389313,
    "min_edge_weight": 0.35355339059327373,
    "n_qubits": 21,
    "total_pstrings": 8
}