{
    "avg_edge_order": 15,
    "avg_edge_weight": 0.3333333333333333,
    "avg_vertex_degree": 7.190476190476191,
    "edge_order_std_dev": 1.5927117897279381,
    "edge_weight_std_dev": 0.0,
    "induced_norm": 3.0,
    "max_edge_order": 20,
    "max_edge_weight": 0.3333333333333333,
    "max_vertex_degree": 9,
    "min_edge_order": 16.920529801324502,
    "min_edge_weight": 0.3333333333333333,
    "n_qubits": 21,
    "total_pstrings": 9
}