{
    "avg_edge_order": 15,
    "avg_edge_weight": 0.31622776601683794,
    "avg_vertex_degree": 7.904761904761905,
    "edge_order_std_dev": 1.5255600381846548,
    "edge_weight_std_dev": 0.0,
    "induced_norm": 3.1622776601683795,
    "max_edge_order": 19,
    "max_edge_weight": 0.31622776601683794,
    "max_vertex_degree": 10,
    "min_edge_order": 16.734939759036145,
    "min_edge_weight": 0.31622776601683794,
    "n_qubits": 21,
    "total_pstrings": 10
}