{
    "avg_edge_order": 14,
    "avg_edge_weight": 0.3015113445777637,
    "avg_vertex_degree": 8.571428571428571,
    "edge_order_std_dev": 1.4433329056538582,
    "edge_weight_std_dev": 5.551115123125783e-17,
    "induced_norm": 3.3166247903554007,
    "max_edge_order": 19,
    "max_edge_weight": 0.30151134457776363,
    "max_vertex_degree": 10,
    "min_edge_order": 16.488888888888887,
    "min_edge_weight": 0.30151134457776363,
    "n_qubits": 21,
    "total_pstrings": 11
}