{
    "avg_edge_order": 37836.145454545454,
    "avg_edge_weight": 0.0018626743099075204,
    "avg_vertex_degree": 37836.145454545454,
    "edge_order_std_dev": 10785.974231579525,
    "edge_weight_std_dev": 0.03754787931630128,
    "induced_norm": 711.8340262513283,
    "max_edge_order": 46127,
    "max_edge_weight": 5.248026023238021,
    "max_vertex_degree": 46127,
    "min_edge_order": 5778,
    "min_edge_weight": 1.755837924648776e-08,
    "n_qubits": 55,
    "total_pstrings": 382157
}