{
    "avg_edge_order": 793.2631578947369,
    "avg_edge_weight": 0.006419766972907376,
    "avg_vertex_degree": 793.2631578947369,
    "edge_order_std_dev": 157.766597126816,
    "edge_weight_std_dev": 0.026080450202260564,
    "induced_norm": 46.72948379579279,
    "max_edge_order": 937,
    "max_edge_weight": 1.9312586211355816,
    "max_vertex_degree": 937,
    "min_edge_order": 324,
    "min_edge_weight": 6.220468569194978e-06,
    "n_qubits": 19,
    "total_pstrings": 7279
}