{
    "CASs": [
        [
            null,
            null
        ]
    ],
    "bases": [
        "sto-6g"
    ],
    "charge": 0,
    "geometry": [
        "H 0.0 0.0 0.0",
        "H 1.5 0.0 0.0",
        "H 3.0 0.0 0.0",
        "H 0.75 1.29904 0.0",
        "H 1.5 2.59808 0.0",
        "H 2.25 1.29904 0.0",
        "H 2.25 0.32476 1.29904",
        "H 1.5 1.6238 1.29904",
        "H 0.75 0.32476 1.29904",
        "H 1.5 0.64952 2.59808"
    ],
    "multiplicity": 1,
    "name": "1.5_h10",
    "symmetry": false
}