{
    "avg_edge_order": 58759.028169014084,
    "avg_edge_weight": 0.00432213230635877,
    "avg_vertex_degree": 58759.028169014084,
    "edge_order_std_dev": 17106.075383128973,
    "edge_weight_std_dev": 1.1439132251072244,
    "induced_norm": 2588.892419524308,
    "max_edge_order": 72601,
    "max_edge_weight": 855.5198525399622,
    "max_vertex_degree": 72601,
    "min_edge_order": 7703,
    "min_edge_weight": 1.0090030664451584e-08,
    "n_qubits": 71,
    "total_pstrings": 598985
}