{
    "avg_edge_order": 115956.25352112677,
    "avg_edge_weight": 0.0014469170375645511,
    "avg_vertex_degree": 115956.25352112677,
    "edge_order_std_dev": 36619.73649327826,
    "edge_weight_std_dev": 0.47406248021190966,
    "induced_norm": 1802.9845105876989,
    "max_edge_order": 146377,
    "max_edge_weight": 508.3041520755636,
    "max_vertex_degree": 146377,
    "min_edge_order": 13559,
    "min_edge_weight": 1.0004607539302216e-08,
    "n_qubits": 71,
    "total_pstrings": 1246087
}