{
    "avg_edge_order": 134475.71830985916,
    "avg_edge_weight": 0.0009222169606421045,
    "avg_vertex_degree": 134475.71830985916,
    "edge_order_std_dev": 36070.667929864656,
    "edge_weight_std_dev": 0.11782179505575309,
    "induced_norm": 1332.353587331507,
    "max_edge_order": 160632,
    "max_edge_weight": 139.21601339024468,
    "max_vertex_degree": 160632,
    "min_edge_order": 18872,
    "min_edge_weight": 1.0010754356463814e-08,
    "n_qubits": 71,
    "total_pstrings": 1444729
}