{
    "avg_edge_order": 151665.62921348316,
    "avg_edge_weight": 0.0016051446141714266,
    "avg_vertex_degree": 151665.62921348316,
    "edge_order_std_dev": 45626.77440683956,
    "edge_weight_std_dev": 0.4317360158903269,
    "induced_norm": 2534.9631554009657,
    "max_edge_order": 188074,
    "max_edge_weight": 522.1260425578416,
    "max_vertex_degree": 188074,
    "min_edge_order": 16983,
    "min_edge_weight": 1.0001304478154781e-08,
    "n_qubits": 89,
    "total_pstrings": 1579274
}