{
    "avg_edge_order": 37815.236363636366,
    "avg_edge_weight": 0.001984393968649209,
    "avg_vertex_degree": 37815.236363636366,
    "edge_order_std_dev": 10786.935288012466,
    "edge_weight_std_dev": 0.05892218390466155,
    "induced_norm": 758.3421083012013,
    "max_edge_order": 46111,
    "max_edge_weight": 24.45786142612635,
    "max_vertex_degree": 46111,
    "min_edge_order": 5775,
    "min_edge_weight": 2.055681584290155e-08,
    "n_qubits": 55,
    "total_pstrings": 382153
}