{
    "avg_edge_order": 161142.5393258427,
    "avg_edge_weight": 0.001911083389435079,
    "avg_vertex_degree": 161142.5393258427,
    "edge_order_std_dev": 56358.42847727595,
    "edge_weight_std_dev": 0.8905850820784441,
    "induced_norm": 3284.1968047441833,
    "max_edge_order": 210614,
    "max_edge_weight": 1131.589138664058,
    "max_vertex_degree": 210614,
    "min_edge_order": 11662,
    "min_edge_weight": 1.0001961787289422e-08,
    "n_qubits": 89,
    "total_pstrings": 1718500
}