{
    "avg_edge_order": 92828.08450704225,
    "avg_edge_weight": 0.003135706455061326,
    "avg_vertex_degree": 92828.08450704225,
    "edge_order_std_dev": 27123.417618670443,
    "edge_weight_std_dev": 1.0747124683077616,
    "induced_norm": 3028.681658043628,
    "max_edge_order": 114057,
    "max_edge_weight": 1021.809998425563,
    "max_vertex_degree": 114057,
    "min_edge_order": 10796,
    "min_edge_weight": 1.0958272111886996e-08,
    "n_qubits": 71,
    "total_pstrings": 965869
}