{
    "avg_edge_order": 119436.71830985915,
    "avg_edge_weight": 0.002015890823190097,
    "avg_vertex_degree": 119436.71830985915,
    "edge_order_std_dev": 34376.195870694726,
    "edge_weight_std_dev": 0.6509029676246035,
    "induced_norm": 2531.2029148680654,
    "max_edge_order": 145503,
    "max_edge_weight": 703.4748923957881,
    "max_vertex_degree": 145503,
    "min_edge_order": 16060,
    "min_edge_weight": 1.0053707453356823e-08,
    "n_qubits": 71,
    "total_pstrings": 1255625
}