{
    "CASs": [
        [
            null,
            null
        ]
    ],
    "bases": [
        "cc-pvdz"
    ],
    "charge": 0,
    "geometry": [
        "C -5.58297 2.74009 -0.0",
        "H -6.5171 2.25526 0.0",
        "H -4.64882 3.22487 0.0"
    ],
    "multiplicity": 1,
    "name": "1.0_ch2",
    "symmetry": false
}