{
    "avg_edge_order": 414.93333333333334,
    "avg_edge_weight": 0.027049234236786582,
    "avg_vertex_degree": 414.93333333333334,
    "edge_order_std_dev": 71.44085354722154,
    "edge_weight_std_dev": 0.6341752777858237,
    "induced_norm": 97.18789861277419,
    "max_edge_order": 479,
    "max_edge_weight": 35.58067280990937,
    "max_vertex_degree": 479,
    "min_edge_order": 213,
    "min_edge_weight": 1.250643782016997e-08,
    "n_qubits": 15,
    "total_pstrings": 3593
}