{
    "CASs": [
        [
            null,
            null
        ]
    ],
    "bases": [
        "sto-6g"
    ],
    "charge": 0,
    "geometry": [
        "O -0.0 -0.17973 -0.09177",
        "O -0.0 -0.28568 1.94811",
        "O 0.0 1.53386 1.01992"
    ],
    "multiplicity": 1,
    "name": "1.5_o3",
    "symmetry": false
}