{
    "avg_edge_order": 793.2631578947369,
    "avg_edge_weight": 0.009368801839794686,
    "avg_vertex_degree": 793.2631578947369,
    "edge_order_std_dev": 157.766597126816,
    "edge_weight_std_dev": 0.05205807785540301,
    "induced_norm": 68.19550859186552,
    "max_edge_order": 937,
    "max_edge_weight": 3.8749408461276746,
    "max_vertex_degree": 937,
    "min_edge_order": 324,
    "min_edge_weight": 1.0795250545318834e-06,
    "n_qubits": 19,
    "total_pstrings": 7279
}