{
    "CASs": [
        [
            null,
            null
        ]
    ],
    "bases": [
        "sto-6g"
    ],
    "charge": 0,
    "geometry": [
        "H 0.0 0.0 0.0",
        "H 1.0 0.0 0.0",
        "H 2.0 0.0 0.0",
        "H 0.5 0.86603 0.0",
        "H 1.0 1.73205 0.0",
        "H 1.5 0.86603 0.0",
        "H 1.5 0.21651 0.86603",
        "H 1.0 1.08253 0.86603",
        "H 0.5 0.21651 0.86603",
        "H 1.0 0.43301 1.73205"
    ],
    "multiplicity": 1,
    "name": "1.0_h10",
    "symmetry": false
}