{
    "avg_edge_order": 778.2105263157895,
    "avg_edge_weight": 0.007647371900107106,
    "avg_vertex_degree": 778.2105263157895,
    "edge_order_std_dev": 155.0696206792863,
    "edge_weight_std_dev": 0.01994244957704455,
    "induced_norm": 55.665220060879626,
    "max_edge_order": 911,
    "max_edge_weight": 0.44348141473417957,
    "max_vertex_degree": 911,
    "min_edge_order": 322,
    "min_edge_weight": 3.7909302225384996e-06,
    "n_qubits": 19,
    "total_pstrings": 7279
}