{
    "avg_edge_order": 144.76923076923077,
    "avg_edge_weight": 0.10886389166397893,
    "avg_vertex_degree": 144.76923076923077,
    "edge_order_std_dev": 26.288792131172105,
    "edge_weight_std_dev": 1.549796698945441,
    "induced_norm": 118.22618634708112,
    "max_edge_order": 173,
    "max_edge_weight": 47.7907980201665,
    "max_vertex_degree": 173,
    "min_edge_order": 76,
    "min_edge_weight": 5.212008405024621e-05,
    "n_qubits": 13,
    "total_pstrings": 1086
}