{
    "avg_edge_order": 43813.236363636366,
    "avg_edge_weight": 0.001851792314929122,
    "avg_vertex_degree": 43813.236363636366,
    "edge_order_std_dev": 12375.272222480437,
    "edge_weight_std_dev": 0.05451151985647564,
    "induced_norm": 826.2863970522086,
    "max_edge_order": 53556,
    "max_edge_weight": 24.534445859501528,
    "max_vertex_degree": 53556,
    "min_edge_order": 7541,
    "min_edge_weight": 1.004684961187661e-08,
    "n_qubits": 55,
    "total_pstrings": 446209
}