{
    "avg_edge_order": 634.578947368421,
    "avg_edge_weight": 0.03221875449491532,
    "avg_vertex_degree": 634.578947368421,
    "edge_order_std_dev": 133.69734705452566,
    "edge_weight_std_dev": 0.9680855096312364,
    "induced_norm": 188.51193254974953,
    "max_edge_order": 796,
    "max_edge_weight": 70.98616215402156,
    "max_vertex_degree": 796,
    "min_edge_order": 263,
    "min_edge_weight": 2.9079505041254982e-08,
    "n_qubits": 19,
    "total_pstrings": 5851
}