{
    "avg_edge_order": 1,
    "avg_edge_weight": 35.15009438848632,
    "avg_vertex_degree": 22.0,
    "edge_order_std_dev": 2.4186773244895647,
    "edge_weight_std_dev": 103.91718320674093,
    "induced_norm": 6713.668028200889,
    "max_edge_order": 10,
    "max_edge_weight": 1197.137444175326,
    "max_vertex_degree": 30,
    "min_edge_order": 5.5,
    "min_edge_weight": 0.11377373438156702,
    "n_qubits": 10,
    "total_pstrings": 191
}