{
    "avg_edge_order": 1,
    "avg_edge_weight": 28.300801114472115,
    "avg_vertex_degree": 5.0,
    "edge_order_std_dev": 1.02469507659596,
    "edge_weight_std_dev": 43.10819226098174,
    "induced_norm": 820.723232319691,
    "max_edge_order": 4,
    "max_edge_weight": 245.74644423492322,
    "max_vertex_degree": 6,
    "min_edge_order": 2.5,
    "min_edge_weight": 2.3542870234377626,
    "n_qubits": 4,
    "total_pstrings": 29
}