{
    "avg_edge_order": 1,
    "avg_edge_weight": 0.5089691276785864,
    "avg_vertex_degree": 31.25,
    "clustering_coefficient": 0.3020515375333818,
    "edge_order_std_dev": 2.9042191530407777,
    "edge_weight_std_dev": 0.8199708166335586,
    "induced_norm": 202.06074368839882,
    "max_edge_order": 12,
    "max_edge_weight": 12.276549243075046,
    "max_vertex_degree": 42,
    "min_edge_order": 6.386666666666667,
    "min_edge_weight": 0.0025423301223312933,
    "n_qubits": 12,
    "total_pstrings": 397
}