{
    "avg_edge_order": 1,
    "avg_edge_weight": 0.540661701103626,
    "avg_vertex_degree": 31.25,
    "clustering_coefficient": 0.3020515375333818,
    "edge_order_std_dev": 2.9042191530407777,
    "edge_weight_std_dev": 0.8151544124739066,
    "induced_norm": 214.6426953381395,
    "max_edge_order": 12,
    "max_edge_weight": 11.980805176280034,
    "max_vertex_degree": 42,
    "min_edge_order": 6.386666666666667,
    "min_edge_weight": 0.00014562127484279985,
    "n_qubits": 12,
    "total_pstrings": 397
}