{
    "avg_edge_order": 1,
    "avg_edge_weight": 0.5324089419587325,
    "avg_vertex_degree": 31.25,
    "clustering_coefficient": 0.3020515375333818,
    "edge_order_std_dev": 2.9042191530407777,
    "edge_weight_std_dev": 0.8188110447975679,
    "induced_norm": 211.36634995761682,
    "max_edge_order": 12,
    "max_edge_weight": 12.228156139723774,
    "max_vertex_degree": 42,
    "min_edge_order": 6.386666666666667,
    "min_edge_weight": 0.00038492801734579807,
    "n_qubits": 12,
    "total_pstrings": 397
}