{
    "avg_edge_order": 1,
    "avg_edge_weight": 32.372495183262245,
    "avg_vertex_degree": 30.333333333333332,
    "edge_order_std_dev": 2.8722813232690143,
    "edge_weight_std_dev": 93.01231729386686,
    "induced_norm": 8967.181165763644,
    "max_edge_order": 12,
    "max_edge_weight": 1250.828391658437,
    "max_vertex_degree": 42,
    "min_edge_order": 6.5,
    "min_edge_weight": 0.08779830260677857,
    "n_qubits": 12,
    "total_pstrings": 277
}