{
    "avg_edge_order": 1,
    "avg_edge_weight": 27.330274687222996,
    "avg_vertex_degree": 187.0,
    "edge_order_std_dev": 7.365459931328117,
    "edge_weight_std_dev": 104.31977408861547,
    "induced_norm": 55125.16404412879,
    "max_edge_order": 32,
    "max_edge_weight": 4666.425406696312,
    "max_vertex_degree": 272,
    "min_edge_order": 16.5,
    "min_edge_weight": 0.056449413067909404,
    "n_qubits": 32,
    "total_pstrings": 2017
}