{
    "avg_edge_order": 1,
    "avg_edge_weight": 0.48970958578091345,
    "avg_vertex_degree": 31.25,
    "clustering_coefficient": 0.3020515375333818,
    "edge_order_std_dev": 2.9042191530407777,
    "edge_weight_std_dev": 0.7644263930082428,
    "induced_norm": 194.41470555502264,
    "max_edge_order": 12,
    "max_edge_weight": 11.27347759681535,
    "max_vertex_degree": 42,
    "min_edge_order": 6.386666666666667,
    "min_edge_weight": 0.0011897332932040983,
    "n_qubits": 12,
    "total_pstrings": 397
}