{
    "avg_edge_order": 1,
    "avg_edge_weight": 27.61580066611488,
    "avg_vertex_degree": 187.0,
    "edge_order_std_dev": 7.365459931328117,
    "edge_weight_std_dev": 103.83055780156637,
    "induced_norm": 55701.06994355372,
    "max_edge_order": 32,
    "max_edge_weight": 4644.330373772542,
    "max_vertex_degree": 272,
    "min_edge_order": 16.5,
    "min_edge_weight": 0.03410940632261328,
    "n_qubits": 32,
    "total_pstrings": 2017
}