{
    "avg_edge_order": 1,
    "avg_edge_weight": 33.613870472887086,
    "avg_vertex_degree": 30.333333333333332,
    "edge_order_std_dev": 2.8722813232690143,
    "edge_weight_std_dev": 92.93580760072388,
    "induced_norm": 9311.042120989729,
    "max_edge_order": 12,
    "max_edge_weight": 1215.8257169837605,
    "max_vertex_degree": 42,
    "min_edge_order": 6.5,
    "min_edge_weight": 0.04777531173507077,
    "n_qubits": 12,
    "total_pstrings": 277
}