{
    "avg_edge_order": 1,
    "avg_edge_weight": 0.2862442929230786,
    "avg_vertex_degree": 34.92307692307692,
    "clustering_coefficient": 0.36324815837986735,
    "edge_order_std_dev": 3.088960271893183,
    "edge_weight_std_dev": 0.6927296926613805,
    "induced_norm": 93.3156394929236,
    "max_edge_order": 13,
    "max_edge_weight": 12.514987201898261,
    "max_vertex_degree": 49,
    "min_edge_order": 7.013215859030837,
    "min_edge_weight": 0.00016115474337735636,
    "n_qubits": 13,
    "total_pstrings": 326
}