{
    "avg_edge_order": 1,
    "avg_edge_weight": 0.29902126112969124,
    "avg_vertex_degree": 34.92307692307692,
    "clustering_coefficient": 0.36324815837986735,
    "edge_order_std_dev": 3.088960271893183,
    "edge_weight_std_dev": 0.732347791200236,
    "induced_norm": 97.48093112827941,
    "max_edge_order": 13,
    "max_edge_weight": 13.234696002596795,
    "max_vertex_degree": 49,
    "min_edge_order": 7.013215859030837,
    "min_edge_weight": 0.00015079275828444594,
    "n_qubits": 13,
    "total_pstrings": 326
}