{
    "avg_edge_order": 1,
    "avg_edge_weight": 36.40156943282857,
    "avg_vertex_degree": 30.333333333333332,
    "edge_order_std_dev": 2.8722813232690143,
    "edge_weight_std_dev": 107.92551885553426,
    "induced_norm": 10083.234732893512,
    "max_edge_order": 12,
    "max_edge_weight": 1292.6691543715713,
    "max_vertex_degree": 42,
    "min_edge_order": 6.5,
    "min_edge_weight": 0.5387189154397234,
    "n_qubits": 12,
    "total_pstrings": 277
}