{
    "avg_edge_order": 1,
    "avg_edge_weight": 0.291898117076189,
    "avg_vertex_degree": 34.92307692307692,
    "clustering_coefficient": 0.36324815837986735,
    "edge_order_std_dev": 3.088960271893183,
    "edge_weight_std_dev": 0.7252617000542199,
    "induced_norm": 95.15878616683759,
    "max_edge_order": 13,
    "max_edge_weight": 13.110585306399079,
    "max_vertex_degree": 49,
    "min_edge_order": 7.013215859030837,
    "min_edge_weight": 0.0004244633420032451,
    "n_qubits": 13,
    "total_pstrings": 326
}