{
    "avg_edge_order": 1,
    "avg_edge_weight": 29.61499809667753,
    "avg_vertex_degree": 9.333333333333334,
    "clustering_coefficient": 0.35792998500100826,
    "edge_order_std_dev": 1.5,
    "edge_weight_std_dev": 50.590955882097376,
    "induced_norm": 1984.2048724773945,
    "max_edge_order": 6,
    "max_edge_weight": 414.22593245513764,
    "max_vertex_degree": 12,
    "min_edge_order": 3.5,
    "min_edge_weight": 0.6331665324690814,
    "n_qubits": 6,
    "total_pstrings": 67
}