{
    "avg_edge_order": 1,
    "avg_edge_weight": 27.739245165597936,
    "avg_vertex_degree": 187.0,
    "edge_order_std_dev": 7.365459931328117,
    "edge_weight_std_dev": 105.86272794070594,
    "induced_norm": 56061.01447967339,
    "max_edge_order": 32,
    "max_edge_weight": 4739.016288723593,
    "max_vertex_degree": 272,
    "min_edge_order": 16.5,
    "min_edge_weight": 0.004293239859769926,
    "n_qubits": 32,
    "total_pstrings": 2021
}