{
    "avg_edge_order": 1,
    "avg_edge_weight": 0.3011602362195777,
    "avg_vertex_degree": 34.92307692307692,
    "clustering_coefficient": 0.36324815837986735,
    "edge_order_std_dev": 3.088960271893183,
    "edge_weight_std_dev": 0.7103519523445636,
    "induced_norm": 98.17823700758237,
    "max_edge_order": 13,
    "max_edge_weight": 12.844474253951411,
    "max_vertex_degree": 49,
    "min_edge_order": 7.013215859030837,
    "min_edge_weight": 0.0011731201454087126,
    "n_qubits": 13,
    "total_pstrings": 326
}