{
    "avg_edge_order": 1,
    "avg_edge_weight": 0.29064992916721816,
    "avg_vertex_degree": 34.92307692307692,
    "clustering_coefficient": 0.36324815837986735,
    "edge_order_std_dev": 3.088960271893183,
    "edge_weight_std_dev": 0.7412250266086293,
    "induced_norm": 94.75187690851314,
    "max_edge_order": 13,
    "max_edge_weight": 13.401865175034633,
    "max_vertex_degree": 49,
    "min_edge_order": 7.013215859030837,
    "min_edge_weight": 0.0015373384746289465,
    "n_qubits": 13,
    "total_pstrings": 326
}