{
    "avg_edge_order": 1,
    "avg_edge_weight": 0.2986501678786794,
    "avg_vertex_degree": 34.92307692307692,
    "clustering_coefficient": 0.36324815837986735,
    "edge_order_std_dev": 3.088960271893183,
    "edge_weight_std_dev": 0.7315035237298753,
    "induced_norm": 97.35995472844954,
    "max_edge_order": 13,
    "max_edge_weight": 13.196680443977328,
    "max_vertex_degree": 49,
    "min_edge_order": 7.013215859030837,
    "min_edge_weight": 0.0014567163163825558,
    "n_qubits": 13,
    "total_pstrings": 326
}