{
    "avg_edge_order": 1,
    "avg_edge_weight": 27.75358801513625,
    "avg_vertex_degree": 187.0625,
    "edge_order_std_dev": 7.3689957352813105,
    "edge_weight_std_dev": 104.82186394531134,
    "induced_norm": 56284.27649469637,
    "max_edge_order": 32,
    "max_edge_weight": 4684.773442292254,
    "max_vertex_degree": 272,
    "min_edge_order": 16.49515536251253,
    "min_edge_weight": 0.001992669191086094,
    "n_qubits": 32,
    "total_pstrings": 2028
}