{
    "avg_edge_order": 1,
    "avg_edge_weight": 33.063134249625904,
    "avg_vertex_degree": 30.333333333333332,
    "edge_order_std_dev": 2.8722813232690143,
    "edge_weight_std_dev": 94.25168154997435,
    "induced_norm": 9158.488187146373,
    "max_edge_order": 12,
    "max_edge_weight": 1476.5390888493694,
    "max_vertex_degree": 42,
    "min_edge_order": 6.5,
    "min_edge_weight": 0.03927707595964591,
    "n_qubits": 12,
    "total_pstrings": 277
}