{
    "avg_edge_order": 1,
    "avg_edge_weight": 0.29061762169260547,
    "avg_vertex_degree": 34.92307692307692,
    "clustering_coefficient": 0.36324815837986735,
    "edge_order_std_dev": 3.088960271893183,
    "edge_weight_std_dev": 0.7041536409809127,
    "induced_norm": 94.74134467178934,
    "max_edge_order": 13,
    "max_edge_weight": 12.677084985412852,
    "max_vertex_degree": 49,
    "min_edge_order": 7.013215859030837,
    "min_edge_weight": 0.005675235777938548,
    "n_qubits": 13,
    "total_pstrings": 326
}