{
    "avg_edge_order": 1,
    "avg_edge_weight": 33.33996253995786,
    "avg_vertex_degree": 30.333333333333332,
    "edge_order_std_dev": 2.8722813232690143,
    "edge_weight_std_dev": 110.35707932104184,
    "induced_norm": 9235.169623568323,
    "max_edge_order": 12,
    "max_edge_weight": 1504.9206888126928,
    "max_vertex_degree": 42,
    "min_edge_order": 6.5,
    "min_edge_weight": 0.16739373030360127,
    "n_qubits": 12,
    "total_pstrings": 277
}