{
    "avg_edge_order": 1,
    "avg_edge_weight": 0.3099443311151414,
    "avg_vertex_degree": 34.92307692307692,
    "clustering_coefficient": 0.36324815837986735,
    "edge_order_std_dev": 3.088960271893183,
    "edge_weight_std_dev": 0.7679334152757218,
    "induced_norm": 101.35179627465124,
    "max_edge_order": 13,
    "max_edge_weight": 13.874430914798227,
    "max_vertex_degree": 49,
    "min_edge_order": 7.013215859030837,
    "min_edge_weight": 0.0012960018546370189,
    "n_qubits": 13,
    "total_pstrings": 327
}