{
    "avg_edge_order": 1,
    "avg_edge_weight": 28.75888352615537,
    "avg_vertex_degree": 187.375,
    "edge_order_std_dev": 7.384673615892584,
    "edge_weight_std_dev": 102.02343742315034,
    "induced_norm": 59645.92443324623,
    "max_edge_order": 32,
    "max_edge_weight": 4552.5707151421975,
    "max_vertex_degree": 272,
    "min_edge_order": 16.471981320880587,
    "min_edge_weight": 0.002444798502764911,
    "n_qubits": 32,
    "total_pstrings": 2074
}