{
    "avg_edge_order": 1,
    "avg_edge_weight": 0.29418713177678923,
    "avg_vertex_degree": 34.92307692307692,
    "clustering_coefficient": 0.36324815837986735,
    "edge_order_std_dev": 3.088960271893183,
    "edge_weight_std_dev": 0.7337210378709829,
    "induced_norm": 96.19919209101006,
    "max_edge_order": 13,
    "max_edge_weight": 13.230620415073851,
    "max_vertex_degree": 49,
    "min_edge_order": 7.013215859030837,
    "min_edge_weight": 0.0014955034042283266,
    "n_qubits": 13,
    "total_pstrings": 327
}