{
    "avg_edge_order": 1,
    "avg_edge_weight": 0.3073087638432881,
    "avg_vertex_degree": 34.92307692307692,
    "clustering_coefficient": 0.36324815837986735,
    "edge_order_std_dev": 3.088960271893183,
    "edge_weight_std_dev": 0.7458746435693732,
    "induced_norm": 100.48996577675526,
    "max_edge_order": 13,
    "max_edge_weight": 13.505352650864122,
    "max_vertex_degree": 49,
    "min_edge_order": 7.013215859030837,
    "min_edge_weight": 0.0010518363655270813,
    "n_qubits": 13,
    "total_pstrings": 327
}