{
    "avg_edge_order": 1,
    "avg_edge_weight": 30.54006175397486,
    "avg_vertex_degree": 9.333333333333334,
    "clustering_coefficient": 0.35792998500100826,
    "edge_order_std_dev": 1.5,
    "edge_weight_std_dev": 47.687184267083694,
    "induced_norm": 2046.1841375163162,
    "max_edge_order": 6,
    "max_edge_weight": 394.57706978246824,
    "max_vertex_degree": 12,
    "min_edge_order": 3.5,
    "min_edge_weight": 0.15630104115605992,
    "n_qubits": 6,
    "total_pstrings": 67
}