{
    "avg_edge_order": 1,
    "avg_edge_weight": 34.3202649286738,
    "avg_vertex_degree": 30.333333333333332,
    "edge_order_std_dev": 2.8722813232690143,
    "edge_weight_std_dev": 106.01900858315712,
    "induced_norm": 9506.713385242636,
    "max_edge_order": 12,
    "max_edge_weight": 1496.0394548721326,
    "max_vertex_degree": 42,
    "min_edge_order": 6.5,
    "min_edge_weight": 0.08470879705110845,
    "n_qubits": 12,
    "total_pstrings": 277
}