{
    "avg_edge_order": 1,
    "avg_edge_weight": 31.85939917853926,
    "avg_vertex_degree": 187.375,
    "edge_order_std_dev": 7.384673615892584,
    "edge_weight_std_dev": 103.98521186723771,
    "induced_norm": 68083.53604453843,
    "max_edge_order": 32,
    "max_edge_weight": 4642.452311104172,
    "max_vertex_degree": 272,
    "min_edge_order": 16.471981320880587,
    "min_edge_weight": 0.08048543547423681,
    "n_qubits": 32,
    "total_pstrings": 2137
}