{
    "avg_edge_order": 1,
    "avg_edge_weight": 0.2900984104775315,
    "avg_vertex_degree": 34.92307692307692,
    "clustering_coefficient": 0.36335208512719086,
    "edge_order_std_dev": 3.088960271893183,
    "edge_weight_std_dev": 0.7300675102880648,
    "induced_norm": 95.73247545758542,
    "max_edge_order": 13,
    "max_edge_weight": 13.01256176126611,
    "max_vertex_degree": 49,
    "min_edge_order": 7.013215859030837,
    "min_edge_weight": 0.00048305475076121374,
    "n_qubits": 13,
    "total_pstrings": 330
}