{
    "avg_edge_order": 1,
    "avg_edge_weight": 0.2972556530423057,
    "avg_vertex_degree": 34.92307692307692,
    "clustering_coefficient": 0.36335208512719086,
    "edge_order_std_dev": 3.088960271893183,
    "edge_weight_std_dev": 0.7339963959605601,
    "induced_norm": 98.09436550396093,
    "max_edge_order": 13,
    "max_edge_weight": 13.08817906445955,
    "max_vertex_degree": 49,
    "min_edge_order": 7.013215859030837,
    "min_edge_weight": 0.0005208555959774208,
    "n_qubits": 13,
    "total_pstrings": 330
}