{
    "avg_edge_order": 1,
    "avg_edge_weight": 0.3108183356985916,
    "avg_vertex_degree": 34.92307692307692,
    "clustering_coefficient": 0.36335208512719086,
    "edge_order_std_dev": 3.088960271893183,
    "edge_weight_std_dev": 0.7443682606923413,
    "induced_norm": 102.5700507805352,
    "max_edge_order": 13,
    "max_edge_weight": 13.328763194871295,
    "max_vertex_degree": 49,
    "min_edge_order": 7.013215859030837,
    "min_edge_weight": 0.0003148121643488655,
    "n_qubits": 13,
    "total_pstrings": 330
}