{
    "avg_edge_order": 1,
    "avg_edge_weight": 0.3026094652160302,
    "avg_vertex_degree": 34.92307692307692,
    "clustering_coefficient": 0.36335208512719086,
    "edge_order_std_dev": 3.088960271893183,
    "edge_weight_std_dev": 0.7689268142185803,
    "induced_norm": 99.86112352128993,
    "max_edge_order": 13,
    "max_edge_weight": 13.894776944103487,
    "max_vertex_degree": 49,
    "min_edge_order": 7.013215859030837,
    "min_edge_weight": 0.0023981319205775287,
    "n_qubits": 13,
    "total_pstrings": 330
}