{
    "avg_edge_order": 1,
    "avg_edge_weight": 0.31184051276613384,
    "avg_vertex_degree": 34.92307692307692,
    "clustering_coefficient": 0.36335208512719086,
    "edge_order_std_dev": 3.088960271893183,
    "edge_weight_std_dev": 0.7765133143125589,
    "induced_norm": 102.90736921282416,
    "max_edge_order": 13,
    "max_edge_weight": 13.937387975724327,
    "max_vertex_degree": 49,
    "min_edge_order": 7.013215859030837,
    "min_edge_weight": 0.00980162449499511,
    "n_qubits": 13,
    "total_pstrings": 330
}