{
    "avg_edge_order": 1,
    "avg_edge_weight": 32.63489141268172,
    "avg_vertex_degree": 9.333333333333334,
    "clustering_coefficient": 0.35792998500100826,
    "edge_order_std_dev": 1.5,
    "edge_weight_std_dev": 54.015274587594,
    "induced_norm": 2186.5377246496746,
    "max_edge_order": 6,
    "max_edge_weight": 454.0825508642575,
    "max_vertex_degree": 12,
    "min_edge_order": 3.5,
    "min_edge_weight": 0.4277281460571274,
    "n_qubits": 6,
    "total_pstrings": 67
}