{
    "avg_edge_order": 1,
    "avg_edge_weight": 27.08937307783067,
    "avg_vertex_degree": 210.0,
    "edge_order_std_dev": 7.813449942247022,
    "edge_weight_std_dev": 105.41242079155015,
    "induced_norm": 61736.68124437613,
    "max_edge_order": 34,
    "max_edge_weight": 5011.681458926362,
    "max_vertex_degree": 306,
    "min_edge_order": 17.5,
    "min_edge_weight": 0.007904886335666106,
    "n_qubits": 34,
    "total_pstrings": 2279
}