{
    "avg_edge_order": 1,
    "avg_edge_weight": 32.44739187493826,
    "avg_vertex_degree": 30.333333333333332,
    "edge_order_std_dev": 2.8722813232690143,
    "edge_weight_std_dev": 87.04716213943388,
    "induced_norm": 8987.927549357897,
    "max_edge_order": 12,
    "max_edge_weight": 1415.0477285694703,
    "max_vertex_degree": 42,
    "min_edge_order": 6.5,
    "min_edge_weight": 0.2728343473545003,
    "n_qubits": 12,
    "total_pstrings": 277
}