{
    "avg_edge_order": 1,
    "avg_edge_weight": 39.27882058788255,
    "avg_vertex_degree": 15.25,
    "edge_order_std_dev": 1.971716157637461,
    "edge_weight_std_dev": 65.03371389628876,
    "induced_norm": 5184.804317600497,
    "max_edge_order": 8,
    "max_edge_weight": 674.2730710001053,
    "max_vertex_degree": 20,
    "min_edge_order": 4.459016393442623,
    "min_edge_weight": 0.4699403052494766,
    "n_qubits": 8,
    "total_pstrings": 132
}