{
    "avg_edge_order": 1,
    "avg_edge_weight": 30.922401644794235,
    "avg_vertex_degree": 22.0,
    "edge_order_std_dev": 2.4186773244895647,
    "edge_weight_std_dev": 74.29466244264358,
    "induced_norm": 5906.178714155701,
    "max_edge_order": 10,
    "max_edge_weight": 1011.1606191964721,
    "max_vertex_degree": 30,
    "min_edge_order": 5.5,
    "min_edge_weight": 0.1231594065298438,
    "n_qubits": 10,
    "total_pstrings": 191
}