{
    "avg_edge_order": 1,
    "avg_edge_weight": 31.357640915339626,
    "avg_vertex_degree": 5.0,
    "clustering_coefficient": 0.4220077730200311,
    "edge_order_std_dev": 1.02469507659596,
    "edge_weight_std_dev": 43.113037039320815,
    "induced_norm": 909.3715865448493,
    "max_edge_order": 4,
    "max_edge_weight": 248.1345405194516,
    "max_vertex_degree": 6,
    "min_edge_order": 2.5,
    "min_edge_weight": 3.9819928173023094,
    "n_qubits": 4,
    "total_pstrings": 29
}