{
    "avg_edge_order": 1,
    "avg_edge_weight": 0.33078758552568815,
    "avg_vertex_degree": 35.07692307692308,
    "clustering_coefficient": 0.36410295495480843,
    "edge_order_std_dev": 3.099930995369766,
    "edge_weight_std_dev": 0.7550536430030436,
    "induced_norm": 111.47541632215689,
    "max_edge_order": 13,
    "max_edge_weight": 13.472834145740968,
    "max_vertex_degree": 49,
    "min_edge_order": 6.991228070175438,
    "min_edge_weight": 0.00030932155977836384,
    "n_qubits": 13,
    "total_pstrings": 337
}