{
    "avg_edge_order": 1,
    "avg_edge_weight": 35.203814884149516,
    "avg_vertex_degree": 30.333333333333332,
    "edge_order_std_dev": 2.8722813232690143,
    "edge_weight_std_dev": 119.28123059537448,
    "induced_norm": 9751.456722909417,
    "max_edge_order": 12,
    "max_edge_weight": 1882.0108119329102,
    "max_vertex_degree": 42,
    "min_edge_order": 6.5,
    "min_edge_weight": 0.559990773631192,
    "n_qubits": 12,
    "total_pstrings": 277
}