{
    "avg_edge_order": 1,
    "avg_edge_weight": 26.678140270947342,
    "avg_vertex_degree": 210.0,
    "edge_order_std_dev": 7.813449942247022,
    "edge_weight_std_dev": 105.17847281988048,
    "induced_norm": 60826.15981775991,
    "max_edge_order": 34,
    "max_edge_weight": 4994.953817384592,
    "max_vertex_degree": 306,
    "min_edge_order": 17.5,
    "min_edge_weight": 0.05601450497118776,
    "n_qubits": 34,
    "total_pstrings": 2280
}