{
    "avg_edge_order": 1,
    "avg_edge_weight": 0.3041334926537315,
    "avg_vertex_degree": 35.07692307692308,
    "clustering_coefficient": 0.36410295495480843,
    "edge_order_std_dev": 3.099930995369766,
    "edge_weight_std_dev": 0.731567338678289,
    "induced_norm": 102.49298702430757,
    "max_edge_order": 13,
    "max_edge_weight": 13.132660924070443,
    "max_vertex_degree": 49,
    "min_edge_order": 6.991228070175438,
    "min_edge_weight": 2.6870762681596716e-05,
    "n_qubits": 13,
    "total_pstrings": 337
}