{
    "avg_edge_order": 1,
    "avg_edge_weight": 36.366746438162046,
    "avg_vertex_degree": 30.333333333333332,
    "edge_order_std_dev": 2.8722813232690143,
    "edge_weight_std_dev": 127.33253217414439,
    "induced_norm": 10073.588763370886,
    "max_edge_order": 12,
    "max_edge_weight": 1846.8046209082638,
    "max_vertex_degree": 42,
    "min_edge_order": 6.5,
    "min_edge_weight": 0.3584358260246001,
    "n_qubits": 12,
    "total_pstrings": 277
}