{
    "avg_edge_order": 1,
    "avg_edge_weight": 27.421936778349174,
    "avg_vertex_degree": 210.0,
    "edge_order_std_dev": 7.813449942247022,
    "edge_weight_std_dev": 105.3462886526675,
    "induced_norm": 62604.28166497118,
    "max_edge_order": 34,
    "max_edge_weight": 5008.391958651757,
    "max_vertex_degree": 306,
    "min_edge_order": 17.5,
    "min_edge_weight": 0.009163344561669007,
    "n_qubits": 34,
    "total_pstrings": 2283
}