{
    "avg_edge_order": 1,
    "avg_edge_weight": 0.31778745588205254,
    "avg_vertex_degree": 35.07692307692308,
    "clustering_coefficient": 0.36563152052913406,
    "edge_order_std_dev": 3.099930995369766,
    "edge_weight_std_dev": 0.695125164631048,
    "induced_norm": 111.86118447048248,
    "max_edge_order": 13,
    "max_edge_weight": 12.340515623608784,
    "max_vertex_degree": 49,
    "min_edge_order": 6.991228070175438,
    "min_edge_weight": 0.0010175399234391147,
    "n_qubits": 13,
    "total_pstrings": 352
}