{
    "avg_edge_order": 1,
    "avg_edge_weight": 0.343707119598356,
    "avg_vertex_degree": 35.07692307692308,
    "clustering_coefficient": 0.36563152052913406,
    "edge_order_std_dev": 3.099930995369766,
    "edge_weight_std_dev": 0.7184712803516442,
    "induced_norm": 120.98490609862122,
    "max_edge_order": 13,
    "max_edge_weight": 12.592018557131091,
    "max_vertex_degree": 49,
    "min_edge_order": 6.991228070175438,
    "min_edge_weight": 0.0018174786564166823,
    "n_qubits": 13,
    "total_pstrings": 352
}