{
    "avg_edge_order": 1,
    "avg_edge_weight": 27.69092375839607,
    "avg_vertex_degree": 210.05882352941177,
    "edge_order_std_dev": 7.816659336425081,
    "edge_weight_std_dev": 106.38759593249502,
    "induced_norm": 63412.21540672697,
    "max_edge_order": 34,
    "max_edge_weight": 5052.639497070124,
    "max_vertex_degree": 306,
    "min_edge_order": 17.495659479137498,
    "min_edge_weight": 0.00351292182724805,
    "n_qubits": 34,
    "total_pstrings": 2290
}