{
    "avg_edge_order": 1,
    "avg_edge_weight": 33.56700660926605,
    "avg_vertex_degree": 30.333333333333332,
    "edge_order_std_dev": 2.8722813232690143,
    "edge_weight_std_dev": 97.51538903660537,
    "induced_norm": 9298.060830766703,
    "max_edge_order": 12,
    "max_edge_weight": 1402.963308493536,
    "max_vertex_degree": 42,
    "min_edge_order": 6.5,
    "min_edge_weight": 0.03229393406503611,
    "n_qubits": 12,
    "total_pstrings": 277
}