{
    "avg_edge_order": 1,
    "avg_edge_weight": 0.344445386586091,
    "avg_vertex_degree": 35.07692307692308,
    "clustering_coefficient": 0.36563152052913406,
    "edge_order_std_dev": 3.099930995369766,
    "edge_weight_std_dev": 0.7644986791590141,
    "induced_norm": 121.24477607830401,
    "max_edge_order": 13,
    "max_edge_weight": 13.269209196350513,
    "max_vertex_degree": 49,
    "min_edge_order": 6.991228070175438,
    "min_edge_weight": 0.0005580509445743398,
    "n_qubits": 13,
    "total_pstrings": 352
}