{
    "avg_edge_order": 1,
    "avg_edge_weight": 0.3406166857206981,
    "avg_vertex_degree": 35.07692307692308,
    "clustering_coefficient": 0.36563152052913406,
    "edge_order_std_dev": 3.099930995369766,
    "edge_weight_std_dev": 0.7463324224221412,
    "induced_norm": 119.89707337368576,
    "max_edge_order": 13,
    "max_edge_weight": 13.01004715713052,
    "max_vertex_degree": 49,
    "min_edge_order": 6.991228070175438,
    "min_edge_weight": 0.000743626841781031,
    "n_qubits": 13,
    "total_pstrings": 352
}