{
    "avg_edge_order": 1,
    "avg_edge_weight": 28.84919267227654,
    "avg_vertex_degree": 210.05882352941177,
    "edge_order_std_dev": 7.816659336425081,
    "edge_weight_std_dev": 104.99142996764704,
    "induced_norm": 66497.38910959742,
    "max_edge_order": 34,
    "max_edge_weight": 4987.813828276961,
    "max_vertex_degree": 306,
    "min_edge_order": 17.495659479137498,
    "min_edge_weight": 0.06815589108246911,
    "n_qubits": 34,
    "total_pstrings": 2305
}