{
    "avg_edge_order": 1,
    "avg_edge_weight": 0.40846251345425105,
    "avg_vertex_degree": 35.84615384615385,
    "clustering_coefficient": 0.3718739011661943,
    "edge_order_std_dev": 3.132638576444041,
    "edge_weight_std_dev": 0.7841343235228464,
    "induced_norm": 156.44114265297816,
    "max_edge_order": 13,
    "max_edge_weight": 13.13358361206555,
    "max_vertex_degree": 49,
    "min_edge_order": 6.896995708154506,
    "min_edge_weight": 0.0007141680318149546,
    "n_qubits": 13,
    "total_pstrings": 383
}