{
    "avg_edge_order": 1,
    "avg_edge_weight": 33.48145801614832,
    "avg_vertex_degree": 30.333333333333332,
    "edge_order_std_dev": 2.8722813232690143,
    "edge_weight_std_dev": 103.38710638034932,
    "induced_norm": 9274.363870473078,
    "max_edge_order": 12,
    "max_edge_weight": 1213.44296138416,
    "max_vertex_degree": 42,
    "min_edge_order": 6.5,
    "min_edge_weight": 0.23258150522774557,
    "n_qubits": 12,
    "total_pstrings": 277
}