{
    "avg_edge_order": 1,
    "avg_edge_weight": 29.5497024355408,
    "avg_vertex_degree": 210.35294117647058,
    "edge_order_std_dev": 7.83101972531606,
    "edge_weight_std_dev": 106.68267462367209,
    "induced_norm": 69028.10488942338,
    "max_edge_order": 34,
    "max_edge_weight": 5076.390106849103,
    "max_vertex_degree": 306,
    "min_edge_order": 17.4748322147651,
    "min_edge_weight": 0.0021683232538982633,
    "n_qubits": 34,
    "total_pstrings": 2336
}