{
    "avg_edge_order": 1,
    "avg_edge_weight": 0.40873575271500207,
    "avg_vertex_degree": 35.84615384615385,
    "clustering_coefficient": 0.3718739011661943,
    "edge_order_std_dev": 3.132638576444041,
    "edge_weight_std_dev": 0.797821589841861,
    "induced_norm": 156.5457932898457,
    "max_edge_order": 13,
    "max_edge_weight": 13.700781503989846,
    "max_vertex_degree": 49,
    "min_edge_order": 6.896995708154506,
    "min_edge_weight": 0.00962853321810897,
    "n_qubits": 13,
    "total_pstrings": 383
}