{
    "avg_edge_order": 1,
    "avg_edge_weight": 35.54027884348129,
    "avg_vertex_degree": 30.333333333333332,
    "edge_order_std_dev": 2.8722813232690143,
    "edge_weight_std_dev": 103.96887906454674,
    "induced_norm": 9844.657239644324,
    "max_edge_order": 12,
    "max_edge_weight": 1234.0960249674943,
    "max_vertex_degree": 42,
    "min_edge_order": 6.5,
    "min_edge_weight": 0.053356675616171856,
    "n_qubits": 12,
    "total_pstrings": 277
}