{
    "avg_edge_order": 1,
    "avg_edge_weight": 31.14209283842572,
    "avg_vertex_degree": 210.35294117647058,
    "edge_order_std_dev": 7.83101972531606,
    "edge_weight_std_dev": 105.25214049482702,
    "induced_norm": 74709.88071938326,
    "max_edge_order": 34,
    "max_edge_weight": 5011.809755815431,
    "max_vertex_degree": 306,
    "min_edge_order": 17.4748322147651,
    "min_edge_weight": 0.0049824368843118805,
    "n_qubits": 34,
    "total_pstrings": 2399
}