{
    "avg_edge_order": 1,
    "avg_edge_weight": 0.4864297405585482,
    "avg_vertex_degree": 35.84615384615385,
    "clustering_coefficient": 0.31889934869146536,
    "edge_order_std_dev": 3.132638576444041,
    "edge_weight_std_dev": 0.7831440363479382,
    "induced_norm": 216.94766428911248,
    "max_edge_order": 13,
    "max_edge_weight": 12.600727470902614,
    "max_vertex_degree": 49,
    "min_edge_order": 6.896995708154506,
    "min_edge_weight": 0.001627757474409297,
    "n_qubits": 13,
    "total_pstrings": 446
}