{
    "avg_edge_order": 1,
    "avg_edge_weight": 27.500750772031544,
    "avg_vertex_degree": 234.33333333333334,
    "edge_order_std_dev": 8.261355820929152,
    "edge_weight_std_dev": 109.35174576208183,
    "induced_norm": 70319.41972408474,
    "max_edge_order": 36,
    "max_edge_weight": 5506.920022843063,
    "max_vertex_degree": 342,
    "min_edge_order": 18.5,
    "min_edge_weight": 0.023064700092501056,
    "n_qubits": 36,
    "total_pstrings": 2557
}