{
    "avg_edge_order": 1,
    "avg_edge_weight": 31.21093239789546,
    "avg_vertex_degree": 30.333333333333332,
    "edge_order_std_dev": 2.8722813232690143,
    "edge_weight_std_dev": 79.14630174938043,
    "induced_norm": 8645.428274217044,
    "max_edge_order": 12,
    "max_edge_weight": 1163.3729043149428,
    "max_vertex_degree": 42,
    "min_edge_order": 6.5,
    "min_edge_weight": 0.22869487861232884,
    "n_qubits": 12,
    "total_pstrings": 277
}