{
    "avg_edge_order": 1,
    "avg_edge_weight": 0.5046809000258047,
    "avg_vertex_degree": 35.84615384615385,
    "clustering_coefficient": 0.31889934869146536,
    "edge_order_std_dev": 3.132638576444041,
    "edge_weight_std_dev": 0.8312370622007014,
    "induced_norm": 225.08768141150878,
    "max_edge_order": 13,
    "max_edge_weight": 13.783517177071307,
    "max_vertex_degree": 49,
    "min_edge_order": 6.896995708154506,
    "min_edge_weight": 0.0019367893406606607,
    "n_qubits": 13,
    "total_pstrings": 446
}