{
    "avg_edge_order": 1,
    "avg_edge_weight": 0.4947177400627739,
    "avg_vertex_degree": 35.84615384615385,
    "clustering_coefficient": 0.31889934869146536,
    "edge_order_std_dev": 3.132638576444041,
    "edge_weight_std_dev": 0.821743262637747,
    "induced_norm": 220.64411206799713,
    "max_edge_order": 13,
    "max_edge_weight": 12.946732496632837,
    "max_vertex_degree": 49,
    "min_edge_order": 6.896995708154506,
    "min_edge_weight": 0.000366919729591908,
    "n_qubits": 13,
    "total_pstrings": 446
}