{
    "avg_edge_order": 1,
    "avg_edge_weight": 0.4915774332104398,
    "avg_vertex_degree": 35.84615384615385,
    "clustering_coefficient": 0.31889934869146536,
    "edge_order_std_dev": 3.132638576444041,
    "edge_weight_std_dev": 0.7939534926933226,
    "induced_norm": 219.24353521185614,
    "max_edge_order": 13,
    "max_edge_weight": 12.789445157965277,
    "max_vertex_degree": 49,
    "min_edge_order": 6.896995708154506,
    "min_edge_weight": 0.0021736698128076437,
    "n_qubits": 13,
    "total_pstrings": 446
}