{
    "avg_edge_order": 1,
    "avg_edge_weight": 38.69442810678799,
    "avg_vertex_degree": 30.333333333333332,
    "edge_order_std_dev": 2.8722813232690143,
    "edge_weight_std_dev": 148.05215866552112,
    "induced_norm": 10718.356585580292,
    "max_edge_order": 12,
    "max_edge_weight": 2089.7107252950373,
    "max_vertex_degree": 42,
    "min_edge_order": 6.5,
    "min_edge_weight": 0.22720090072327537,
    "n_qubits": 12,
    "total_pstrings": 277
}