{
    "avg_edge_order": 1,
    "avg_edge_weight": 0.29354185661529425,
    "avg_vertex_degree": 39.92857142857143,
    "clustering_coefficient": 0.36002074178816984,
    "edge_order_std_dev": 3.315727799185416,
    "edge_weight_std_dev": 0.7816471991310567,
    "induced_norm": 111.25236365719653,
    "max_edge_order": 14,
    "max_edge_weight": 15.22783469937908,
    "max_vertex_degree": 56,
    "min_edge_order": 7.511627906976744,
    "min_edge_weight": 0.0008172716620052367,
    "n_qubits": 14,
    "total_pstrings": 379
}