{
    "avg_edge_order": 1,
    "avg_edge_weight": 0.303055562669209,
    "avg_vertex_degree": 39.92857142857143,
    "clustering_coefficient": 0.36002074178816984,
    "edge_order_std_dev": 3.315727799185416,
    "edge_weight_std_dev": 0.7778658805295943,
    "induced_norm": 114.85805825163021,
    "max_edge_order": 14,
    "max_edge_weight": 15.158134525714887,
    "max_vertex_degree": 56,
    "min_edge_order": 7.511627906976744,
    "min_edge_weight": 0.00199895516233789,
    "n_qubits": 14,
    "total_pstrings": 379
}