{
    "avg_edge_order": 1,
    "avg_edge_weight": 0.2915161004423643,
    "avg_vertex_degree": 39.92857142857143,
    "clustering_coefficient": 0.36002074178816984,
    "edge_order_std_dev": 3.315727799185416,
    "edge_weight_std_dev": 0.7820140946203449,
    "induced_norm": 110.48460206765611,
    "max_edge_order": 14,
    "max_edge_weight": 15.233557125076501,
    "max_vertex_degree": 56,
    "min_edge_order": 7.511627906976744,
    "min_edge_weight": 0.002402214834097083,
    "n_qubits": 14,
    "total_pstrings": 379
}