{
    "avg_edge_order": 1,
    "avg_edge_weight": 27.50209572216472,
    "avg_vertex_degree": 234.33333333333334,
    "edge_order_std_dev": 8.261355820929152,
    "edge_weight_std_dev": 107.85638497088505,
    "induced_norm": 70350.36085729733,
    "max_edge_order": 36,
    "max_edge_weight": 5427.883603601713,
    "max_vertex_degree": 342,
    "min_edge_order": 18.5,
    "min_edge_weight": 0.017065495753858073,
    "n_qubits": 36,
    "total_pstrings": 2558
}