{
    "avg_edge_order": 1,
    "avg_edge_weight": 32.886454024493005,
    "avg_vertex_degree": 30.333333333333332,
    "edge_order_std_dev": 2.8722813232690143,
    "edge_weight_std_dev": 89.06906024458267,
    "induced_norm": 9109.54776478456,
    "max_edge_order": 12,
    "max_edge_weight": 1296.9365227504004,
    "max_vertex_degree": 42,
    "min_edge_order": 6.5,
    "min_edge_weight": 0.2717327717204867,
    "n_qubits": 12,
    "total_pstrings": 277
}