{
    "avg_edge_order": 1,
    "avg_edge_weight": 0.29153652766481664,
    "avg_vertex_degree": 39.92857142857143,
    "clustering_coefficient": 0.36002074178816984,
    "edge_order_std_dev": 3.315727799185416,
    "edge_weight_std_dev": 0.7535882668653134,
    "induced_norm": 110.49234398496547,
    "max_edge_order": 14,
    "max_edge_weight": 14.6557497293452,
    "max_vertex_degree": 56,
    "min_edge_order": 7.511627906976744,
    "min_edge_weight": 0.002408979473938977,
    "n_qubits": 14,
    "total_pstrings": 379
}