{
    "avg_edge_order": 1,
    "avg_edge_weight": 30.325365334048737,
    "avg_vertex_degree": 5.0,
    "clustering_coefficient": 0.4220077730200311,
    "edge_order_std_dev": 1.02469507659596,
    "edge_weight_std_dev": 40.398836397043674,
    "induced_norm": 879.4355946874135,
    "max_edge_order": 4,
    "max_edge_weight": 230.85292549082754,
    "max_vertex_degree": 6,
    "min_edge_order": 2.5,
    "min_edge_weight": 2.3510663887535372,
    "n_qubits": 4,
    "total_pstrings": 29
}