{
    "avg_edge_order": 1,
    "avg_edge_weight": 33.35306106071532,
    "avg_vertex_degree": 22.0,
    "edge_order_std_dev": 2.4186773244895647,
    "edge_weight_std_dev": 100.98779938153349,
    "induced_norm": 6370.4346625966255,
    "max_edge_order": 10,
    "max_edge_weight": 1219.9411746031892,
    "max_vertex_degree": 30,
    "min_edge_order": 5.5,
    "min_edge_weight": 0.3674447094075859,
    "n_qubits": 10,
    "total_pstrings": 191
}