{
    "avg_edge_order": 1,
    "avg_edge_weight": 42.170099630367346,
    "avg_vertex_degree": 15.25,
    "edge_order_std_dev": 1.971716157637461,
    "edge_weight_std_dev": 67.93041830377213,
    "induced_norm": 6199.004645664001,
    "max_edge_order": 8,
    "max_edge_weight": 706.4412979469763,
    "max_vertex_degree": 20,
    "min_edge_order": 4.459016393442623,
    "min_edge_weight": 0.5660471816053985,
    "n_qubits": 8,
    "total_pstrings": 147
}