{
    "avg_edge_order": 1,
    "avg_edge_weight": 0.2920647985319401,
    "avg_vertex_degree": 39.92857142857143,
    "clustering_coefficient": 0.36002074178816984,
    "edge_order_std_dev": 3.315727799185416,
    "edge_weight_std_dev": 0.749958865445723,
    "induced_norm": 110.69255864360532,
    "max_edge_order": 14,
    "max_edge_weight": 14.57739678574377,
    "max_vertex_degree": 56,
    "min_edge_order": 7.511627906976744,
    "min_edge_weight": 0.0048222048705245935,
    "n_qubits": 14,
    "total_pstrings": 379
}