{
    "avg_edge_order": 1,
    "avg_edge_weight": 0.27763970908380275,
    "avg_vertex_degree": 39.92857142857143,
    "clustering_coefficient": 0.36002074178816984,
    "edge_order_std_dev": 3.315727799185416,
    "edge_weight_std_dev": 0.7486259205039232,
    "induced_norm": 105.22544974276126,
    "max_edge_order": 14,
    "max_edge_weight": 14.529224432885673,
    "max_vertex_degree": 56,
    "min_edge_order": 7.511627906976744,
    "min_edge_weight": 0.00020891155142131745,
    "n_qubits": 14,
    "total_pstrings": 379
}