{
    "avg_edge_order": 1,
    "avg_edge_weight": 0.30044413563918454,
    "avg_vertex_degree": 39.92857142857143,
    "clustering_coefficient": 0.36002074178816984,
    "edge_order_std_dev": 3.315727799185416,
    "edge_weight_std_dev": 0.761624101048761,
    "induced_norm": 113.86832740725093,
    "max_edge_order": 14,
    "max_edge_weight": 14.839229126895134,
    "max_vertex_degree": 56,
    "min_edge_order": 7.511627906976744,
    "min_edge_weight": 0.002336328865714221,
    "n_qubits": 14,
    "total_pstrings": 379
}