{
    "avg_edge_order": 1,
    "avg_edge_weight": 32.765272108912455,
    "avg_vertex_degree": 35.0,
    "edge_order_std_dev": 3.0983866769659336,
    "edge_weight_std_dev": 91.149690179959,
    "induced_norm": 10681.478707505463,
    "max_edge_order": 13,
    "max_edge_weight": 1370.3070534384,
    "max_vertex_degree": 49,
    "min_edge_order": 7.0,
    "min_edge_weight": 0.09770305784851985,
    "n_qubits": 13,
    "total_pstrings": 326
}