{
    "avg_edge_order": 1,
    "avg_edge_weight": 33.40755600231004,
    "avg_vertex_degree": 35.0,
    "edge_order_std_dev": 3.0983866769659336,
    "edge_weight_std_dev": 122.98097757047509,
    "induced_norm": 10890.86325675307,
    "max_edge_order": 13,
    "max_edge_weight": 2111.6711419704707,
    "max_vertex_degree": 49,
    "min_edge_order": 7.0,
    "min_edge_weight": 0.3358345510347358,
    "n_qubits": 13,
    "total_pstrings": 326
}