{
    "avg_edge_order": 1,
    "avg_edge_weight": 27.715338281877695,
    "avg_vertex_degree": 234.38888888888889,
    "edge_order_std_dev": 8.264280815366362,
    "edge_weight_std_dev": 108.6254522480671,
    "induced_norm": 71588.71878209015,
    "max_edge_order": 36,
    "max_edge_weight": 5475.459433988369,
    "max_vertex_degree": 342,
    "min_edge_order": 18.4960891206447,
    "min_edge_weight": 0.003916798468834415,
    "n_qubits": 36,
    "total_pstrings": 2583
}