{
    "avg_edge_order": 1,
    "avg_edge_weight": 0.2891517412440539,
    "avg_vertex_degree": 39.92857142857143,
    "clustering_coefficient": 0.36002074178816984,
    "edge_order_std_dev": 3.315727799185416,
    "edge_weight_std_dev": 0.7562736017735887,
    "induced_norm": 109.8776616727405,
    "max_edge_order": 14,
    "max_edge_weight": 14.747764814742517,
    "max_vertex_degree": 56,
    "min_edge_order": 7.511627906976744,
    "min_edge_weight": 0.00018987118448393625,
    "n_qubits": 14,
    "total_pstrings": 380
}