{
    "avg_edge_order": 1,
    "avg_edge_weight": 0.2879292632384872,
    "avg_vertex_degree": 39.92857142857143,
    "clustering_coefficient": 0.36002074178816984,
    "edge_order_std_dev": 3.315727799185416,
    "edge_weight_std_dev": 0.7558278541217854,
    "induced_norm": 109.41312003062512,
    "max_edge_order": 14,
    "max_edge_weight": 14.681219995259971,
    "max_vertex_degree": 56,
    "min_edge_order": 7.511627906976744,
    "min_edge_weight": 5.454593481829528e-05,
    "n_qubits": 14,
    "total_pstrings": 380
}