{
    "avg_edge_order": 1,
    "avg_edge_weight": 28.214426990615053,
    "avg_vertex_degree": 234.66666666666666,
    "edge_order_std_dev": 8.277471167308269,
    "edge_weight_std_dev": 106.6911436309764,
    "induced_norm": 73752.51215346776,
    "max_edge_order": 36,
    "max_edge_weight": 5379.8297936709005,
    "max_vertex_degree": 342,
    "min_edge_order": 18.477272727272727,
    "min_edge_weight": 0.018584018729121965,
    "n_qubits": 36,
    "total_pstrings": 2614
}