{
    "avg_edge_order": 1,
    "avg_edge_weight": 32.41395139173718,
    "avg_vertex_degree": 35.0,
    "edge_order_std_dev": 3.0983866769659336,
    "edge_weight_std_dev": 114.6702008565392,
    "induced_norm": 10566.948153706317,
    "max_edge_order": 13,
    "max_edge_weight": 1900.3951714299385,
    "max_vertex_degree": 49,
    "min_edge_order": 7.0,
    "min_edge_weight": 6.955893205251584e-05,
    "n_qubits": 13,
    "total_pstrings": 326
}