{
    "avg_edge_order": 1,
    "avg_edge_weight": 0.30262575086101373,
    "avg_vertex_degree": 39.92857142857143,
    "clustering_coefficient": 0.36002074178816984,
    "edge_order_std_dev": 3.315727799185416,
    "edge_weight_std_dev": 0.7450074153631725,
    "induced_norm": 114.99778532718528,
    "max_edge_order": 14,
    "max_edge_weight": 14.473299576949383,
    "max_vertex_degree": 56,
    "min_edge_order": 7.511627906976744,
    "min_edge_weight": 0.005245494883385382,
    "n_qubits": 14,
    "total_pstrings": 380
}