{
    "avg_edge_order": 1,
    "avg_edge_weight": 0.3047685693711952,
    "avg_vertex_degree": 39.92857142857143,
    "clustering_coefficient": 0.36002074178816984,
    "edge_order_std_dev": 3.315727799185416,
    "edge_weight_std_dev": 0.7968007137400767,
    "induced_norm": 115.81205636105419,
    "max_edge_order": 14,
    "max_edge_weight": 15.487134715635198,
    "max_vertex_degree": 56,
    "min_edge_order": 7.511627906976744,
    "min_edge_weight": 0.0030089179880001815,
    "n_qubits": 14,
    "total_pstrings": 380
}