{
    "avg_edge_order": 1,
    "avg_edge_weight": 0.28645334348661217,
    "avg_vertex_degree": 39.92857142857143,
    "clustering_coefficient": 0.36002074178816984,
    "edge_order_std_dev": 3.315727799185416,
    "edge_weight_std_dev": 0.7309443286211004,
    "induced_norm": 108.85227052491258,
    "max_edge_order": 14,
    "max_edge_weight": 14.172628466203612,
    "max_vertex_degree": 56,
    "min_edge_order": 7.511627906976744,
    "min_edge_weight": 0.0026190788888786343,
    "n_qubits": 14,
    "total_pstrings": 380
}