{
    "avg_edge_order": 1,
    "avg_edge_weight": 0.2786689996309052,
    "avg_vertex_degree": 39.92857142857143,
    "clustering_coefficient": 0.36002074178816984,
    "edge_order_std_dev": 3.315727799185416,
    "edge_weight_std_dev": 0.6989545115194623,
    "induced_norm": 105.89421985974398,
    "max_edge_order": 14,
    "max_edge_weight": 13.591968570786769,
    "max_vertex_degree": 56,
    "min_edge_order": 7.511627906976744,
    "min_edge_weight": 0.0013806738459313794,
    "n_qubits": 14,
    "total_pstrings": 380
}