{
    "avg_edge_order": 1,
    "avg_edge_weight": 29.835794006202995,
    "avg_vertex_degree": 234.66666666666666,
    "edge_order_std_dev": 8.277471167308269,
    "edge_weight_std_dev": 105.07606656397334,
    "induced_norm": 79870.42055460528,
    "max_edge_order": 36,
    "max_edge_weight": 5277.308992145978,
    "max_vertex_degree": 342,
    "min_edge_order": 18.477272727272727,
    "min_edge_weight": 0.0022250861961126134,
    "n_qubits": 36,
    "total_pstrings": 2677
}