{
    "avg_edge_order": 1,
    "avg_edge_weight": 0.29808024868746397,
    "avg_vertex_degree": 39.92857142857143,
    "clustering_coefficient": 0.3600981764933778,
    "edge_order_std_dev": 3.315727799185416,
    "edge_weight_std_dev": 0.7666130635416041,
    "induced_norm": 114.16473524729872,
    "max_edge_order": 14,
    "max_edge_weight": 14.579486253571757,
    "max_vertex_degree": 56,
    "min_edge_order": 7.511627906976744,
    "min_edge_weight": 0.0008793890492528877,
    "n_qubits": 14,
    "total_pstrings": 383
}