{
    "avg_edge_order": 1,
    "avg_edge_weight": 0.3027746174602735,
    "avg_vertex_degree": 39.92857142857143,
    "clustering_coefficient": 0.3600981764933778,
    "edge_order_std_dev": 3.315727799185416,
    "edge_weight_std_dev": 0.7834178697194805,
    "induced_norm": 115.96267848728476,
    "max_edge_order": 14,
    "max_edge_weight": 15.169672623252668,
    "max_vertex_degree": 56,
    "min_edge_order": 7.511627906976744,
    "min_edge_weight": 0.00040013572405672715,
    "n_qubits": 14,
    "total_pstrings": 383
}