{
    "avg_edge_order": 1,
    "avg_edge_weight": 0.31156964605123777,
    "avg_vertex_degree": 39.92857142857143,
    "clustering_coefficient": 0.3600981764933778,
    "edge_order_std_dev": 3.315727799185416,
    "edge_weight_std_dev": 0.7758888335690051,
    "induced_norm": 119.33117443762409,
    "max_edge_order": 14,
    "max_edge_weight": 15.093085675885531,
    "max_vertex_degree": 56,
    "min_edge_order": 7.511627906976744,
    "min_edge_weight": 0.0008279253311962442,
    "n_qubits": 14,
    "total_pstrings": 383
}