{
    "avg_edge_order": 1,
    "avg_edge_weight": 27.129502365819935,
    "avg_vertex_degree": 260.0,
    "edge_order_std_dev": 8.709190547921201,
    "edge_weight_std_dev": 109.78277400487494,
    "induced_norm": 77346.21124495265,
    "max_edge_order": 38,
    "max_edge_weight": 5838.236703879444,
    "max_vertex_degree": 380,
    "min_edge_order": 19.5,
    "min_edge_weight": 0.005801121238846463,
    "n_qubits": 38,
    "total_pstrings": 2851
}