{
    "avg_edge_order": 1,
    "avg_edge_weight": 30.33343797221976,
    "avg_vertex_degree": 12.0,
    "clustering_coefficient": 0.3537946711040823,
    "edge_order_std_dev": 1.7320508075688772,
    "edge_weight_std_dev": 53.71520287396265,
    "induced_norm": 2790.676293444218,
    "max_edge_order": 7,
    "max_edge_weight": 523.6497776158465,
    "max_vertex_degree": 16,
    "min_edge_order": 4.0,
    "min_edge_weight": 0.7885809213330597,
    "n_qubits": 7,
    "total_pstrings": 92
}