{
    "avg_edge_order": 1,
    "avg_edge_weight": 31.128984665457466,
    "avg_vertex_degree": 35.0,
    "edge_order_std_dev": 3.0983866769659336,
    "edge_weight_std_dev": 93.82398991464612,
    "induced_norm": 10148.049000939127,
    "max_edge_order": 13,
    "max_edge_weight": 1703.844349504586,
    "max_vertex_degree": 49,
    "min_edge_order": 7.0,
    "min_edge_weight": 0.847304623290249,
    "n_qubits": 13,
    "total_pstrings": 326
}