{
    "avg_edge_order": 1,
    "avg_edge_weight": 0.30445700929247166,
    "avg_vertex_degree": 39.92857142857143,
    "clustering_coefficient": 0.3600981764933778,
    "edge_order_std_dev": 3.315727799185416,
    "edge_weight_std_dev": 0.7656550113961351,
    "induced_norm": 116.60703455901668,
    "max_edge_order": 14,
    "max_edge_weight": 14.663823030214955,
    "max_vertex_degree": 56,
    "min_edge_order": 7.511627906976744,
    "min_edge_weight": 0.0014237986876494135,
    "n_qubits": 14,
    "total_pstrings": 383
}