{
    "avg_edge_order": 1,
    "avg_edge_weight": 0.3047475890462718,
    "avg_vertex_degree": 39.92857142857143,
    "clustering_coefficient": 0.3600981764933778,
    "edge_order_std_dev": 3.315727799185416,
    "edge_weight_std_dev": 0.7627267523624637,
    "induced_norm": 116.71832660472214,
    "max_edge_order": 14,
    "max_edge_weight": 14.823351775423944,
    "max_vertex_degree": 56,
    "min_edge_order": 7.511627906976744,
    "min_edge_weight": 0.00045864835221343103,
    "n_qubits": 14,
    "total_pstrings": 383
}