{
    "avg_edge_order": 1,
    "avg_edge_weight": 0.3045531204323721,
    "avg_vertex_degree": 39.92857142857143,
    "clustering_coefficient": 0.3600981764933778,
    "edge_order_std_dev": 3.315727799185416,
    "edge_weight_std_dev": 0.7630517887298757,
    "induced_norm": 116.64384512559847,
    "max_edge_order": 14,
    "max_edge_weight": 14.717943488746482,
    "max_vertex_degree": 56,
    "min_edge_order": 7.511627906976744,
    "min_edge_weight": 0.0010615948979093015,
    "n_qubits": 14,
    "total_pstrings": 383
}