{
    "avg_edge_order": 1,
    "avg_edge_weight": 0.3083535590960459,
    "avg_vertex_degree": 39.92857142857143,
    "clustering_coefficient": 0.3600981764933778,
    "edge_order_std_dev": 3.315727799185416,
    "edge_weight_std_dev": 0.7434283069147705,
    "induced_norm": 118.09941313378553,
    "max_edge_order": 14,
    "max_edge_weight": 14.495245241283374,
    "max_vertex_degree": 56,
    "min_edge_order": 7.511627906976744,
    "min_edge_weight": 0.0014129629693037105,
    "n_qubits": 14,
    "total_pstrings": 383
}