{
    "avg_edge_order": 1,
    "avg_edge_weight": 32.15156952560235,
    "avg_vertex_degree": 35.0,
    "edge_order_std_dev": 3.0983866769659336,
    "edge_weight_std_dev": 125.58280894456551,
    "induced_norm": 10481.411665346366,
    "max_edge_order": 13,
    "max_edge_weight": 2282.0204764597415,
    "max_vertex_degree": 49,
    "min_edge_order": 7.0,
    "min_edge_weight": 0.43387514536387073,
    "n_qubits": 13,
    "total_pstrings": 326
}