{
    "avg_edge_order": 1,
    "avg_edge_weight": 27.10385856681243,
    "avg_vertex_degree": 260.0,
    "edge_order_std_dev": 8.709190547921201,
    "edge_weight_std_dev": 109.74638209894269,
    "induced_norm": 77273.10077398222,
    "max_edge_order": 38,
    "max_edge_weight": 5835.757635277974,
    "max_vertex_degree": 380,
    "min_edge_order": 19.5,
    "min_edge_weight": 0.004587712581091807,
    "n_qubits": 38,
    "total_pstrings": 2851
}