{
    "avg_edge_order": 1,
    "avg_edge_weight": 30.35396460094819,
    "avg_vertex_degree": 12.0,
    "clustering_coefficient": 0.3537946711040823,
    "edge_order_std_dev": 1.7320508075688772,
    "edge_weight_std_dev": 59.639767453853516,
    "induced_norm": 2792.564743287233,
    "max_edge_order": 7,
    "max_edge_weight": 579.7138525934798,
    "max_vertex_degree": 16,
    "min_edge_order": 4.0,
    "min_edge_weight": 0.26832809391348356,
    "n_qubits": 7,
    "total_pstrings": 92
}