{
    "avg_edge_order": 1,
    "avg_edge_weight": 0.30925635998467266,
    "avg_vertex_degree": 40.07142857142857,
    "clustering_coefficient": 0.36065691183692233,
    "edge_order_std_dev": 3.3260742447960028,
    "edge_weight_std_dev": 0.7534379032004114,
    "induced_norm": 120.60998039402232,
    "max_edge_order": 14,
    "max_edge_weight": 14.557363231047454,
    "max_vertex_degree": 56,
    "min_edge_order": 7.491978609625669,
    "min_edge_weight": 0.0015193003554770934,
    "n_qubits": 14,
    "total_pstrings": 390
}