{
    "avg_edge_order": 1,
    "avg_edge_weight": 0.30069419644981804,
    "avg_vertex_degree": 40.07142857142857,
    "clustering_coefficient": 0.36065691183692233,
    "edge_order_std_dev": 3.3260742447960028,
    "edge_weight_std_dev": 0.7618864856372042,
    "induced_norm": 117.270736615429,
    "max_edge_order": 14,
    "max_edge_weight": 14.624243940269665,
    "max_vertex_degree": 56,
    "min_edge_order": 7.491978609625669,
    "min_edge_weight": 0.0009828432996295544,
    "n_qubits": 14,
    "total_pstrings": 390
}