{
    "avg_edge_order": 1,
    "avg_edge_weight": 0.32163074168686545,
    "avg_vertex_degree": 40.07142857142857,
    "clustering_coefficient": 0.36065691183692233,
    "edge_order_std_dev": 3.3260742447960028,
    "edge_weight_std_dev": 0.795446041615214,
    "induced_norm": 125.4359892578776,
    "max_edge_order": 14,
    "max_edge_weight": 15.022873642630646,
    "max_vertex_degree": 56,
    "min_edge_order": 7.491978609625669,
    "min_edge_weight": 0.0029580484428057274,
    "n_qubits": 14,
    "total_pstrings": 390
}