{
    "avg_edge_order": 1,
    "avg_edge_weight": 0.32061672559040616,
    "avg_vertex_degree": 40.07142857142857,
    "clustering_coefficient": 0.36065691183692233,
    "edge_order_std_dev": 3.3260742447960028,
    "edge_weight_std_dev": 0.7550440966381847,
    "induced_norm": 125.0405229802584,
    "max_edge_order": 14,
    "max_edge_weight": 14.445557568197222,
    "max_vertex_degree": 56,
    "min_edge_order": 7.491978609625669,
    "min_edge_weight": 0.00018144039164019743,
    "n_qubits": 14,
    "total_pstrings": 390
}