{
    "avg_edge_order": 1,
    "avg_edge_weight": 31.839803652549026,
    "avg_vertex_degree": 35.0,
    "edge_order_std_dev": 3.0983866769659336,
    "edge_weight_std_dev": 85.3578923071233,
    "induced_norm": 10379.775990730983,
    "max_edge_order": 13,
    "max_edge_weight": 1516.228243284911,
    "max_vertex_degree": 49,
    "min_edge_order": 7.0,
    "min_edge_weight": 0.5994824937310383,
    "n_qubits": 13,
    "total_pstrings": 326
}