{
    "avg_edge_order": 1,
    "avg_edge_weight": 26.908735907038913,
    "avg_vertex_degree": 260.0,
    "edge_order_std_dev": 8.709190547921201,
    "edge_weight_std_dev": 108.99957189426333,
    "induced_norm": 76743.71480687495,
    "max_edge_order": 38,
    "max_edge_weight": 5795.3462446204485,
    "max_vertex_degree": 380,
    "min_edge_order": 19.5,
    "min_edge_weight": 0.016661367751497735,
    "n_qubits": 38,
    "total_pstrings": 2852
}