{
    "avg_edge_order": 1,
    "avg_edge_weight": 0.2861174485619239,
    "avg_vertex_degree": 40.07142857142857,
    "clustering_coefficient": 0.36065691183692233,
    "edge_order_std_dev": 3.3260742447960028,
    "edge_weight_std_dev": 0.7044715283757106,
    "induced_norm": 111.58580493915025,
    "max_edge_order": 14,
    "max_edge_weight": 13.531406180113319,
    "max_vertex_degree": 56,
    "min_edge_order": 7.491978609625669,
    "min_edge_weight": 0.00027519811737752864,
    "n_qubits": 14,
    "total_pstrings": 390
}