{
    "avg_edge_order": 1,
    "avg_edge_weight": 0.311470436019625,
    "avg_vertex_degree": 40.07142857142857,
    "clustering_coefficient": 0.36065691183692233,
    "edge_order_std_dev": 3.3260742447960028,
    "edge_weight_std_dev": 0.7770661400577786,
    "induced_norm": 121.47347004765376,
    "max_edge_order": 14,
    "max_edge_weight": 14.916305823712294,
    "max_vertex_degree": 56,
    "min_edge_order": 7.491978609625669,
    "min_edge_weight": 0.0005340052520070304,
    "n_qubits": 14,
    "total_pstrings": 390
}