{
    "avg_edge_order": 1,
    "avg_edge_weight": 0.31444356562891035,
    "avg_vertex_degree": 40.07142857142857,
    "clustering_coefficient": 0.36065691183692233,
    "edge_order_std_dev": 3.3260742447960028,
    "edge_weight_std_dev": 0.7895890065657901,
    "induced_norm": 122.63299059527496,
    "max_edge_order": 14,
    "max_edge_weight": 15.355623576219777,
    "max_vertex_degree": 56,
    "min_edge_order": 7.491978609625669,
    "min_edge_weight": 7.167840571847828e-05,
    "n_qubits": 14,
    "total_pstrings": 390
}