{
    "avg_edge_order": 1,
    "avg_edge_weight": 0.3393836226146325,
    "avg_vertex_degree": 40.07142857142857,
    "clustering_coefficient": 0.36179829919108364,
    "edge_order_std_dev": 3.3260742447960028,
    "edge_weight_std_dev": 0.7631919840272418,
    "induced_norm": 137.4503671589262,
    "max_edge_order": 14,
    "max_edge_weight": 14.583025544181405,
    "max_vertex_degree": 56,
    "min_edge_order": 7.491978609625669,
    "min_edge_weight": 0.0007540627449602044,
    "n_qubits": 14,
    "total_pstrings": 405
}