{
    "avg_edge_order": 1,
    "avg_edge_weight": 0.3526981461752329,
    "avg_vertex_degree": 40.07142857142857,
    "clustering_coefficient": 0.36179829919108364,
    "edge_order_std_dev": 3.3260742447960028,
    "edge_weight_std_dev": 0.7990854586198844,
    "induced_norm": 142.84274920096925,
    "max_edge_order": 14,
    "max_edge_weight": 15.25896580603385,
    "max_vertex_degree": 56,
    "min_edge_order": 7.491978609625669,
    "min_edge_weight": 0.00167250927597562,
    "n_qubits": 14,
    "total_pstrings": 405
}