{
    "avg_edge_order": 1,
    "avg_edge_weight": 27.447858603169514,
    "avg_vertex_degree": 260.05263157894734,
    "edge_order_std_dev": 8.711866487297444,
    "edge_weight_std_dev": 110.5690464520129,
    "induced_norm": 78555.77132227113,
    "max_edge_order": 38,
    "max_edge_weight": 5877.844067673676,
    "max_vertex_degree": 380,
    "min_edge_order": 19.49645820684072,
    "min_edge_weight": 0.06383994170442442,
    "n_qubits": 38,
    "total_pstrings": 2862
}