{
    "avg_edge_order": 1,
    "avg_edge_weight": 0.33238631211516023,
    "avg_vertex_degree": 40.07142857142857,
    "clustering_coefficient": 0.36179829919108364,
    "edge_order_std_dev": 3.3260742447960028,
    "edge_weight_std_dev": 0.743657982736077,
    "induced_norm": 134.6164564066399,
    "max_edge_order": 14,
    "max_edge_weight": 14.206713438783048,
    "max_vertex_degree": 56,
    "min_edge_order": 7.491978609625669,
    "min_edge_weight": 0.00048341380327937555,
    "n_qubits": 14,
    "total_pstrings": 405
}