{
    "avg_edge_order": 1,
    "avg_edge_weight": 0.33196252951161775,
    "avg_vertex_degree": 40.07142857142857,
    "clustering_coefficient": 0.36179829919108364,
    "edge_order_std_dev": 3.3260742447960028,
    "edge_weight_std_dev": 0.7463154731552578,
    "induced_norm": 134.44482445220515,
    "max_edge_order": 14,
    "max_edge_weight": 13.981004759137063,
    "max_vertex_degree": 56,
    "min_edge_order": 7.491978609625669,
    "min_edge_weight": 0.0013695140457801736,
    "n_qubits": 14,
    "total_pstrings": 405
}