{
    "avg_edge_order": 1,
    "avg_edge_weight": 29.050794987802814,
    "avg_vertex_degree": 35.0,
    "edge_order_std_dev": 3.0983866769659336,
    "edge_weight_std_dev": 73.30442292416163,
    "induced_norm": 9470.55916602373,
    "max_edge_order": 13,
    "max_edge_weight": 1288.1030729137474,
    "max_vertex_degree": 49,
    "min_edge_order": 7.0,
    "min_edge_weight": 0.1290972088335396,
    "n_qubits": 13,
    "total_pstrings": 326
}