{
    "avg_edge_order": 1,
    "avg_edge_weight": 27.827418190265977,
    "avg_vertex_degree": 260.05263157894734,
    "edge_order_std_dev": 8.711866487297444,
    "edge_weight_std_dev": 111.85703738226265,
    "induced_norm": 80059.48213339508,
    "max_edge_order": 38,
    "max_edge_weight": 5956.796663375352,
    "max_vertex_degree": 380,
    "min_edge_order": 19.49645820684072,
    "min_edge_weight": 0.010722896091280631,
    "n_qubits": 38,
    "total_pstrings": 2877
}