{
    "avg_edge_order": 1,
    "avg_edge_weight": 0.39378291388425574,
    "avg_vertex_degree": 40.785714285714285,
    "clustering_coefficient": 0.3664470460044415,
    "edge_order_std_dev": 3.3593160067542165,
    "edge_weight_std_dev": 0.7877736915256766,
    "induced_norm": 171.6893504535354,
    "max_edge_order": 14,
    "max_edge_weight": 14.983323179357527,
    "max_vertex_degree": 56,
    "min_edge_order": 7.406304728546409,
    "min_edge_weight": 0.001430378492339457,
    "n_qubits": 14,
    "total_pstrings": 436
}