{
    "avg_edge_order": 1,
    "avg_edge_weight": 0.39065904105173177,
    "avg_vertex_degree": 40.785714285714285,
    "clustering_coefficient": 0.3664470460044415,
    "edge_order_std_dev": 3.3593160067542165,
    "edge_weight_std_dev": 0.8136372747815788,
    "induced_norm": 170.32734189855512,
    "max_edge_order": 14,
    "max_edge_weight": 14.628425061906258,
    "max_vertex_degree": 56,
    "min_edge_order": 7.406304728546409,
    "min_edge_weight": 0.00200454824927343,
    "n_qubits": 14,
    "total_pstrings": 436
}