{
    "avg_edge_order": 1,
    "avg_edge_weight": 0.3872359366726859,
    "avg_vertex_degree": 40.785714285714285,
    "clustering_coefficient": 0.3664470460044415,
    "edge_order_std_dev": 3.3593160067542165,
    "edge_weight_std_dev": 0.7725667668931591,
    "induced_norm": 168.83486838929113,
    "max_edge_order": 14,
    "max_edge_weight": 14.190874529437469,
    "max_vertex_degree": 56,
    "min_edge_order": 7.406304728546409,
    "min_edge_weight": 9.10747509595966e-05,
    "n_qubits": 14,
    "total_pstrings": 436
}