{
    "avg_edge_order": 1,
    "avg_edge_weight": 32.4047906230647,
    "avg_vertex_degree": 35.0,
    "edge_order_std_dev": 3.0983866769659336,
    "edge_weight_std_dev": 116.86034200951798,
    "induced_norm": 10563.961743119087,
    "max_edge_order": 13,
    "max_edge_weight": 1948.232636887055,
    "max_vertex_degree": 49,
    "min_edge_order": 7.0,
    "min_edge_weight": 0.006149164048480316,
    "n_qubits": 13,
    "total_pstrings": 326
}