{
    "avg_edge_order": 1,
    "avg_edge_weight": 28.709496181523047,
    "avg_vertex_degree": 260.3157894736842,
    "edge_order_std_dev": 8.72401573602871,
    "edge_weight_std_dev": 111.63262469185,
    "induced_norm": 83487.21489586894,
    "max_edge_order": 38,
    "max_edge_weight": 5938.217937699172,
    "max_vertex_degree": 380,
    "min_edge_order": 19.479377274565305,
    "min_edge_weight": 0.016582669445504905,
    "n_qubits": 38,
    "total_pstrings": 2908
}