{
    "avg_edge_order": 1,
    "avg_edge_weight": 0.3852502483101355,
    "avg_vertex_degree": 40.785714285714285,
    "clustering_coefficient": 0.3664470460044415,
    "edge_order_std_dev": 3.3593160067542165,
    "edge_weight_std_dev": 0.7920333265362877,
    "induced_norm": 167.9691082632192,
    "max_edge_order": 14,
    "max_edge_weight": 14.702219223716197,
    "max_vertex_degree": 56,
    "min_edge_order": 7.406304728546409,
    "min_edge_weight": 9.76682760959191e-05,
    "n_qubits": 14,
    "total_pstrings": 436
}