{
    "avg_edge_order": 1,
    "avg_edge_weight": 30.067732471342854,
    "avg_vertex_degree": 260.3157894736842,
    "edge_order_std_dev": 8.72401573602871,
    "edge_weight_std_dev": 109.19235334688778,
    "induced_norm": 89331.23317235972,
    "max_edge_order": 38,
    "max_edge_weight": 5783.1629614002395,
    "max_vertex_degree": 380,
    "min_edge_order": 19.479377274565305,
    "min_edge_weight": 0.01076346847809262,
    "n_qubits": 38,
    "total_pstrings": 2971
}