{
    "avg_edge_order": 1,
    "avg_edge_weight": 32.2914923490619,
    "avg_vertex_degree": 12.0,
    "clustering_coefficient": 0.3537946711040823,
    "edge_order_std_dev": 1.7320508075688772,
    "edge_weight_std_dev": 62.18617520256689,
    "induced_norm": 2970.8172961136943,
    "max_edge_order": 7,
    "max_edge_weight": 610.5664671068979,
    "max_vertex_degree": 16,
    "min_edge_order": 4.0,
    "min_edge_weight": 0.1726859360044526,
    "n_qubits": 7,
    "total_pstrings": 92
}