{
    "avg_edge_order": 1,
    "avg_edge_weight": 0.4595600903939187,
    "avg_vertex_degree": 40.785714285714285,
    "clustering_coefficient": 0.3368174468884018,
    "edge_order_std_dev": 3.3593160067542165,
    "edge_weight_std_dev": 0.8061671895325987,
    "induced_norm": 229.32048510656537,
    "max_edge_order": 14,
    "max_edge_weight": 14.374667572374277,
    "max_vertex_degree": 56,
    "min_edge_order": 7.406304728546409,
    "min_edge_weight": 0.0018437765515983973,
    "n_qubits": 14,
    "total_pstrings": 499
}