{
    "avg_edge_order": 1,
    "avg_edge_weight": 0.4454534379356225,
    "avg_vertex_degree": 40.785714285714285,
    "clustering_coefficient": 0.3368174468884018,
    "edge_order_std_dev": 3.3593160067542165,
    "edge_weight_std_dev": 0.7774726451452245,
    "induced_norm": 222.28126552987553,
    "max_edge_order": 14,
    "max_edge_weight": 13.537813148655957,
    "max_vertex_degree": 56,
    "min_edge_order": 7.406304728546409,
    "min_edge_weight": 0.0032436145590026833,
    "n_qubits": 14,
    "total_pstrings": 499
}