{
    "avg_edge_order": 1,
    "avg_edge_weight": 0.46926632410509495,
    "avg_vertex_degree": 40.785714285714285,
    "clustering_coefficient": 0.3368174468884018,
    "edge_order_std_dev": 3.3593160067542165,
    "edge_weight_std_dev": 0.843994987518627,
    "induced_norm": 234.1638957284424,
    "max_edge_order": 14,
    "max_edge_weight": 14.67723375074447,
    "max_vertex_degree": 56,
    "min_edge_order": 7.406304728546409,
    "min_edge_weight": 0.0006115815780191602,
    "n_qubits": 14,
    "total_pstrings": 499
}