{
    "avg_edge_order": 1,
    "avg_edge_weight": 0.46261371044338273,
    "avg_vertex_degree": 40.785714285714285,
    "clustering_coefficient": 0.3368174468884018,
    "edge_order_std_dev": 3.3593160067542165,
    "edge_weight_std_dev": 0.8057028226907155,
    "induced_norm": 230.84424151124804,
    "max_edge_order": 14,
    "max_edge_weight": 14.750982255144846,
    "max_vertex_degree": 56,
    "min_edge_order": 7.406304728546409,
    "min_edge_weight": 0.0004351901147205961,
    "n_qubits": 14,
    "total_pstrings": 499
}