{
    "avg_edge_order": 1,
    "avg_edge_weight": 0.4615200998458975,
    "avg_vertex_degree": 40.785714285714285,
    "clustering_coefficient": 0.3368174468884018,
    "edge_order_std_dev": 3.3593160067542165,
    "edge_weight_std_dev": 0.7988561709195504,
    "induced_norm": 230.2985298231028,
    "max_edge_order": 14,
    "max_edge_weight": 13.993335324002398,
    "max_vertex_degree": 56,
    "min_edge_order": 7.406304728546409,
    "min_edge_weight": 0.0022564335107648215,
    "n_qubits": 14,
    "total_pstrings": 499
}