{
    "avg_edge_order": 1,
    "avg_edge_weight": 0.4686106296393401,
    "avg_vertex_degree": 40.785714285714285,
    "clustering_coefficient": 0.3368174468884018,
    "edge_order_std_dev": 3.3593160067542165,
    "edge_weight_std_dev": 0.8414731361823019,
    "induced_norm": 233.83670419003076,
    "max_edge_order": 14,
    "max_edge_weight": 14.832714595349794,
    "max_vertex_degree": 56,
    "min_edge_order": 7.406304728546409,
    "min_edge_weight": 1.0970997448289665e-06,
    "n_qubits": 14,
    "total_pstrings": 499
}