{
    "avg_edge_order": 1,
    "avg_edge_weight": 31.616826705715624,
    "avg_vertex_degree": 35.0,
    "edge_order_std_dev": 3.0983866769659336,
    "edge_weight_std_dev": 117.47352958744081,
    "induced_norm": 10307.085506063288,
    "max_edge_order": 13,
    "max_edge_weight": 2134.1471267109987,
    "max_vertex_degree": 49,
    "min_edge_order": 7.0,
    "min_edge_weight": 0.043355152863384205,
    "n_qubits": 13,
    "total_pstrings": 326
}