{
    "avg_edge_order": 1,
    "avg_edge_weight": 27.095763169151304,
    "avg_vertex_degree": 287.0,
    "edge_order_std_dev": 9.156964562561111,
    "edge_weight_std_dev": 111.88167586837454,
    "induced_norm": 85649.70737768711,
    "max_edge_order": 40,
    "max_edge_weight": 6263.733629143815,
    "max_vertex_degree": 420,
    "min_edge_order": 20.5,
    "min_edge_weight": 0.06472279350115429,
    "n_qubits": 40,
    "total_pstrings": 3161
}