{
    "avg_edge_order": 1,
    "avg_edge_weight": 26.85107470180025,
    "avg_vertex_degree": 287.0,
    "edge_order_std_dev": 9.156964562561111,
    "edge_weight_std_dev": 112.37551298344867,
    "induced_norm": 84903.09820709226,
    "max_edge_order": 40,
    "max_edge_weight": 6291.256002374432,
    "max_vertex_degree": 420,
    "min_edge_order": 20.5,
    "min_edge_weight": 0.010545734189630451,
    "n_qubits": 40,
    "total_pstrings": 3162
}