{
    "avg_edge_order": 1,
    "avg_edge_weight": 30.071601000738067,
    "avg_vertex_degree": 12.0,
    "clustering_coefficient": 0.3537946711040823,
    "edge_order_std_dev": 1.7320508075688772,
    "edge_weight_std_dev": 58.00468107878132,
    "induced_norm": 2766.5872920679008,
    "max_edge_order": 7,
    "max_edge_weight": 566.1755078910244,
    "max_vertex_degree": 16,
    "min_edge_order": 4.0,
    "min_edge_weight": 0.797784521179441,
    "n_qubits": 7,
    "total_pstrings": 92
}