{
    "avg_edge_order": 1,
    "avg_edge_weight": 0.30008993189974703,
    "avg_vertex_degree": 45.266666666666666,
    "clustering_coefficient": 0.35376627362924734,
    "edge_order_std_dev": 3.5420736117925675,
    "edge_weight_std_dev": 0.8092801617493537,
    "induced_norm": 130.8392103082897,
    "max_edge_order": 15,
    "max_edge_weight": 16.910114704579765,
    "max_vertex_degree": 64,
    "min_edge_order": 8.010309278350515,
    "min_edge_weight": 0.0001417305788333767,
    "n_qubits": 15,
    "total_pstrings": 436
}