{
    "avg_edge_order": 1,
    "avg_edge_weight": 0.27930546656246485,
    "avg_vertex_degree": 45.266666666666666,
    "clustering_coefficient": 0.35376627362924734,
    "edge_order_std_dev": 3.5420736117925675,
    "edge_weight_std_dev": 0.7693274856471795,
    "induced_norm": 121.7771834212346,
    "max_edge_order": 15,
    "max_edge_weight": 16.039298562188716,
    "max_vertex_degree": 64,
    "min_edge_order": 8.010309278350515,
    "min_edge_weight": 0.0007187216910276573,
    "n_qubits": 15,
    "total_pstrings": 436
}