{
    "avg_edge_order": 1,
    "avg_edge_weight": 0.3011091460112204,
    "avg_vertex_degree": 45.266666666666666,
    "clustering_coefficient": 0.35376627362924734,
    "edge_order_std_dev": 3.5420736117925675,
    "edge_weight_std_dev": 0.8199925335394929,
    "induced_norm": 131.28358766089212,
    "max_edge_order": 15,
    "max_edge_weight": 17.109088616590014,
    "max_vertex_degree": 64,
    "min_edge_order": 8.010309278350515,
    "min_edge_weight": 0.0005200288533755426,
    "n_qubits": 15,
    "total_pstrings": 436
}