{
    "avg_edge_order": 1,
    "avg_edge_weight": 0.2969231118669146,
    "avg_vertex_degree": 45.266666666666666,
    "clustering_coefficient": 0.35376627362924734,
    "edge_order_std_dev": 3.5420736117925675,
    "edge_weight_std_dev": 0.7848646001341211,
    "induced_norm": 129.45847677397484,
    "max_edge_order": 15,
    "max_edge_weight": 16.398350632675978,
    "max_vertex_degree": 64,
    "min_edge_order": 8.010309278350515,
    "min_edge_weight": 0.0012966663230937758,
    "n_qubits": 15,
    "total_pstrings": 436
}