{
    "avg_edge_order": 1,
    "avg_edge_weight": 29.841216946500982,
    "avg_vertex_degree": 35.0,
    "edge_order_std_dev": 3.0983866769659336,
    "edge_weight_std_dev": 83.35462667591162,
    "induced_norm": 9728.236724559321,
    "max_edge_order": 13,
    "max_edge_weight": 1474.5861294967326,
    "max_vertex_degree": 49,
    "min_edge_order": 7.0,
    "min_edge_weight": 0.12240367973643806,
    "n_qubits": 13,
    "total_pstrings": 326
}