{
    "avg_edge_order": 1,
    "avg_edge_weight": 27.295998276276283,
    "avg_vertex_degree": 287.0,
    "edge_order_std_dev": 9.156964562561111,
    "edge_weight_std_dev": 111.14933104168345,
    "induced_norm": 86391.83454441448,
    "max_edge_order": 40,
    "max_edge_weight": 6226.108957569553,
    "max_vertex_degree": 420,
    "min_edge_order": 20.5,
    "min_edge_weight": 0.06058035216587143,
    "n_qubits": 40,
    "total_pstrings": 3165
}