{
    "avg_edge_order": 1,
    "avg_edge_weight": 0.300797111914761,
    "avg_vertex_degree": 45.266666666666666,
    "clustering_coefficient": 0.35376627362924734,
    "edge_order_std_dev": 3.5420736117925675,
    "edge_weight_std_dev": 0.7725074535039026,
    "induced_norm": 131.14754079483575,
    "max_edge_order": 15,
    "max_edge_weight": 16.11060240826198,
    "max_vertex_degree": 64,
    "min_edge_order": 8.010309278350515,
    "min_edge_weight": 0.0021610798377479368,
    "n_qubits": 15,
    "total_pstrings": 436
}