{
    "avg_edge_order": 1,
    "avg_edge_weight": 0.29409022254738204,
    "avg_vertex_degree": 45.266666666666666,
    "clustering_coefficient": 0.35376627362924734,
    "edge_order_std_dev": 3.5420736117925675,
    "edge_weight_std_dev": 0.7760174607741209,
    "induced_norm": 128.22333703065866,
    "max_edge_order": 15,
    "max_edge_weight": 16.184809189671576,
    "max_vertex_degree": 64,
    "min_edge_order": 8.010309278350515,
    "min_edge_weight": 0.0002433863191015906,
    "n_qubits": 15,
    "total_pstrings": 436
}