{
    "avg_edge_order": 1,
    "avg_edge_weight": 27.2150464184252,
    "avg_vertex_degree": 287.05,
    "edge_order_std_dev": 9.15942133522229,
    "edge_weight_std_dev": 112.16750327532266,
    "induced_norm": 86326.12723924477,
    "max_edge_order": 40,
    "max_edge_weight": 6283.341078769874,
    "max_vertex_degree": 420,
    "min_edge_order": 20.496777564884166,
    "min_edge_weight": 0.003790952488294863,
    "n_qubits": 40,
    "total_pstrings": 3172
}