{
    "avg_edge_order": 1,
    "avg_edge_weight": 0.27863592065508597,
    "avg_vertex_degree": 45.266666666666666,
    "clustering_coefficient": 0.35376627362924734,
    "edge_order_std_dev": 3.5420736117925675,
    "edge_weight_std_dev": 0.7409002103305569,
    "induced_norm": 121.48526140561748,
    "max_edge_order": 15,
    "max_edge_weight": 15.430428701738439,
    "max_vertex_degree": 64,
    "min_edge_order": 8.010309278350515,
    "min_edge_weight": 0.002265276313602793,
    "n_qubits": 15,
    "total_pstrings": 436
}