{
    "avg_edge_order": 1,
    "avg_edge_weight": 0.2861700271290765,
    "avg_vertex_degree": 45.266666666666666,
    "clustering_coefficient": 0.35376627362924734,
    "edge_order_std_dev": 3.5420736117925675,
    "edge_weight_std_dev": 0.8154876242359402,
    "induced_norm": 124.77013182827734,
    "max_edge_order": 15,
    "max_edge_weight": 17.000734406193658,
    "max_vertex_degree": 64,
    "min_edge_order": 8.010309278350515,
    "min_edge_weight": 0.00041208768210215796,
    "n_qubits": 15,
    "total_pstrings": 436
}