{
    "avg_edge_order": 1,
    "avg_edge_weight": 30.876134393142397,
    "avg_vertex_degree": 35.0,
    "edge_order_std_dev": 3.0983866769659336,
    "edge_weight_std_dev": 79.53126561954981,
    "induced_norm": 10065.619812164425,
    "max_edge_order": 13,
    "max_edge_weight": 1347.6283960469714,
    "max_vertex_degree": 49,
    "min_edge_order": 7.0,
    "min_edge_weight": 0.2636662516871233,
    "n_qubits": 13,
    "total_pstrings": 326
}