{
    "avg_edge_order": 1,
    "avg_edge_weight": 27.870624882194683,
    "avg_vertex_degree": 287.05,
    "edge_order_std_dev": 9.15942133522229,
    "edge_weight_std_dev": 113.11068652703733,
    "induced_norm": 88823.68149955462,
    "max_edge_order": 40,
    "max_edge_weight": 6330.720715603261,
    "max_vertex_degree": 420,
    "min_edge_order": 20.496777564884166,
    "min_edge_weight": 0.0006166365309496769,
    "n_qubits": 40,
    "total_pstrings": 3187
}