{
    "avg_edge_order": 1,
    "avg_edge_weight": 0.29787876289111676,
    "avg_vertex_degree": 45.266666666666666,
    "clustering_coefficient": 0.35376627362924734,
    "edge_order_std_dev": 3.5420736117925675,
    "edge_weight_std_dev": 0.7600689799902322,
    "induced_norm": 130.17301938341805,
    "max_edge_order": 15,
    "max_edge_weight": 15.843921184747,
    "max_vertex_degree": 64,
    "min_edge_order": 8.010309278350515,
    "min_edge_weight": 9.58537607628207e-05,
    "n_qubits": 15,
    "total_pstrings": 437
}