{
    "avg_edge_order": 1,
    "avg_edge_weight": 33.3168078770084,
    "avg_vertex_degree": 35.0,
    "edge_order_std_dev": 3.0983866769659336,
    "edge_weight_std_dev": 123.47877632103292,
    "induced_norm": 10861.279367904745,
    "max_edge_order": 13,
    "max_edge_weight": 2192.5531499580256,
    "max_vertex_degree": 49,
    "min_edge_order": 7.0,
    "min_edge_weight": 0.0034077540579047216,
    "n_qubits": 13,
    "total_pstrings": 326
}