{
    "avg_edge_order": 1,
    "avg_edge_weight": 28.274904972154882,
    "avg_vertex_degree": 287.3,
    "edge_order_std_dev": 9.170641936283369,
    "edge_weight_std_dev": 112.29048532397977,
    "induced_norm": 90988.64420039445,
    "max_edge_order": 40,
    "max_edge_weight": 6279.572126720925,
    "max_vertex_degree": 420,
    "min_edge_order": 20.481204316045947,
    "min_edge_weight": 0.0007142080633215642,
    "n_qubits": 40,
    "total_pstrings": 3218
}