{
    "avg_edge_order": 1,
    "avg_edge_weight": 0.29709945763826684,
    "avg_vertex_degree": 45.266666666666666,
    "clustering_coefficient": 0.35376627362924734,
    "edge_order_std_dev": 3.5420736117925675,
    "edge_weight_std_dev": 0.7782067848709365,
    "induced_norm": 129.8324629879226,
    "max_edge_order": 15,
    "max_edge_weight": 16.23860058268359,
    "max_vertex_degree": 64,
    "min_edge_order": 8.010309278350515,
    "min_edge_weight": 3.7807831703595696e-05,
    "n_qubits": 15,
    "total_pstrings": 437
}