{
    "avg_edge_order": 1,
    "avg_edge_weight": 0.2892054822838065,
    "avg_vertex_degree": 45.266666666666666,
    "clustering_coefficient": 0.35376627362924734,
    "edge_order_std_dev": 3.5420736117925675,
    "edge_weight_std_dev": 0.8016949964973176,
    "induced_norm": 126.38279575802345,
    "max_edge_order": 15,
    "max_edge_weight": 16.696770437837994,
    "max_vertex_degree": 64,
    "min_edge_order": 8.010309278350515,
    "min_edge_weight": 0.0009058938478556655,
    "n_qubits": 15,
    "total_pstrings": 437
}