{
    "avg_edge_order": 1,
    "avg_edge_weight": 31.204993180325292,
    "avg_vertex_degree": 35.0,
    "edge_order_std_dev": 3.0983866769659336,
    "edge_weight_std_dev": 104.29393572913159,
    "induced_norm": 10172.827776786035,
    "max_edge_order": 13,
    "max_edge_weight": 1870.2565074851236,
    "max_vertex_degree": 49,
    "min_edge_order": 7.0,
    "min_edge_weight": 0.01828785061249172,
    "n_qubits": 13,
    "total_pstrings": 326
}