{
    "avg_edge_order": 1,
    "avg_edge_weight": 29.832517654409827,
    "avg_vertex_degree": 287.3,
    "edge_order_std_dev": 9.170641936283369,
    "edge_weight_std_dev": 112.509986208424,
    "induced_norm": 97880.49042411854,
    "max_edge_order": 40,
    "max_edge_weight": 6306.394179118455,
    "max_vertex_degree": 420,
    "min_edge_order": 20.481204316045947,
    "min_edge_weight": 0.011679480913467932,
    "n_qubits": 40,
    "total_pstrings": 3281
}