{
    "avg_edge_order": 1,
    "avg_edge_weight": 0.30015556320248815,
    "avg_vertex_degree": 45.266666666666666,
    "clustering_coefficient": 0.35382458464678085,
    "edge_order_std_dev": 3.5420736117925675,
    "edge_weight_std_dev": 0.795879187747867,
    "induced_norm": 132.06844780909472,
    "max_edge_order": 15,
    "max_edge_weight": 16.548202556250146,
    "max_vertex_degree": 64,
    "min_edge_order": 8.010309278350515,
    "min_edge_weight": 0.0020381751163244255,
    "n_qubits": 15,
    "total_pstrings": 440
}