{
    "avg_edge_order": 1,
    "avg_edge_weight": 0.29030451738554836,
    "avg_vertex_degree": 45.266666666666666,
    "clustering_coefficient": 0.35382458464678085,
    "edge_order_std_dev": 3.5420736117925675,
    "edge_weight_std_dev": 0.8024489782118462,
    "induced_norm": 127.73398764964129,
    "max_edge_order": 15,
    "max_edge_weight": 16.67174861695178,
    "max_vertex_degree": 64,
    "min_edge_order": 8.010309278350515,
    "min_edge_weight": 0.0005842059369851604,
    "n_qubits": 15,
    "total_pstrings": 440
}