{
    "avg_edge_order": 1,
    "avg_edge_weight": 0.2818432940280093,
    "avg_vertex_degree": 45.266666666666666,
    "clustering_coefficient": 0.35382458464678085,
    "edge_order_std_dev": 3.5420736117925675,
    "edge_weight_std_dev": 0.721452995577566,
    "induced_norm": 124.0110493723241,
    "max_edge_order": 15,
    "max_edge_weight": 14.972752874460483,
    "max_vertex_degree": 64,
    "min_edge_order": 8.010309278350515,
    "min_edge_weight": 0.0010311592424563365,
    "n_qubits": 15,
    "total_pstrings": 440
}