{
    "avg_edge_order": 1,
    "avg_edge_weight": 35.64046718096653,
    "avg_vertex_degree": 12.0,
    "clustering_coefficient": 0.3537946711040823,
    "edge_order_std_dev": 1.7320508075688772,
    "edge_weight_std_dev": 67.43759881093888,
    "induced_norm": 3278.92298064892,
    "max_edge_order": 7,
    "max_edge_weight": 662.8448850050979,
    "max_vertex_degree": 16,
    "min_edge_order": 4.0,
    "min_edge_weight": 1.36218298381295,
    "n_qubits": 7,
    "total_pstrings": 92
}