{
    "avg_edge_order": 1,
    "avg_edge_weight": 26.592724302313812,
    "avg_vertex_degree": 315.3333333333333,
    "edge_order_std_dev": 9.604686356149273,
    "edge_weight_std_dev": 114.80031329978091,
    "induced_norm": 92728.8296421683,
    "max_edge_order": 42,
    "max_edge_weight": 6749.99358658699,
    "max_vertex_degree": 462,
    "min_edge_order": 21.5,
    "min_edge_weight": 0.0013837581887443662,
    "n_qubits": 42,
    "total_pstrings": 3487
}