{
    "avg_edge_order": 1,
    "avg_edge_weight": 35.09165147228097,
    "avg_vertex_degree": 35.0,
    "edge_order_std_dev": 3.0983866769659336,
    "edge_weight_std_dev": 109.0363032228003,
    "induced_norm": 11439.878379963593,
    "max_edge_order": 13,
    "max_edge_weight": 1460.7719256756711,
    "max_vertex_degree": 49,
    "min_edge_order": 7.0,
    "min_edge_weight": 0.16275456224124074,
    "n_qubits": 13,
    "total_pstrings": 326
}