{
    "avg_edge_order": 1,
    "avg_edge_weight": 0.2834440075792437,
    "avg_vertex_degree": 45.266666666666666,
    "clustering_coefficient": 0.35382458464678085,
    "edge_order_std_dev": 3.5420736117925675,
    "edge_weight_std_dev": 0.7855964264845631,
    "induced_norm": 124.7153633348672,
    "max_edge_order": 15,
    "max_edge_weight": 16.216316658366996,
    "max_vertex_degree": 64,
    "min_edge_order": 8.010309278350515,
    "min_edge_weight": 0.00015368791075021093,
    "n_qubits": 15,
    "total_pstrings": 440
}