{
    "avg_edge_order": 1,
    "avg_edge_weight": 0.2920802327018146,
    "avg_vertex_degree": 45.266666666666666,
    "clustering_coefficient": 0.35382458464678085,
    "edge_order_std_dev": 3.5420736117925675,
    "edge_weight_std_dev": 0.7879682243538679,
    "induced_norm": 128.51530238879837,
    "max_edge_order": 15,
    "max_edge_weight": 16.37794510165965,
    "max_vertex_degree": 64,
    "min_edge_order": 8.010309278350515,
    "min_edge_weight": 3.578481952226653e-05,
    "n_qubits": 15,
    "total_pstrings": 440
}