{
    "avg_edge_order": 1,
    "avg_edge_weight": 0.2866038835150152,
    "avg_vertex_degree": 45.266666666666666,
    "clustering_coefficient": 0.35382458464678085,
    "edge_order_std_dev": 3.5420736117925675,
    "edge_weight_std_dev": 0.7771411045446978,
    "induced_norm": 126.10570874660667,
    "max_edge_order": 15,
    "max_edge_weight": 16.059238767534296,
    "max_vertex_degree": 64,
    "min_edge_order": 8.010309278350515,
    "min_edge_weight": 0.0003581986389410985,
    "n_qubits": 15,
    "total_pstrings": 440
}