{
    "avg_edge_order": 1,
    "avg_edge_weight": 0.2992275831937955,
    "avg_vertex_degree": 45.266666666666666,
    "clustering_coefficient": 0.35382458464678085,
    "edge_order_std_dev": 3.5420736117925675,
    "edge_weight_std_dev": 0.7688564864613999,
    "induced_norm": 131.66013660527003,
    "max_edge_order": 15,
    "max_edge_weight": 15.949596698370472,
    "max_vertex_degree": 64,
    "min_edge_order": 8.010309278350515,
    "min_edge_weight": 0.0022862831867830335,
    "n_qubits": 15,
    "total_pstrings": 440
}