{
    "avg_edge_order": 1,
    "avg_edge_weight": 31.44446984774473,
    "avg_vertex_degree": 35.0,
    "edge_order_std_dev": 3.0983866769659336,
    "edge_weight_std_dev": 98.82356602946953,
    "induced_norm": 10250.897170364779,
    "max_edge_order": 13,
    "max_edge_weight": 1742.963059613107,
    "max_vertex_degree": 49,
    "min_edge_order": 7.0,
    "min_edge_weight": 0.01362116241121214,
    "n_qubits": 13,
    "total_pstrings": 326
}