{
    "avg_edge_order": 1,
    "avg_edge_weight": 27.063561673999615,
    "avg_vertex_degree": 315.3333333333333,
    "edge_order_std_dev": 9.604686356149273,
    "edge_weight_std_dev": 113.67322279854403,
    "induced_norm": 94370.63955723665,
    "max_edge_order": 42,
    "max_edge_weight": 6685.455250784041,
    "max_vertex_degree": 462,
    "min_edge_order": 21.5,
    "min_edge_weight": 0.03914850699058903,
    "n_qubits": 42,
    "total_pstrings": 3487
}