{
    "avg_edge_order": 1,
    "avg_edge_weight": 0.31453964315145205,
    "avg_vertex_degree": 45.4,
    "clustering_coefficient": 0.3542448973118656,
    "edge_order_std_dev": 3.551790781035298,
    "edge_weight_std_dev": 0.7951904555358194,
    "induced_norm": 140.59922048869916,
    "max_edge_order": 15,
    "max_edge_weight": 16.34163677715966,
    "max_vertex_degree": 64,
    "min_edge_order": 7.992657856093979,
    "min_edge_weight": 6.589039099647032e-05,
    "n_qubits": 15,
    "total_pstrings": 447
}