{
    "avg_edge_order": 1,
    "avg_edge_weight": 0.3138753602407032,
    "avg_vertex_degree": 45.4,
    "clustering_coefficient": 0.3542448973118656,
    "edge_order_std_dev": 3.551790781035298,
    "edge_weight_std_dev": 0.7803832175936029,
    "induced_norm": 140.30228602759428,
    "max_edge_order": 15,
    "max_edge_weight": 16.182360418181354,
    "max_vertex_degree": 64,
    "min_edge_order": 7.992657856093979,
    "min_edge_weight": 0.000542344030030617,
    "n_qubits": 15,
    "total_pstrings": 447
}