{
    "avg_edge_order": 1,
    "avg_edge_weight": 0.31312675400845286,
    "avg_vertex_degree": 45.4,
    "clustering_coefficient": 0.3542448973118656,
    "edge_order_std_dev": 3.551790781035298,
    "edge_weight_std_dev": 0.7846000795803227,
    "induced_norm": 139.96765904177838,
    "max_edge_order": 15,
    "max_edge_weight": 16.013807434228593,
    "max_vertex_degree": 64,
    "min_edge_order": 7.992657856093979,
    "min_edge_weight": 0.0004665149750527342,
    "n_qubits": 15,
    "total_pstrings": 447
}