{
    "avg_edge_order": 1,
    "avg_edge_weight": 0.2945522677692026,
    "avg_vertex_degree": 45.4,
    "clustering_coefficient": 0.3542448973118656,
    "edge_order_std_dev": 3.551790781035298,
    "edge_weight_std_dev": 0.7710304538438243,
    "induced_norm": 131.6648636928335,
    "max_edge_order": 15,
    "max_edge_weight": 15.794904613587157,
    "max_vertex_degree": 64,
    "min_edge_order": 7.992657856093979,
    "min_edge_weight": 0.00010324512590770274,
    "n_qubits": 15,
    "total_pstrings": 447
}