{
    "avg_edge_order": 1,
    "avg_edge_weight": 0.30777115393962956,
    "avg_vertex_degree": 45.4,
    "clustering_coefficient": 0.3542448973118656,
    "edge_order_std_dev": 3.551790781035298,
    "edge_weight_std_dev": 0.7804774125137005,
    "induced_norm": 137.5737058110145,
    "max_edge_order": 15,
    "max_edge_weight": 16.216614020779673,
    "max_vertex_degree": 64,
    "min_edge_order": 7.992657856093979,
    "min_edge_weight": 0.0010172960398406872,
    "n_qubits": 15,
    "total_pstrings": 447
}