{
    "avg_edge_order": 1,
    "avg_edge_weight": 0.31484797253561997,
    "avg_vertex_degree": 45.4,
    "clustering_coefficient": 0.3542448973118656,
    "edge_order_std_dev": 3.551790781035298,
    "edge_weight_std_dev": 0.791059365931139,
    "induced_norm": 140.7370437234222,
    "max_edge_order": 15,
    "max_edge_weight": 16.271498617342903,
    "max_vertex_degree": 64,
    "min_edge_order": 7.992657856093979,
    "min_edge_weight": 0.0011517808054384293,
    "n_qubits": 15,
    "total_pstrings": 447
}