{
    "avg_edge_order": 1,
    "avg_edge_weight": 34.03774204544689,
    "avg_vertex_degree": 12.0,
    "clustering_coefficient": 0.3537946711040823,
    "edge_order_std_dev": 1.7320508075688772,
    "edge_weight_std_dev": 61.32497543492723,
    "induced_norm": 3131.4722681811136,
    "max_edge_order": 7,
    "max_edge_weight": 603.1356733699123,
    "max_vertex_degree": 16,
    "min_edge_order": 4.0,
    "min_edge_weight": 1.7169490770608478,
    "n_qubits": 7,
    "total_pstrings": 92
}