{
    "avg_edge_order": 1,
    "avg_edge_weight": 26.88343575222686,
    "avg_vertex_degree": 315.3333333333333,
    "edge_order_std_dev": 9.604686356149273,
    "edge_weight_std_dev": 113.86247119602876,
    "induced_norm": 93769.42390376728,
    "max_edge_order": 42,
    "max_edge_weight": 6694.976205601615,
    "max_vertex_degree": 462,
    "min_edge_order": 21.5,
    "min_edge_weight": 0.014388760716116167,
    "n_qubits": 42,
    "total_pstrings": 3488
}