{
    "avg_edge_order": 1,
    "avg_edge_weight": 0.30737708120159896,
    "avg_vertex_degree": 45.4,
    "clustering_coefficient": 0.3542448973118656,
    "edge_order_std_dev": 3.551790781035298,
    "edge_weight_std_dev": 0.7693691379150966,
    "induced_norm": 137.3975552971147,
    "max_edge_order": 15,
    "max_edge_weight": 15.888138859323544,
    "max_vertex_degree": 64,
    "min_edge_order": 7.992657856093979,
    "min_edge_weight": 0.00015036420090380753,
    "n_qubits": 15,
    "total_pstrings": 447
}