{
    "avg_edge_order": 1,
    "avg_edge_weight": 0.30476673823627776,
    "avg_vertex_degree": 45.4,
    "clustering_coefficient": 0.3542448973118656,
    "edge_order_std_dev": 3.551790781035298,
    "edge_weight_std_dev": 0.7884097640625986,
    "induced_norm": 136.23073199161618,
    "max_edge_order": 15,
    "max_edge_weight": 16.026642068895917,
    "max_vertex_degree": 64,
    "min_edge_order": 7.992657856093979,
    "min_edge_weight": 0.00033864375865955143,
    "n_qubits": 15,
    "total_pstrings": 447
}