{
    "avg_edge_order": 1,
    "avg_edge_weight": 34.91456542136133,
    "avg_vertex_degree": 35.0,
    "edge_order_std_dev": 3.0983866769659336,
    "edge_weight_std_dev": 120.77818813529056,
    "induced_norm": 11382.148327363786,
    "max_edge_order": 13,
    "max_edge_weight": 1722.1052052946195,
    "max_vertex_degree": 49,
    "min_edge_order": 7.0,
    "min_edge_weight": 0.0727944128720921,
    "n_qubits": 13,
    "total_pstrings": 326
}