{
    "avg_edge_order": 1,
    "avg_edge_weight": 27.08564002422862,
    "avg_vertex_degree": 315.3333333333333,
    "edge_order_std_dev": 9.604686356149273,
    "edge_weight_std_dev": 115.09553250283179,
    "induced_norm": 94555.96932458226,
    "max_edge_order": 42,
    "max_edge_weight": 6770.1859017631705,
    "max_vertex_degree": 462,
    "min_edge_order": 21.5,
    "min_edge_weight": 0.01529106428541116,
    "n_qubits": 42,
    "total_pstrings": 3491
}