{
    "avg_edge_order": 1,
    "avg_edge_weight": 0.3278942635375129,
    "avg_vertex_degree": 45.4,
    "clustering_coefficient": 0.3551061377337609,
    "edge_order_std_dev": 3.551790781035298,
    "edge_weight_std_dev": 0.8081258722315342,
    "induced_norm": 151.487149754331,
    "max_edge_order": 15,
    "max_edge_weight": 16.24220896473537,
    "max_vertex_degree": 64,
    "min_edge_order": 7.992657856093979,
    "min_edge_weight": 2.2187350324887056e-05,
    "n_qubits": 15,
    "total_pstrings": 462
}