{
    "avg_edge_order": 1,
    "avg_edge_weight": 0.3277450864531065,
    "avg_vertex_degree": 45.4,
    "clustering_coefficient": 0.3551061377337609,
    "edge_order_std_dev": 3.551790781035298,
    "edge_weight_std_dev": 0.7990700214143904,
    "induced_norm": 151.4182299413353,
    "max_edge_order": 15,
    "max_edge_weight": 16.24760218100023,
    "max_vertex_degree": 64,
    "min_edge_order": 7.992657856093979,
    "min_edge_weight": 0.00025968632947653836,
    "n_qubits": 15,
    "total_pstrings": 462
}