{
    "avg_edge_order": 1,
    "avg_edge_weight": 0.32597740467361136,
    "avg_vertex_degree": 45.4,
    "clustering_coefficient": 0.3551061377337609,
    "edge_order_std_dev": 3.551790781035298,
    "edge_weight_std_dev": 0.7840993517488363,
    "induced_norm": 150.6015609592084,
    "max_edge_order": 15,
    "max_edge_weight": 15.983350778409568,
    "max_vertex_degree": 64,
    "min_edge_order": 7.992657856093979,
    "min_edge_weight": 0.0008241480952166924,
    "n_qubits": 15,
    "total_pstrings": 462
}