{
    "avg_edge_order": 1,
    "avg_edge_weight": 34.13978034247381,
    "avg_vertex_degree": 35.0,
    "edge_order_std_dev": 3.0983866769659336,
    "edge_weight_std_dev": 117.90393746138227,
    "induced_norm": 11129.568391646462,
    "max_edge_order": 13,
    "max_edge_weight": 1939.8990014796805,
    "max_vertex_degree": 49,
    "min_edge_order": 7.0,
    "min_edge_weight": 0.0133426514598467,
    "n_qubits": 13,
    "total_pstrings": 326
}