{
    "avg_edge_order": 1,
    "avg_edge_weight": 27.22804483515038,
    "avg_vertex_degree": 315.3809523809524,
    "edge_order_std_dev": 9.606949367868744,
    "edge_weight_std_dev": 115.60228632857401,
    "induced_norm": 95243.70083335612,
    "max_edge_order": 42,
    "max_edge_weight": 6794.115109429003,
    "max_vertex_degree": 462,
    "min_edge_order": 21.49705571493281,
    "min_edge_weight": 0.0027307127982769686,
    "n_qubits": 42,
    "total_pstrings": 3498
}