{
    "avg_edge_order": 1,
    "avg_edge_weight": 0.33696602052848335,
    "avg_vertex_degree": 45.4,
    "clustering_coefficient": 0.3551061377337609,
    "edge_order_std_dev": 3.551790781035298,
    "edge_weight_std_dev": 0.8090773745526978,
    "induced_norm": 155.67830148415948,
    "max_edge_order": 15,
    "max_edge_weight": 16.290710274111504,
    "max_vertex_degree": 64,
    "min_edge_order": 7.992657856093979,
    "min_edge_weight": 0.0017364007863313047,
    "n_qubits": 15,
    "total_pstrings": 462
}