{
    "avg_edge_order": 1,
    "avg_edge_weight": 0.3372134604754814,
    "avg_vertex_degree": 45.4,
    "clustering_coefficient": 0.3551061377337609,
    "edge_order_std_dev": 3.551790781035298,
    "edge_weight_std_dev": 0.8247289501758479,
    "induced_norm": 155.79261873967232,
    "max_edge_order": 15,
    "max_edge_weight": 16.692748388567512,
    "max_vertex_degree": 64,
    "min_edge_order": 7.992657856093979,
    "min_edge_weight": 0.0019392912788191996,
    "n_qubits": 15,
    "total_pstrings": 462
}