{
    "avg_edge_order": 1,
    "avg_edge_weight": 0.34104076505757674,
    "avg_vertex_degree": 45.4,
    "clustering_coefficient": 0.3551061377337609,
    "edge_order_std_dev": 3.551790781035298,
    "edge_weight_std_dev": 0.805776277333875,
    "induced_norm": 157.5608334566004,
    "max_edge_order": 15,
    "max_edge_weight": 15.96288252735019,
    "max_vertex_degree": 64,
    "min_edge_order": 7.992657856093979,
    "min_edge_weight": 0.0010853893789456448,
    "n_qubits": 15,
    "total_pstrings": 462
}