{
    "avg_edge_order": 1,
    "avg_edge_weight": 32.53903412395934,
    "avg_vertex_degree": 12.0,
    "clustering_coefficient": 0.3537946711040823,
    "edge_order_std_dev": 1.7320508075688772,
    "edge_weight_std_dev": 56.44775909969904,
    "induced_norm": 2993.5911394042596,
    "max_edge_order": 7,
    "max_edge_weight": 547.586134851329,
    "max_vertex_degree": 16,
    "min_edge_order": 4.0,
    "min_edge_weight": 0.03295469769690751,
    "n_qubits": 7,
    "total_pstrings": 92
}