{
    "avg_edge_order": 1,
    "avg_edge_weight": 0.36690797448832935,
    "avg_vertex_degree": 46.06666666666667,
    "clustering_coefficient": 0.3586069687217383,
    "edge_order_std_dev": 3.5848132745337407,
    "edge_weight_std_dev": 0.8100487180223308,
    "induced_norm": 180.88563142274634,
    "max_edge_order": 15,
    "max_edge_weight": 16.16565577368445,
    "max_vertex_degree": 64,
    "min_edge_order": 7.914616497829233,
    "min_edge_weight": 0.000906748689144532,
    "n_qubits": 15,
    "total_pstrings": 493
}