{
    "avg_edge_order": 1,
    "avg_edge_weight": 0.37521705287485185,
    "avg_vertex_degree": 46.06666666666667,
    "clustering_coefficient": 0.3586069687217383,
    "edge_order_std_dev": 3.5848132745337407,
    "edge_weight_std_dev": 0.8320473176630432,
    "induced_norm": 184.98200706730188,
    "max_edge_order": 15,
    "max_edge_weight": 16.20137676347292,
    "max_vertex_degree": 64,
    "min_edge_order": 7.914616497829233,
    "min_edge_weight": 0.0029544482655535775,
    "n_qubits": 15,
    "total_pstrings": 493
}