{
    "avg_edge_order": 1,
    "avg_edge_weight": 0.37090563149640127,
    "avg_vertex_degree": 46.06666666666667,
    "clustering_coefficient": 0.3586069687217383,
    "edge_order_std_dev": 3.5848132745337407,
    "edge_weight_std_dev": 0.8290978574645586,
    "induced_norm": 182.85647632772586,
    "max_edge_order": 15,
    "max_edge_weight": 16.99249805005898,
    "max_vertex_degree": 64,
    "min_edge_order": 7.914616497829233,
    "min_edge_weight": 0.0007436655624847854,
    "n_qubits": 15,
    "total_pstrings": 493
}