{
    "avg_edge_order": 1,
    "avg_edge_weight": 0.3640009759777518,
    "avg_vertex_degree": 46.06666666666667,
    "clustering_coefficient": 0.3586069687217383,
    "edge_order_std_dev": 3.5848132745337407,
    "edge_weight_std_dev": 0.7848388305268361,
    "induced_norm": 179.4524811570316,
    "max_edge_order": 15,
    "max_edge_weight": 15.81373930543761,
    "max_vertex_degree": 64,
    "min_edge_order": 7.914616497829233,
    "min_edge_weight": 0.0029740023998973686,
    "n_qubits": 15,
    "total_pstrings": 493
}