{
    "avg_edge_order": 1,
    "avg_edge_weight": 35.17497673799531,
    "avg_vertex_degree": 35.0,
    "edge_order_std_dev": 3.0983866769659336,
    "edge_weight_std_dev": 115.43524864851153,
    "induced_norm": 11467.042416586473,
    "max_edge_order": 13,
    "max_edge_weight": 1472.9249035274515,
    "max_vertex_degree": 49,
    "min_edge_order": 7.0,
    "min_edge_weight": 0.023337798910527674,
    "n_qubits": 13,
    "total_pstrings": 326
}