{
    "avg_edge_order": 1,
    "avg_edge_weight": 28.14678800230941,
    "avg_vertex_degree": 315.6190476190476,
    "edge_order_std_dev": 9.617339369080243,
    "edge_weight_std_dev": 115.42437896812254,
    "induced_norm": 99752.21668018462,
    "max_edge_order": 42,
    "max_edge_weight": 6801.752737739663,
    "max_vertex_degree": 462,
    "min_edge_order": 21.48280024140012,
    "min_edge_weight": 0.0023797424967553216,
    "n_qubits": 42,
    "total_pstrings": 3544
}