{
    "avg_edge_order": 1,
    "avg_edge_weight": 28.78704502246645,
    "avg_vertex_degree": 12.0,
    "clustering_coefficient": 0.3537946711040823,
    "edge_order_std_dev": 1.7320508075688772,
    "edge_weight_std_dev": 50.870206301736296,
    "induced_norm": 2648.408142066913,
    "max_edge_order": 7,
    "max_edge_weight": 494.25052447814045,
    "max_vertex_degree": 16,
    "min_edge_order": 4.0,
    "min_edge_weight": 0.9999797131845235,
    "n_qubits": 7,
    "total_pstrings": 92
}