{
    "avg_edge_order": 1,
    "avg_edge_weight": 0.38006571658494437,
    "avg_vertex_degree": 46.06666666666667,
    "clustering_coefficient": 0.3586069687217383,
    "edge_order_std_dev": 3.5848132745337407,
    "edge_weight_std_dev": 0.7923319637042182,
    "induced_norm": 187.3723982763776,
    "max_edge_order": 15,
    "max_edge_weight": 15.550739337141497,
    "max_vertex_degree": 64,
    "min_edge_order": 7.914616497829233,
    "min_edge_weight": 0.0009557209665072008,
    "n_qubits": 15,
    "total_pstrings": 493
}