{
    "avg_edge_order": 1,
    "avg_edge_weight": 0.3688401042283186,
    "avg_vertex_degree": 46.06666666666667,
    "clustering_coefficient": 0.3586069687217383,
    "edge_order_std_dev": 3.5848132745337407,
    "edge_weight_std_dev": 0.8093708962318604,
    "induced_norm": 181.83817138456118,
    "max_edge_order": 15,
    "max_edge_weight": 15.946473357835098,
    "max_vertex_degree": 64,
    "min_edge_order": 7.914616497829233,
    "min_edge_weight": 0.0002548257172882429,
    "n_qubits": 15,
    "total_pstrings": 493
}