{
    "avg_edge_order": 1,
    "avg_edge_weight": 0.38228747699568316,
    "avg_vertex_degree": 46.06666666666667,
    "clustering_coefficient": 0.3586069687217383,
    "edge_order_std_dev": 3.5848132745337407,
    "edge_weight_std_dev": 0.7958319557531087,
    "induced_norm": 188.46772615887187,
    "max_edge_order": 15,
    "max_edge_weight": 15.572555676956377,
    "max_vertex_degree": 64,
    "min_edge_order": 7.914616497829233,
    "min_edge_weight": 0.0025418111649549366,
    "n_qubits": 15,
    "total_pstrings": 493
}