{
    "avg_edge_order": 1,
    "avg_edge_weight": 0.38190498068832224,
    "avg_vertex_degree": 46.06666666666667,
    "clustering_coefficient": 0.3586069687217383,
    "edge_order_std_dev": 3.5848132745337407,
    "edge_weight_std_dev": 0.8254851201166584,
    "induced_norm": 188.27915547934276,
    "max_edge_order": 15,
    "max_edge_weight": 16.106050748624714,
    "max_vertex_degree": 64,
    "min_edge_order": 7.914616497829233,
    "min_edge_weight": 0.0006881730965590527,
    "n_qubits": 15,
    "total_pstrings": 493
}