{
    "avg_edge_order": 1,
    "avg_edge_weight": 34.03144576776914,
    "avg_vertex_degree": 35.0,
    "edge_order_std_dev": 3.0983866769659336,
    "edge_weight_std_dev": 121.34442838875022,
    "induced_norm": 11094.251320292737,
    "max_edge_order": 13,
    "max_edge_weight": 1991.2714614399035,
    "max_vertex_degree": 49,
    "min_edge_order": 7.0,
    "min_edge_weight": 0.21611435311078964,
    "n_qubits": 13,
    "total_pstrings": 326
}