{
    "avg_edge_order": 1,
    "avg_edge_weight": 29.74706912980095,
    "avg_vertex_degree": 12.0,
    "clustering_coefficient": 0.3537946711040823,
    "edge_order_std_dev": 1.7320508075688772,
    "edge_weight_std_dev": 53.751089735367636,
    "induced_norm": 2736.7303599416878,
    "max_edge_order": 7,
    "max_edge_weight": 507.15035050197844,
    "max_vertex_degree": 16,
    "min_edge_order": 4.0,
    "min_edge_weight": 0.5380903429053738,
    "n_qubits": 7,
    "total_pstrings": 92
}