{
    "avg_edge_order": 1,
    "avg_edge_weight": 29.219747038170823,
    "avg_vertex_degree": 315.6190476190476,
    "edge_order_std_dev": 9.617339369080243,
    "edge_weight_std_dev": 113.4153746289858,
    "induced_norm": 105395.62756668207,
    "max_edge_order": 42,
    "max_edge_weight": 6665.79377198012,
    "max_vertex_degree": 462,
    "min_edge_order": 21.48280024140012,
    "min_edge_weight": 0.007285783369113119,
    "n_qubits": 42,
    "total_pstrings": 3607
}