{
    "avg_edge_order": 1,
    "avg_edge_weight": 0.4626984060107443,
    "avg_vertex_degree": 46.06666666666667,
    "clustering_coefficient": 0.3554628335379516,
    "edge_order_std_dev": 3.5848132745337407,
    "edge_weight_std_dev": 0.8706380908180923,
    "induced_norm": 257.26031374197385,
    "max_edge_order": 15,
    "max_edge_weight": 16.996454498326578,
    "max_vertex_degree": 64,
    "min_edge_order": 7.914616497829233,
    "min_edge_weight": 0.001302612480040266,
    "n_qubits": 15,
    "total_pstrings": 556
}