{
    "avg_edge_order": 1,
    "avg_edge_weight": 0.43766099926430424,
    "avg_vertex_degree": 46.06666666666667,
    "clustering_coefficient": 0.3554628335379516,
    "edge_order_std_dev": 3.5848132745337407,
    "edge_weight_std_dev": 0.8017881590985201,
    "induced_norm": 243.33951559095323,
    "max_edge_order": 15,
    "max_edge_weight": 15.593272616043565,
    "max_vertex_degree": 64,
    "min_edge_order": 7.914616497829233,
    "min_edge_weight": 0.0007255537798218359,
    "n_qubits": 15,
    "total_pstrings": 556
}