{
    "avg_edge_order": 1,
    "avg_edge_weight": 0.44613562448109645,
    "avg_vertex_degree": 46.06666666666667,
    "clustering_coefficient": 0.3554628335379516,
    "edge_order_std_dev": 3.5848132745337407,
    "edge_weight_std_dev": 0.8422612879594761,
    "induced_norm": 248.05140721148976,
    "max_edge_order": 15,
    "max_edge_weight": 16.634577097835503,
    "max_vertex_degree": 64,
    "min_edge_order": 7.914616497829233,
    "min_edge_weight": 0.0003691392630792434,
    "n_qubits": 15,
    "total_pstrings": 556
}