{
    "avg_edge_order": 1,
    "avg_edge_weight": 36.08915143012583,
    "avg_vertex_degree": 35.0,
    "edge_order_std_dev": 3.0983866769659336,
    "edge_weight_std_dev": 127.31024809035176,
    "induced_norm": 11765.063366221024,
    "max_edge_order": 13,
    "max_edge_weight": 1984.3245617741363,
    "max_vertex_degree": 49,
    "min_edge_order": 7.0,
    "min_edge_weight": 0.30281785734862154,
    "n_qubits": 13,
    "total_pstrings": 326
}