{
    "avg_edge_order": 1,
    "avg_edge_weight": 26.98147083758742,
    "avg_vertex_degree": 345.0,
    "edge_order_std_dev": 10.052362906302179,
    "edge_weight_std_dev": 117.16772225955626,
    "induced_norm": 103312.05183712217,
    "max_edge_order": 44,
    "max_edge_weight": 7221.470258206363,
    "max_vertex_degree": 506,
    "min_edge_order": 22.5,
    "min_edge_weight": 0.006240232861998152,
    "n_qubits": 44,
    "total_pstrings": 3829
}