{
    "avg_edge_order": 1,
    "avg_edge_weight": 0.4394936001959028,
    "avg_vertex_degree": 46.06666666666667,
    "clustering_coefficient": 0.3554628335379516,
    "edge_order_std_dev": 3.5848132745337407,
    "edge_weight_std_dev": 0.8125915458160815,
    "induced_norm": 244.358441708922,
    "max_edge_order": 15,
    "max_edge_weight": 16.19332876704188,
    "max_vertex_degree": 64,
    "min_edge_order": 7.914616497829233,
    "min_edge_weight": 0.001859769241244702,
    "n_qubits": 15,
    "total_pstrings": 556
}