{
    "avg_edge_order": 1,
    "avg_edge_weight": 0.44022027553205584,
    "avg_vertex_degree": 46.06666666666667,
    "clustering_coefficient": 0.3554628335379516,
    "edge_order_std_dev": 3.5848132745337407,
    "edge_weight_std_dev": 0.8361981150722997,
    "induced_norm": 244.7624731958231,
    "max_edge_order": 15,
    "max_edge_weight": 16.323788113541177,
    "max_vertex_degree": 64,
    "min_edge_order": 7.914616497829233,
    "min_edge_weight": 0.006518384654712724,
    "n_qubits": 15,
    "total_pstrings": 556
}