{
    "avg_edge_order": 1,
    "avg_edge_weight": 0.43319654205405683,
    "avg_vertex_degree": 46.06666666666667,
    "clustering_coefficient": 0.3554628335379516,
    "edge_order_std_dev": 3.5848132745337407,
    "edge_weight_std_dev": 0.8145878727099164,
    "induced_norm": 240.85727738205563,
    "max_edge_order": 15,
    "max_edge_weight": 15.627998308320464,
    "max_vertex_degree": 64,
    "min_edge_order": 7.914616497829233,
    "min_edge_weight": 0.0007544072643600463,
    "n_qubits": 15,
    "total_pstrings": 556
}