{
    "avg_edge_order": 1,
    "avg_edge_weight": 35.368913916182976,
    "avg_vertex_degree": 35.0,
    "edge_order_std_dev": 3.0983866769659336,
    "edge_weight_std_dev": 134.21363913015853,
    "induced_norm": 11530.265936675643,
    "max_edge_order": 13,
    "max_edge_weight": 2249.3705111044196,
    "max_vertex_degree": 49,
    "min_edge_order": 7.0,
    "min_edge_weight": 0.4068336022745811,
    "n_qubits": 13,
    "total_pstrings": 326
}