{
    "avg_edge_order": 1,
    "avg_edge_weight": 27.10335434755354,
    "avg_vertex_degree": 345.0,
    "edge_order_std_dev": 10.052362906302179,
    "edge_weight_std_dev": 118.52790258380897,
    "induced_norm": 103778.74379678248,
    "max_edge_order": 44,
    "max_edge_weight": 7304.765551463213,
    "max_vertex_degree": 506,
    "min_edge_order": 22.5,
    "min_edge_weight": 0.014409079308824596,
    "n_qubits": 44,
    "total_pstrings": 3829
}