{
    "avg_edge_order": 1,
    "avg_edge_weight": 34.031724490428545,
    "avg_vertex_degree": 12.0,
    "clustering_coefficient": 0.3537946711040823,
    "edge_order_std_dev": 1.7320508075688772,
    "edge_weight_std_dev": 68.17263433222524,
    "induced_norm": 3130.9186531194264,
    "max_edge_order": 7,
    "max_edge_weight": 667.9166876663135,
    "max_vertex_degree": 16,
    "min_edge_order": 4.0,
    "min_edge_weight": 0.021932940333464046,
    "n_qubits": 7,
    "total_pstrings": 92
}