{
    "avg_edge_order": 1,
    "avg_edge_weight": 30.181747866162457,
    "avg_vertex_degree": 22.0,
    "edge_order_std_dev": 2.4186773244895647,
    "edge_weight_std_dev": 68.27916629892002,
    "induced_norm": 5794.895590303194,
    "max_edge_order": 10,
    "max_edge_weight": 947.2661851869647,
    "max_vertex_degree": 30,
    "min_edge_order": 5.5,
    "min_edge_weight": 0.14897736062982614,
    "n_qubits": 10,
    "total_pstrings": 192
}