{
    "avg_edge_order": 1,
    "avg_edge_weight": 0.290853752733032,
    "avg_vertex_degree": 50.9375,
    "clustering_coefficient": 0.35125036477065613,
    "edge_order_std_dev": 3.7680739871331257,
    "edge_weight_std_dev": 0.7812976883341121,
    "induced_norm": 144.55431510831679,
    "max_edge_order": 16,
    "max_edge_weight": 17.405054029714982,
    "max_vertex_degree": 72,
    "min_edge_order": 8.50920245398773,
    "min_edge_weight": 0.00011432232232549966,
    "n_qubits": 16,
    "total_pstrings": 497
}