{
    "avg_edge_order": 1,
    "avg_edge_weight": 0.2895095037316835,
    "avg_vertex_degree": 50.9375,
    "clustering_coefficient": 0.35125036477065613,
    "edge_order_std_dev": 3.7680739871331257,
    "edge_weight_std_dev": 0.8360135490779644,
    "induced_norm": 143.88622335464672,
    "max_edge_order": 16,
    "max_edge_weight": 18.609103400064537,
    "max_vertex_degree": 72,
    "min_edge_order": 8.50920245398773,
    "min_edge_weight": 0.0007721537426337854,
    "n_qubits": 16,
    "total_pstrings": 497
}