{
    "avg_edge_order": 1,
    "avg_edge_weight": 0.2902454779208547,
    "avg_vertex_degree": 50.9375,
    "clustering_coefficient": 0.35125036477065613,
    "edge_order_std_dev": 3.7680739871331257,
    "edge_weight_std_dev": 0.8013407346463554,
    "induced_norm": 144.25200252666482,
    "max_edge_order": 16,
    "max_edge_weight": 17.842593946031528,
    "max_vertex_degree": 72,
    "min_edge_order": 8.50920245398773,
    "min_edge_weight": 0.00044234064980175347,
    "n_qubits": 16,
    "total_pstrings": 497
}