{
    "avg_edge_order": 1,
    "avg_edge_weight": 0.27337730458360104,
    "avg_vertex_degree": 50.9375,
    "clustering_coefficient": 0.35125036477065613,
    "edge_order_std_dev": 3.7680739871331257,
    "edge_weight_std_dev": 0.792582294726773,
    "induced_norm": 135.86852037804985,
    "max_edge_order": 16,
    "max_edge_weight": 17.639403623906222,
    "max_vertex_degree": 72,
    "min_edge_order": 8.50920245398773,
    "min_edge_weight": 0.0010239658744831681,
    "n_qubits": 16,
    "total_pstrings": 497
}