{
    "avg_edge_order": 1,
    "avg_edge_weight": 32.786978208761724,
    "avg_vertex_degree": 35.0,
    "edge_order_std_dev": 3.0983866769659336,
    "edge_weight_std_dev": 114.85124529227733,
    "induced_norm": 10688.554896056337,
    "max_edge_order": 13,
    "max_edge_weight": 1947.8993473569622,
    "max_vertex_degree": 49,
    "min_edge_order": 7.0,
    "min_edge_weight": 0.12199064332540921,
    "n_qubits": 13,
    "total_pstrings": 326
}