{
    "avg_edge_order": 1,
    "avg_edge_weight": 30.76830629074367,
    "avg_vertex_degree": 12.0,
    "clustering_coefficient": 0.3537946711040823,
    "edge_order_std_dev": 1.7320508075688772,
    "edge_weight_std_dev": 59.49417433451312,
    "induced_norm": 2830.6841787484186,
    "max_edge_order": 7,
    "max_edge_weight": 581.256715843494,
    "max_vertex_degree": 16,
    "min_edge_order": 4.0,
    "min_edge_weight": 1.90201318190153,
    "n_qubits": 7,
    "total_pstrings": 92
}