{
    "avg_edge_order": 1,
    "avg_edge_weight": 26.695634586894325,
    "avg_vertex_degree": 345.0,
    "edge_order_std_dev": 10.052362906302179,
    "edge_weight_std_dev": 115.98572653097622,
    "induced_norm": 102324.3673715659,
    "max_edge_order": 44,
    "max_edge_weight": 7147.027928704071,
    "max_vertex_degree": 506,
    "min_edge_order": 22.5,
    "min_edge_weight": 0.013442553073494956,
    "n_qubits": 44,
    "total_pstrings": 3833
}