{
    "avg_edge_order": 1,
    "avg_edge_weight": 0.29119368684487773,
    "avg_vertex_degree": 50.9375,
    "clustering_coefficient": 0.35125036477065613,
    "edge_order_std_dev": 3.7680739871331257,
    "edge_weight_std_dev": 0.791131180963246,
    "induced_norm": 144.72326236190418,
    "max_edge_order": 16,
    "max_edge_weight": 17.598074641695444,
    "max_vertex_degree": 72,
    "min_edge_order": 8.50920245398773,
    "min_edge_weight": 0.003615945665700504,
    "n_qubits": 16,
    "total_pstrings": 497
}