{
    "avg_edge_order": 1,
    "avg_edge_weight": 0.2898632957296066,
    "avg_vertex_degree": 50.9375,
    "clustering_coefficient": 0.35125036477065613,
    "edge_order_std_dev": 3.7680739871331257,
    "edge_weight_std_dev": 0.8022268023781018,
    "induced_norm": 144.06205797761453,
    "max_edge_order": 16,
    "max_edge_weight": 17.8731830449886,
    "max_vertex_degree": 72,
    "min_edge_order": 8.50920245398773,
    "min_edge_weight": 7.128815913987063e-05,
    "n_qubits": 16,
    "total_pstrings": 497
}