{
    "avg_edge_order": 1,
    "avg_edge_weight": 35.65606782777458,
    "avg_vertex_degree": 35.0,
    "edge_order_std_dev": 3.0983866769659336,
    "edge_weight_std_dev": 112.95622899890164,
    "induced_norm": 11623.878111854514,
    "max_edge_order": 13,
    "max_edge_weight": 1510.5799445789492,
    "max_vertex_degree": 49,
    "min_edge_order": 7.0,
    "min_edge_weight": 0.1310504237121357,
    "n_qubits": 13,
    "total_pstrings": 326
}