{
    "avg_edge_order": 1,
    "avg_edge_weight": 0.2733714871505881,
    "avg_vertex_degree": 50.9375,
    "clustering_coefficient": 0.35125036477065613,
    "edge_order_std_dev": 3.7680739871331257,
    "edge_weight_std_dev": 0.7592657202414818,
    "induced_norm": 135.86562911384223,
    "max_edge_order": 16,
    "max_edge_weight": 16.887695722845052,
    "max_vertex_degree": 72,
    "min_edge_order": 8.50920245398773,
    "min_edge_weight": 0.0003335245104387208,
    "n_qubits": 16,
    "total_pstrings": 497
}