{
    "avg_edge_order": 1,
    "avg_edge_weight": 0.29132650043580616,
    "avg_vertex_degree": 50.9375,
    "clustering_coefficient": 0.35125036477065613,
    "edge_order_std_dev": 3.7680739871331257,
    "edge_weight_std_dev": 0.8230351611979683,
    "induced_norm": 144.78927071659558,
    "max_edge_order": 16,
    "max_edge_weight": 18.34054143651477,
    "max_vertex_degree": 72,
    "min_edge_order": 8.50920245398773,
    "min_edge_weight": 0.0016256515181494735,
    "n_qubits": 16,
    "total_pstrings": 497
}