{
    "avg_edge_order": 1,
    "avg_edge_weight": 0.28815089728418214,
    "avg_vertex_degree": 50.9375,
    "clustering_coefficient": 0.35125036477065613,
    "edge_order_std_dev": 3.7680739871331257,
    "edge_weight_std_dev": 0.7828596249969073,
    "induced_norm": 143.21099595023853,
    "max_edge_order": 16,
    "max_edge_weight": 17.431032320167255,
    "max_vertex_degree": 72,
    "min_edge_order": 8.50920245398773,
    "min_edge_weight": 3.776830094442962e-05,
    "n_qubits": 16,
    "total_pstrings": 497
}