{
    "avg_edge_order": 1,
    "avg_edge_weight": 27.551259321050164,
    "avg_vertex_degree": 345.04545454545456,
    "edge_order_std_dev": 10.05445386397271,
    "edge_weight_std_dev": 117.83839909591853,
    "induced_norm": 106210.10468264851,
    "max_edge_order": 44,
    "max_edge_weight": 7261.508045232937,
    "max_vertex_degree": 506,
    "min_edge_order": 22.49729943353972,
    "min_edge_weight": 0.010310439732413634,
    "n_qubits": 44,
    "total_pstrings": 3855
}