{
    "avg_edge_order": 1,
    "avg_edge_weight": 35.86746206877258,
    "avg_vertex_degree": 35.0,
    "edge_order_std_dev": 3.0983866769659336,
    "edge_weight_std_dev": 121.1396411580904,
    "induced_norm": 11692.792634419864,
    "max_edge_order": 13,
    "max_edge_weight": 1655.7740068567932,
    "max_vertex_degree": 49,
    "min_edge_order": 7.0,
    "min_edge_weight": 0.040755782485092595,
    "n_qubits": 13,
    "total_pstrings": 326
}