{
    "avg_edge_order": 1,
    "avg_edge_weight": 28.097954692045526,
    "avg_vertex_degree": 12.0,
    "clustering_coefficient": 0.3537946711040823,
    "edge_order_std_dev": 1.7320508075688772,
    "edge_weight_std_dev": 50.90426672395203,
    "induced_norm": 2585.0118316681865,
    "max_edge_order": 7,
    "max_edge_weight": 491.4753212654273,
    "max_vertex_degree": 16,
    "min_edge_order": 4.0,
    "min_edge_weight": 0.09256830241344005,
    "n_qubits": 7,
    "total_pstrings": 92
}