{
    "avg_edge_order": 1,
    "avg_edge_weight": 0.288186219648876,
    "avg_vertex_degree": 50.9375,
    "clustering_coefficient": 0.35125036477065613,
    "edge_order_std_dev": 3.7680739871331257,
    "edge_weight_std_dev": 0.7539731505793004,
    "induced_norm": 143.51673738514017,
    "max_edge_order": 16,
    "max_edge_weight": 16.6741076021714,
    "max_vertex_degree": 72,
    "min_edge_order": 8.50920245398773,
    "min_edge_weight": 0.0009794954134306755,
    "n_qubits": 16,
    "total_pstrings": 498
}