{
    "avg_edge_order": 1,
    "avg_edge_weight": 0.28885617619073256,
    "avg_vertex_degree": 50.9375,
    "clustering_coefficient": 0.35125036477065613,
    "edge_order_std_dev": 3.7680739871331257,
    "edge_weight_std_dev": 0.7903190138774712,
    "induced_norm": 143.85037574298485,
    "max_edge_order": 16,
    "max_edge_weight": 17.506351341279128,
    "max_vertex_degree": 72,
    "min_edge_order": 8.50920245398773,
    "min_edge_weight": 3.2780106476615334e-05,
    "n_qubits": 16,
    "total_pstrings": 498
}