{
    "avg_edge_order": 1,
    "avg_edge_weight": 0.3004355837233652,
    "avg_vertex_degree": 50.9375,
    "clustering_coefficient": 0.35125036477065613,
    "edge_order_std_dev": 3.7680739871331257,
    "edge_weight_std_dev": 0.7990876026979827,
    "induced_norm": 149.61692069423597,
    "max_edge_order": 16,
    "max_edge_weight": 17.650375419785384,
    "max_vertex_degree": 72,
    "min_edge_order": 8.50920245398773,
    "min_edge_weight": 0.000473458148162631,
    "n_qubits": 16,
    "total_pstrings": 498
}