{
    "avg_edge_order": 1,
    "avg_edge_weight": 30.507937191532527,
    "avg_vertex_degree": 12.0,
    "clustering_coefficient": 0.3537946711040823,
    "edge_order_std_dev": 1.7320508075688772,
    "edge_weight_std_dev": 52.12649188321062,
    "induced_norm": 2806.730221620991,
    "max_edge_order": 7,
    "max_edge_weight": 509.83706599457577,
    "max_vertex_degree": 16,
    "min_edge_order": 4.0,
    "min_edge_weight": 0.262626347966588,
    "n_qubits": 7,
    "total_pstrings": 92
}