{
    "avg_edge_order": 1,
    "avg_edge_weight": 0.291323776012759,
    "avg_vertex_degree": 50.9375,
    "clustering_coefficient": 0.35125036477065613,
    "edge_order_std_dev": 3.7680739871331257,
    "edge_weight_std_dev": 0.8136000246386732,
    "induced_norm": 145.07924045435396,
    "max_edge_order": 16,
    "max_edge_weight": 18.113697704285435,
    "max_vertex_degree": 72,
    "min_edge_order": 8.50920245398773,
    "min_edge_weight": 0.0003698907924252759,
    "n_qubits": 16,
    "total_pstrings": 498
}