{
    "avg_edge_order": 1,
    "avg_edge_weight": 0.2817875209985563,
    "avg_vertex_degree": 50.9375,
    "clustering_coefficient": 0.35125036477065613,
    "edge_order_std_dev": 3.7680739871331257,
    "edge_weight_std_dev": 0.7717671580692449,
    "induced_norm": 140.33018545728112,
    "max_edge_order": 16,
    "max_edge_weight": 17.141651524770474,
    "max_vertex_degree": 72,
    "min_edge_order": 8.50920245398773,
    "min_edge_weight": 0.0005429437401532344,
    "n_qubits": 16,
    "total_pstrings": 498
}