{
    "avg_edge_order": 1,
    "avg_edge_weight": 0.29227987229408225,
    "avg_vertex_degree": 50.9375,
    "clustering_coefficient": 0.35125036477065613,
    "edge_order_std_dev": 3.7680739871331257,
    "edge_weight_std_dev": 0.7969042239506812,
    "induced_norm": 145.55537640245285,
    "max_edge_order": 16,
    "max_edge_weight": 17.75045512662645,
    "max_vertex_degree": 72,
    "min_edge_order": 8.50920245398773,
    "min_edge_weight": 0.0009850111580653742,
    "n_qubits": 16,
    "total_pstrings": 498
}