{
    "avg_edge_order": 1,
    "avg_edge_weight": 33.77283531422476,
    "avg_vertex_degree": 35.0,
    "edge_order_std_dev": 3.0983866769659336,
    "edge_weight_std_dev": 113.47809149384813,
    "induced_norm": 11009.944312437266,
    "max_edge_order": 13,
    "max_edge_weight": 1700.8776221152596,
    "max_vertex_degree": 49,
    "min_edge_order": 7.0,
    "min_edge_weight": 0.1473955293550766,
    "n_qubits": 13,
    "total_pstrings": 326
}