{
    "avg_edge_order": 1,
    "avg_edge_weight": 32.58090981990286,
    "avg_vertex_degree": 12.0,
    "clustering_coefficient": 0.3537946711040823,
    "edge_order_std_dev": 1.7320508075688772,
    "edge_weight_std_dev": 54.93642386797122,
    "induced_norm": 2997.4437034310636,
    "max_edge_order": 7,
    "max_edge_weight": 540.7130446482263,
    "max_vertex_degree": 16,
    "min_edge_order": 4.0,
    "min_edge_weight": 0.3588197006645828,
    "n_qubits": 7,
    "total_pstrings": 92
}