{
    "avg_edge_order": 1,
    "avg_edge_weight": 0.2935530879048777,
    "avg_vertex_degree": 50.9375,
    "clustering_coefficient": 0.3512954837482047,
    "edge_order_std_dev": 3.7680739871331257,
    "edge_weight_std_dev": 0.8119953233824585,
    "induced_norm": 147.07009704034374,
    "max_edge_order": 16,
    "max_edge_weight": 18.036521207126015,
    "max_vertex_degree": 72,
    "min_edge_order": 8.50920245398773,
    "min_edge_weight": 0.0006284441091810589,
    "n_qubits": 16,
    "total_pstrings": 501
}