{
    "avg_edge_order": 1,
    "avg_edge_weight": 0.2781878660361416,
    "avg_vertex_degree": 50.9375,
    "clustering_coefficient": 0.3512954837482047,
    "edge_order_std_dev": 3.7680739871331257,
    "edge_weight_std_dev": 0.7831444667437638,
    "induced_norm": 139.37212088410698,
    "max_edge_order": 16,
    "max_edge_weight": 17.365652249063128,
    "max_vertex_degree": 72,
    "min_edge_order": 8.50920245398773,
    "min_edge_weight": 6.959768873587846e-05,
    "n_qubits": 16,
    "total_pstrings": 501
}