{
    "avg_edge_order": 1,
    "avg_edge_weight": 0.2917544209081319,
    "avg_vertex_degree": 50.9375,
    "clustering_coefficient": 0.3512954837482047,
    "edge_order_std_dev": 3.7680739871331257,
    "edge_weight_std_dev": 0.8119255690424338,
    "induced_norm": 146.16896487497417,
    "max_edge_order": 16,
    "max_edge_weight": 18.14326951152305,
    "max_vertex_degree": 72,
    "min_edge_order": 8.50920245398773,
    "min_edge_weight": 0.00025970777889744445,
    "n_qubits": 16,
    "total_pstrings": 501
}