{
    "avg_edge_order": 1,
    "avg_edge_weight": 26.945903718261007,
    "avg_vertex_degree": 376.0,
    "edge_order_std_dev": 10.5,
    "edge_weight_std_dev": 117.8537293641382,
    "induced_norm": 112822.49886835887,
    "max_edge_order": 46,
    "max_edge_weight": 7596.674676253689,
    "max_vertex_degree": 552,
    "min_edge_order": 23.5,
    "min_edge_weight": 0.010834199748039453,
    "n_qubits": 46,
    "total_pstrings": 4187
}