{
    "avg_edge_order": 1,
    "avg_edge_weight": 34.69316644571347,
    "avg_vertex_degree": 35.0,
    "edge_order_std_dev": 3.0983866769659336,
    "edge_weight_std_dev": 122.01690691652955,
    "induced_norm": 11309.972261302599,
    "max_edge_order": 13,
    "max_edge_weight": 2119.2675228036646,
    "max_vertex_degree": 49,
    "min_edge_order": 7.0,
    "min_edge_weight": 0.06388679284010479,
    "n_qubits": 13,
    "total_pstrings": 326
}