{
    "avg_edge_order": 1,
    "avg_edge_weight": 31.45682301867171,
    "avg_vertex_degree": 12.0,
    "clustering_coefficient": 0.3537946711040823,
    "edge_order_std_dev": 1.7320508075688772,
    "edge_weight_std_dev": 60.879792469382615,
    "induced_norm": 2894.027717717797,
    "max_edge_order": 7,
    "max_edge_weight": 592.5070342659359,
    "max_vertex_degree": 16,
    "min_edge_order": 4.0,
    "min_edge_weight": 0.2452267922091167,
    "n_qubits": 7,
    "total_pstrings": 92
}