{
    "avg_edge_order": 1,
    "avg_edge_weight": 0.2913118628521872,
    "avg_vertex_degree": 50.9375,
    "clustering_coefficient": 0.3512954837482047,
    "edge_order_std_dev": 3.7680739871331257,
    "edge_weight_std_dev": 0.7959856496333215,
    "induced_norm": 145.94724328894583,
    "max_edge_order": 16,
    "max_edge_weight": 17.71447662683774,
    "max_vertex_degree": 72,
    "min_edge_order": 8.50920245398773,
    "min_edge_weight": 0.0007677639674924519,
    "n_qubits": 16,
    "total_pstrings": 501
}