{
    "avg_edge_order": 1,
    "avg_edge_weight": 0.29544168119949676,
    "avg_vertex_degree": 50.9375,
    "clustering_coefficient": 0.3512954837482047,
    "edge_order_std_dev": 3.7680739871331257,
    "edge_weight_std_dev": 0.7733090095313103,
    "induced_norm": 148.01628228094782,
    "max_edge_order": 16,
    "max_edge_weight": 17.149163278109448,
    "max_vertex_degree": 72,
    "min_edge_order": 8.50920245398773,
    "min_edge_weight": 0.0007935635846666456,
    "n_qubits": 16,
    "total_pstrings": 501
}