{
    "avg_edge_order": 1,
    "avg_edge_weight": 0.3051916945664294,
    "avg_vertex_degree": 51.0625,
    "clustering_coefficient": 0.3516204357021139,
    "edge_order_std_dev": 3.7771802371364576,
    "edge_weight_std_dev": 0.7971740654360708,
    "induced_norm": 155.03738083974628,
    "max_edge_order": 16,
    "max_edge_weight": 17.710641463457915,
    "max_vertex_degree": 72,
    "min_edge_order": 8.49326805385557,
    "min_edge_weight": 0.00023809973818689212,
    "n_qubits": 16,
    "total_pstrings": 508
}