{
    "avg_edge_order": 1,
    "avg_edge_weight": 0.31878847098066665,
    "avg_vertex_degree": 51.0625,
    "clustering_coefficient": 0.3516204357021139,
    "edge_order_std_dev": 3.7771802371364576,
    "edge_weight_std_dev": 0.8103149303738746,
    "induced_norm": 161.9445432581787,
    "max_edge_order": 16,
    "max_edge_weight": 17.95224914982677,
    "max_vertex_degree": 72,
    "min_edge_order": 8.49326805385557,
    "min_edge_weight": 0.005469567587586155,
    "n_qubits": 16,
    "total_pstrings": 508
}