{
    "avg_edge_order": 1,
    "avg_edge_weight": 0.31745421086151526,
    "avg_vertex_degree": 51.0625,
    "clustering_coefficient": 0.3516204357021139,
    "edge_order_std_dev": 3.7771802371364576,
    "edge_weight_std_dev": 0.8177766487537417,
    "induced_norm": 161.2667391176496,
    "max_edge_order": 16,
    "max_edge_weight": 18.014904208769828,
    "max_vertex_degree": 72,
    "min_edge_order": 8.49326805385557,
    "min_edge_weight": 0.0006764464819671301,
    "n_qubits": 16,
    "total_pstrings": 508
}