{
    "avg_edge_order": 1,
    "avg_edge_weight": 0.31154571780231705,
    "avg_vertex_degree": 51.0625,
    "clustering_coefficient": 0.3516204357021139,
    "edge_order_std_dev": 3.7771802371364576,
    "edge_weight_std_dev": 0.8087911976719117,
    "induced_norm": 158.26522464357703,
    "max_edge_order": 16,
    "max_edge_weight": 17.88253689976642,
    "max_vertex_degree": 72,
    "min_edge_order": 8.49326805385557,
    "min_edge_weight": 0.0007545000443319738,
    "n_qubits": 16,
    "total_pstrings": 508
}