{
    "avg_edge_order": 1,
    "avg_edge_weight": 37.012555005345874,
    "avg_vertex_degree": 35.0,
    "edge_order_std_dev": 3.0983866769659336,
    "edge_weight_std_dev": 129.73998730804453,
    "induced_norm": 12066.092931742753,
    "max_edge_order": 13,
    "max_edge_weight": 1843.3977976673912,
    "max_vertex_degree": 49,
    "min_edge_order": 7.0,
    "min_edge_weight": 0.00965782511030433,
    "n_qubits": 13,
    "total_pstrings": 326
}