{
    "avg_edge_order": 1,
    "avg_edge_weight": 26.95935574621507,
    "avg_vertex_degree": 376.0,
    "edge_order_std_dev": 10.5,
    "edge_weight_std_dev": 118.10902426366846,
    "induced_norm": 112905.7818651488,
    "max_edge_order": 46,
    "max_edge_weight": 7612.732109204315,
    "max_vertex_degree": 552,
    "min_edge_order": 23.5,
    "min_edge_weight": 0.015400599283288408,
    "n_qubits": 46,
    "total_pstrings": 4188
}