{
    "avg_edge_order": 1,
    "avg_edge_weight": 34.14397190092346,
    "avg_vertex_degree": 35.0,
    "edge_order_std_dev": 3.0983866769659336,
    "edge_weight_std_dev": 120.551517102312,
    "induced_norm": 11130.934839701054,
    "max_edge_order": 13,
    "max_edge_weight": 2087.755449914679,
    "max_vertex_degree": 49,
    "min_edge_order": 7.0,
    "min_edge_weight": 0.08916089890087164,
    "n_qubits": 13,
    "total_pstrings": 326
}