{
    "avg_edge_order": 1,
    "avg_edge_weight": 27.43887168877053,
    "avg_vertex_degree": 376.0,
    "edge_order_std_dev": 10.5,
    "edge_weight_std_dev": 120.54101363278234,
    "induced_norm": 114996.31124763706,
    "max_edge_order": 46,
    "max_edge_weight": 7767.991390755167,
    "max_vertex_degree": 552,
    "min_edge_order": 23.5,
    "min_edge_weight": 0.0033040529625480985,
    "n_qubits": 46,
    "total_pstrings": 4191
}