{
    "avg_edge_order": 1,
    "avg_edge_weight": 39.041038994260546,
    "avg_vertex_degree": 5.0,
    "clustering_coefficient": 0.4220077730200311,
    "edge_order_std_dev": 1.02469507659596,
    "edge_weight_std_dev": 51.4812951784008,
    "induced_norm": 1132.190130833556,
    "max_edge_order": 4,
    "max_edge_weight": 301.51118845005044,
    "max_vertex_degree": 6,
    "min_edge_order": 2.5,
    "min_edge_weight": 2.7886013952364945,
    "n_qubits": 4,
    "total_pstrings": 29
}