{
    "avg_edge_order": 1,
    "avg_edge_weight": 29.950154395872065,
    "avg_vertex_degree": 22.0,
    "edge_order_std_dev": 2.4186773244895647,
    "edge_weight_std_dev": 65.4865644927464,
    "induced_norm": 5840.280107195049,
    "max_edge_order": 10,
    "max_edge_weight": 904.2452114083915,
    "max_vertex_degree": 30,
    "min_edge_order": 5.5,
    "min_edge_weight": 0.1719372316864698,
    "n_qubits": 10,
    "total_pstrings": 195
}