{
    "avg_edge_order": 1,
    "avg_edge_weight": 37.041233652005374,
    "avg_vertex_degree": 22.0,
    "edge_order_std_dev": 2.4186773244895647,
    "edge_weight_std_dev": 117.19512824832293,
    "induced_norm": 7074.875627533027,
    "max_edge_order": 10,
    "max_edge_weight": 1634.241495035137,
    "max_vertex_degree": 30,
    "min_edge_order": 5.5,
    "min_edge_weight": 0.3475645050676448,
    "n_qubits": 10,
    "total_pstrings": 191
}