{
    "avg_edge_order": 1,
    "avg_edge_weight": 0.33559066945760124,
    "avg_vertex_degree": 51.0625,
    "clustering_coefficient": 0.3522880773708325,
    "edge_order_std_dev": 3.7771802371364576,
    "edge_weight_std_dev": 0.8446099439925435,
    "induced_norm": 175.5139201263254,
    "max_edge_order": 16,
    "max_edge_weight": 18.359582299816356,
    "max_vertex_degree": 72,
    "min_edge_order": 8.49326805385557,
    "min_edge_weight": 0.001414926134404637,
    "n_qubits": 16,
    "total_pstrings": 523
}