{
    "avg_edge_order": 1,
    "avg_edge_weight": 0.31268948442875155,
    "avg_vertex_degree": 51.0625,
    "clustering_coefficient": 0.3522880773708325,
    "edge_order_std_dev": 3.7771802371364576,
    "edge_weight_std_dev": 0.7719983430623999,
    "induced_norm": 163.53660035623722,
    "max_edge_order": 16,
    "max_edge_weight": 16.741717296838125,
    "max_vertex_degree": 72,
    "min_edge_order": 8.49326805385557,
    "min_edge_weight": 0.00044890961088378534,
    "n_qubits": 16,
    "total_pstrings": 523
}