{
    "avg_edge_order": 1,
    "avg_edge_weight": 0.34312524601980415,
    "avg_vertex_degree": 51.0625,
    "clustering_coefficient": 0.3522880773708325,
    "edge_order_std_dev": 3.7771802371364576,
    "edge_weight_std_dev": 0.814623742083014,
    "induced_norm": 179.4545036683575,
    "max_edge_order": 16,
    "max_edge_weight": 17.76260041198284,
    "max_vertex_degree": 72,
    "min_edge_order": 8.49326805385557,
    "min_edge_weight": 0.0011502906646084776,
    "n_qubits": 16,
    "total_pstrings": 523
}