{
    "avg_edge_order": 1,
    "avg_edge_weight": 0.32545198855225516,
    "avg_vertex_degree": 51.0625,
    "clustering_coefficient": 0.3522880773708325,
    "edge_order_std_dev": 3.7771802371364576,
    "edge_weight_std_dev": 0.8053835232928503,
    "induced_norm": 170.21139001282947,
    "max_edge_order": 16,
    "max_edge_weight": 17.776735504515997,
    "max_vertex_degree": 72,
    "min_edge_order": 8.49326805385557,
    "min_edge_weight": 0.00025054131668095225,
    "n_qubits": 16,
    "total_pstrings": 523
}