{
    "avg_edge_order": 1,
    "avg_edge_weight": 0.3312756514428133,
    "avg_vertex_degree": 51.0625,
    "clustering_coefficient": 0.3522880773708325,
    "edge_order_std_dev": 3.7771802371364576,
    "edge_weight_std_dev": 0.8286422217286893,
    "induced_norm": 173.25716570459136,
    "max_edge_order": 16,
    "max_edge_weight": 18.098412346074095,
    "max_vertex_degree": 72,
    "min_edge_order": 8.49326805385557,
    "min_edge_weight": 0.0028893819418699396,
    "n_qubits": 16,
    "total_pstrings": 523
}