{
    "avg_edge_order": 1,
    "avg_edge_weight": 31.552141922043965,
    "avg_vertex_degree": 40.0,
    "edge_order_std_dev": 3.3241540277189325,
    "edge_weight_std_dev": 87.63744178580211,
    "induced_norm": 11958.261788454656,
    "max_edge_order": 14,
    "max_edge_weight": 1617.7506000284384,
    "max_vertex_degree": 56,
    "min_edge_order": 7.5,
    "min_edge_weight": 0.6806549486532529,
    "n_qubits": 14,
    "total_pstrings": 379
}