{
    "avg_edge_order": 1,
    "avg_edge_weight": 27.24270495904991,
    "avg_vertex_degree": 376.04347826086956,
    "edge_order_std_dev": 10.501937543484441,
    "edge_weight_std_dev": 118.61388089035304,
    "induced_norm": 114364.87541809151,
    "max_edge_order": 46,
    "max_edge_weight": 7650.171786621661,
    "max_vertex_degree": 552,
    "min_edge_order": 23.497514163487107,
    "min_edge_weight": 0.002434646638299398,
    "n_qubits": 46,
    "total_pstrings": 4198
}