{
    "avg_edge_order": 1,
    "avg_edge_weight": 0.3252500057562726,
    "avg_vertex_degree": 51.0625,
    "clustering_coefficient": 0.3522880773708325,
    "edge_order_std_dev": 3.7771802371364576,
    "edge_weight_std_dev": 0.8403824311433115,
    "induced_norm": 170.1057530105306,
    "max_edge_order": 16,
    "max_edge_weight": 18.663300293456647,
    "max_vertex_degree": 72,
    "min_edge_order": 8.49326805385557,
    "min_edge_weight": 0.0002730086884747407,
    "n_qubits": 16,
    "total_pstrings": 523
}