{
    "avg_edge_order": 1,
    "avg_edge_weight": 27.523665909998044,
    "avg_vertex_degree": 376.04347826086956,
    "edge_order_std_dev": 10.501937543484441,
    "edge_weight_std_dev": 119.67213877821231,
    "induced_norm": 115957.20447882188,
    "max_edge_order": 46,
    "max_edge_weight": 7715.001676798131,
    "max_vertex_degree": 552,
    "min_edge_order": 23.497514163487107,
    "min_edge_weight": 0.0196565671480613,
    "n_qubits": 46,
    "total_pstrings": 4213
}