{
    "avg_edge_order": 1,
    "avg_edge_weight": 31.873991467141654,
    "avg_vertex_degree": 15.0,
    "clustering_coefficient": 0.3345149297410121,
    "edge_order_std_dev": 1.9621416870348585,
    "edge_weight_std_dev": 64.31846032331791,
    "induced_norm": 3856.7529675241403,
    "max_edge_order": 8,
    "max_edge_weight": 718.4191608499267,
    "max_vertex_degree": 20,
    "min_edge_order": 4.5,
    "min_edge_weight": 0.23781070522726466,
    "n_qubits": 8,
    "total_pstrings": 121
}