{
    "avg_edge_order": 1,
    "avg_edge_weight": 32.12189069959911,
    "avg_vertex_degree": 40.0,
    "edge_order_std_dev": 3.3241540277189325,
    "edge_weight_std_dev": 97.28418264069352,
    "induced_norm": 12174.196575148062,
    "max_edge_order": 14,
    "max_edge_weight": 1898.8782861531063,
    "max_vertex_degree": 56,
    "min_edge_order": 7.5,
    "min_edge_weight": 0.17840638700148403,
    "n_qubits": 14,
    "total_pstrings": 379
}