{
    "avg_edge_order": 1,
    "avg_edge_weight": 0.37374953101501057,
    "avg_vertex_degree": 51.6875,
    "clustering_coefficient": 0.3549979706912702,
    "edge_order_std_dev": 3.809508797319127,
    "edge_weight_std_dev": 0.8493964937013108,
    "induced_norm": 207.0572401823159,
    "max_edge_order": 16,
    "max_edge_weight": 18.3857274127392,
    "max_vertex_degree": 72,
    "min_edge_order": 8.422007255139057,
    "min_edge_weight": 0.000397591805457731,
    "n_qubits": 16,
    "total_pstrings": 554
}