{
    "avg_edge_order": 1,
    "avg_edge_weight": 0.3788539383202485,
    "avg_vertex_degree": 51.6875,
    "clustering_coefficient": 0.3549979706912702,
    "edge_order_std_dev": 3.809508797319127,
    "edge_weight_std_dev": 0.848842880801468,
    "induced_norm": 209.88508182941774,
    "max_edge_order": 16,
    "max_edge_weight": 18.011445102053102,
    "max_vertex_degree": 72,
    "min_edge_order": 8.422007255139057,
    "min_edge_weight": 0.0009781141405594829,
    "n_qubits": 16,
    "total_pstrings": 554
}