{
    "avg_edge_order": 1,
    "avg_edge_weight": 0.37845243879491003,
    "avg_vertex_degree": 51.6875,
    "clustering_coefficient": 0.3549979706912702,
    "edge_order_std_dev": 3.809508797319127,
    "edge_weight_std_dev": 0.8018757834346216,
    "induced_norm": 209.66265109238003,
    "max_edge_order": 16,
    "max_edge_weight": 17.227961125143292,
    "max_vertex_degree": 72,
    "min_edge_order": 8.422007255139057,
    "min_edge_weight": 0.0053362636623803805,
    "n_qubits": 16,
    "total_pstrings": 554
}