{
    "avg_edge_order": 1,
    "avg_edge_weight": 28.18790422345433,
    "avg_vertex_degree": 376.2608695652174,
    "edge_order_std_dev": 10.510912294727884,
    "edge_weight_std_dev": 118.40333541892772,
    "induced_norm": 119629.46552434034,
    "max_edge_order": 46,
    "max_edge_weight": 7640.740473790131,
    "max_vertex_degree": 552,
    "min_edge_order": 23.485440258839844,
    "min_edge_weight": 0.024440900802012777,
    "n_qubits": 46,
    "total_pstrings": 4244
}