{
    "avg_edge_order": 1,
    "avg_edge_weight": 28.21273183770504,
    "avg_vertex_degree": 15.0,
    "clustering_coefficient": 0.3345149297410121,
    "edge_order_std_dev": 1.9621416870348585,
    "edge_weight_std_dev": 59.61726570400136,
    "induced_norm": 3413.7405523623092,
    "max_edge_order": 8,
    "max_edge_weight": 664.5384558018545,
    "max_vertex_degree": 20,
    "min_edge_order": 4.5,
    "min_edge_weight": 0.004431989936179548,
    "n_qubits": 8,
    "total_pstrings": 121
}