{
    "avg_edge_order": 1,
    "avg_edge_weight": 31.141349414404235,
    "avg_vertex_degree": 40.0,
    "edge_order_std_dev": 3.3241540277189325,
    "edge_weight_std_dev": 97.66505660059737,
    "induced_norm": 11802.571428059193,
    "max_edge_order": 14,
    "max_edge_weight": 1770.3277635623567,
    "max_vertex_degree": 56,
    "min_edge_order": 7.5,
    "min_edge_weight": 0.0561140753250422,
    "n_qubits": 14,
    "total_pstrings": 379
}