{
    "avg_edge_order": 1,
    "avg_edge_weight": 29.072350814832532,
    "avg_vertex_degree": 376.2608695652174,
    "edge_order_std_dev": 10.510912294727884,
    "edge_weight_std_dev": 119.31294173178618,
    "induced_norm": 125214.61495948363,
    "max_edge_order": 46,
    "max_edge_weight": 7699.567629862055,
    "max_vertex_degree": 552,
    "min_edge_order": 23.485440258839844,
    "min_edge_weight": 0.0010133321536756057,
    "n_qubits": 46,
    "total_pstrings": 4307
}