{
    "avg_edge_order": 1,
    "avg_edge_weight": 31.738795650694,
    "avg_vertex_degree": 40.0,
    "edge_order_std_dev": 3.3241540277189325,
    "edge_weight_std_dev": 91.11308002831075,
    "induced_norm": 12029.003551613032,
    "max_edge_order": 14,
    "max_edge_weight": 1540.9755309510122,
    "max_vertex_degree": 56,
    "min_edge_order": 7.5,
    "min_edge_weight": 0.18278321708539735,
    "n_qubits": 14,
    "total_pstrings": 379
}