{
    "avg_edge_order": 1,
    "avg_edge_weight": 0.4386206242917242,
    "avg_vertex_degree": 51.6875,
    "clustering_coefficient": 0.35992513555344197,
    "edge_order_std_dev": 3.809508797319127,
    "edge_weight_std_dev": 0.8684322454866525,
    "induced_norm": 270.62892518799396,
    "max_edge_order": 16,
    "max_edge_weight": 18.39393284837053,
    "max_vertex_degree": 72,
    "min_edge_order": 8.422007255139057,
    "min_edge_weight": 0.00045567401961166265,
    "n_qubits": 16,
    "total_pstrings": 617
}