{
    "avg_edge_order": 1,
    "avg_edge_weight": 0.4139390219389232,
    "avg_vertex_degree": 51.6875,
    "clustering_coefficient": 0.35992513555344197,
    "edge_order_std_dev": 3.809508797319127,
    "edge_weight_std_dev": 0.8356938071533206,
    "induced_norm": 255.4003765363157,
    "max_edge_order": 16,
    "max_edge_weight": 18.05111257139872,
    "max_vertex_degree": 72,
    "min_edge_order": 8.422007255139057,
    "min_edge_weight": 0.00010200471185017879,
    "n_qubits": 16,
    "total_pstrings": 617
}