{
    "avg_edge_order": 1,
    "avg_edge_weight": 26.85276652008104,
    "avg_vertex_degree": 408.3333333333333,
    "edge_order_std_dev": 10.947602477255009,
    "edge_weight_std_dev": 120.49862646601747,
    "induced_norm": 122475.46809808938,
    "max_edge_order": 48,
    "max_edge_weight": 8105.871735210223,
    "max_vertex_degree": 600,
    "min_edge_order": 24.5,
    "min_edge_weight": 0.0024841692822974437,
    "n_qubits": 48,
    "total_pstrings": 4561
}