{
    "avg_edge_order": 1,
    "avg_edge_weight": 32.743774814996904,
    "avg_vertex_degree": 40.0,
    "edge_order_std_dev": 3.3241540277189325,
    "edge_weight_std_dev": 127.31583041124252,
    "induced_norm": 12409.89065488382,
    "max_edge_order": 14,
    "max_edge_weight": 2430.760902058933,
    "max_vertex_degree": 56,
    "min_edge_order": 7.5,
    "min_edge_weight": 0.002516253579010197,
    "n_qubits": 14,
    "total_pstrings": 379
}