{
    "avg_edge_order": 1,
    "avg_edge_weight": 0.42786075284719344,
    "avg_vertex_degree": 51.6875,
    "clustering_coefficient": 0.35992513555344197,
    "edge_order_std_dev": 3.809508797319127,
    "edge_weight_std_dev": 0.8438905557990737,
    "induced_norm": 263.9900845067184,
    "max_edge_order": 16,
    "max_edge_weight": 17.67372598498994,
    "max_vertex_degree": 72,
    "min_edge_order": 8.422007255139057,
    "min_edge_weight": 0.00036211652624146273,
    "n_qubits": 16,
    "total_pstrings": 617
}