{
    "avg_edge_order": 1,
    "avg_edge_weight": 0.4195783125309158,
    "avg_vertex_degree": 51.6875,
    "clustering_coefficient": 0.35992513555344197,
    "edge_order_std_dev": 3.809508797319127,
    "edge_weight_std_dev": 0.8387094181534721,
    "induced_norm": 258.879818831575,
    "max_edge_order": 16,
    "max_edge_weight": 17.631605529106597,
    "max_vertex_degree": 72,
    "min_edge_order": 8.422007255139057,
    "min_edge_weight": 0.00026301976626941226,
    "n_qubits": 16,
    "total_pstrings": 617
}