{
    "avg_edge_order": 1,
    "avg_edge_weight": 31.9497979785838,
    "avg_vertex_degree": 40.0,
    "edge_order_std_dev": 3.3241540277189325,
    "edge_weight_std_dev": 104.49687258775205,
    "induced_norm": 12108.973433883257,
    "max_edge_order": 14,
    "max_edge_weight": 1981.662383848184,
    "max_vertex_degree": 56,
    "min_edge_order": 7.5,
    "min_edge_weight": 0.04197488171155417,
    "n_qubits": 14,
    "total_pstrings": 379
}