{
    "avg_edge_order": 1,
    "avg_edge_weight": 26.919410981466935,
    "avg_vertex_degree": 408.3333333333333,
    "edge_order_std_dev": 10.947602477255009,
    "edge_weight_std_dev": 120.80168430524299,
    "induced_norm": 122779.4334864706,
    "max_edge_order": 48,
    "max_edge_weight": 8126.7626142167055,
    "max_vertex_degree": 600,
    "min_edge_order": 24.5,
    "min_edge_weight": 0.00440995513086051,
    "n_qubits": 48,
    "total_pstrings": 4561
}