{
    "avg_edge_order": 1,
    "avg_edge_weight": 26.460873174431498,
    "avg_vertex_degree": 408.3333333333333,
    "edge_order_std_dev": 10.947602477255009,
    "edge_weight_std_dev": 120.96594053280563,
    "induced_norm": 120714.5034217564,
    "max_edge_order": 48,
    "max_edge_weight": 8135.110191980195,
    "max_vertex_degree": 600,
    "min_edge_order": 24.5,
    "min_edge_weight": 0.004775754621244133,
    "n_qubits": 48,
    "total_pstrings": 4562
}