{
    "avg_edge_order": 1,
    "avg_edge_weight": 29.29243128330562,
    "avg_vertex_degree": 40.0,
    "edge_order_std_dev": 3.3241540277189325,
    "edge_weight_std_dev": 75.09964715639396,
    "induced_norm": 11101.831456372836,
    "max_edge_order": 14,
    "max_edge_weight": 1461.0662885352403,
    "max_vertex_degree": 56,
    "min_edge_order": 7.5,
    "min_edge_weight": 0.052600165546529354,
    "n_qubits": 14,
    "total_pstrings": 379
}