{
    "avg_edge_order": 1,
    "avg_edge_weight": 0.28109238985497575,
    "avg_vertex_degree": 56.94117647058823,
    "clustering_coefficient": 0.34642965126088265,
    "edge_order_std_dev": 3.9937882920599286,
    "edge_weight_std_dev": 0.8122725440605014,
    "induced_norm": 157.9739230984965,
    "max_edge_order": 17,
    "max_edge_weight": 19.21457251259124,
    "max_vertex_degree": 81,
    "min_edge_order": 9.008264462809917,
    "min_edge_weight": 0.0011998991896393085,
    "n_qubits": 17,
    "total_pstrings": 562
}