{
    "avg_edge_order": 1,
    "avg_edge_weight": 29.972405657850942,
    "avg_vertex_degree": 40.0,
    "edge_order_std_dev": 3.3241540277189325,
    "edge_weight_std_dev": 85.68309686171847,
    "induced_norm": 11359.5417443255,
    "max_edge_order": 14,
    "max_edge_weight": 1657.6785171787242,
    "max_vertex_degree": 56,
    "min_edge_order": 7.5,
    "min_edge_weight": 0.14495647303412795,
    "n_qubits": 14,
    "total_pstrings": 379
}