{
    "avg_edge_order": 1,
    "avg_edge_weight": 26.86233315761308,
    "avg_vertex_degree": 408.3333333333333,
    "edge_order_std_dev": 10.947602477255009,
    "edge_weight_std_dev": 120.49407709678493,
    "induced_norm": 122626.55086450388,
    "max_edge_order": 48,
    "max_edge_weight": 8102.54006036522,
    "max_vertex_degree": 600,
    "min_edge_order": 24.5,
    "min_edge_weight": 0.0021314852080402957,
    "n_qubits": 48,
    "total_pstrings": 4565
}