{
    "avg_edge_order": 1,
    "avg_edge_weight": 29.470606820462763,
    "avg_vertex_degree": 15.0,
    "clustering_coefficient": 0.3345149297410121,
    "edge_order_std_dev": 1.9621416870348585,
    "edge_weight_std_dev": 59.27550118688526,
    "induced_norm": 3565.943425275994,
    "max_edge_order": 8,
    "max_edge_weight": 661.3024855065242,
    "max_vertex_degree": 20,
    "min_edge_order": 4.5,
    "min_edge_weight": 0.00679181105319171,
    "n_qubits": 8,
    "total_pstrings": 121
}