{
    "avg_edge_order": 1,
    "avg_edge_weight": 0.28119201992994286,
    "avg_vertex_degree": 56.94117647058823,
    "clustering_coefficient": 0.34642965126088265,
    "edge_order_std_dev": 3.9937882920599286,
    "edge_weight_std_dev": 0.8275411478486496,
    "induced_norm": 158.02991520062795,
    "max_edge_order": 17,
    "max_edge_weight": 19.583917913018396,
    "max_vertex_degree": 81,
    "min_edge_order": 9.008264462809917,
    "min_edge_weight": 0.002483881214965511,
    "n_qubits": 17,
    "total_pstrings": 562
}