{
    "avg_edge_order": 1,
    "avg_edge_weight": 0.2774463578131359,
    "avg_vertex_degree": 56.94117647058823,
    "clustering_coefficient": 0.34642965126088265,
    "edge_order_std_dev": 3.9937882920599286,
    "edge_weight_std_dev": 0.8153393671864773,
    "induced_norm": 155.92485309098234,
    "max_edge_order": 17,
    "max_edge_weight": 19.268906341779456,
    "max_vertex_degree": 81,
    "min_edge_order": 9.008264462809917,
    "min_edge_weight": 0.0038053923861814942,
    "n_qubits": 17,
    "total_pstrings": 562
}