{
    "avg_edge_order": 1,
    "avg_edge_weight": 27.47262826582623,
    "avg_vertex_degree": 408.375,
    "edge_order_std_dev": 10.949402690482703,
    "edge_weight_std_dev": 122.16143917857417,
    "induced_norm": 125604.85643135749,
    "max_edge_order": 48,
    "max_edge_weight": 8220.276486898103,
    "max_vertex_degree": 600,
    "min_edge_order": 24.497704315886136,
    "min_edge_weight": 0.0060869840257886665,
    "n_qubits": 48,
    "total_pstrings": 4572
}