{
    "avg_edge_order": 1,
    "avg_edge_weight": 31.05151133045814,
    "avg_vertex_degree": 40.0,
    "edge_order_std_dev": 3.3241540277189325,
    "edge_weight_std_dev": 91.11900050670316,
    "induced_norm": 11768.522794243623,
    "max_edge_order": 14,
    "max_edge_weight": 1738.060748028621,
    "max_vertex_degree": 56,
    "min_edge_order": 7.5,
    "min_edge_weight": 0.31737248768589765,
    "n_qubits": 14,
    "total_pstrings": 379
}