{
    "avg_edge_order": 1,
    "avg_edge_weight": 30.303513887364886,
    "avg_vertex_degree": 15.0,
    "clustering_coefficient": 0.3345149297410121,
    "edge_order_std_dev": 1.9621416870348585,
    "edge_weight_std_dev": 59.48387206053195,
    "induced_norm": 3666.7251803711506,
    "max_edge_order": 8,
    "max_edge_weight": 661.7801660677998,
    "max_vertex_degree": 20,
    "min_edge_order": 4.5,
    "min_edge_weight": 0.19110804781170554,
    "n_qubits": 8,
    "total_pstrings": 121
}