{
    "avg_edge_order": 1,
    "avg_edge_weight": 0.27938148031148746,
    "avg_vertex_degree": 56.94117647058823,
    "clustering_coefficient": 0.34642965126088265,
    "edge_order_std_dev": 3.9937882920599286,
    "edge_weight_std_dev": 0.8036910601747248,
    "induced_norm": 157.0123919350562,
    "max_edge_order": 17,
    "max_edge_weight": 19.00323973775708,
    "max_vertex_degree": 81,
    "min_edge_order": 9.008264462809917,
    "min_edge_weight": 0.0011982792857563318,
    "n_qubits": 17,
    "total_pstrings": 562
}