{
    "avg_edge_order": 1,
    "avg_edge_weight": 31.315606866924583,
    "avg_vertex_degree": 15.0,
    "clustering_coefficient": 0.3345149297410121,
    "edge_order_std_dev": 1.9621416870348585,
    "edge_weight_std_dev": 65.25059229857659,
    "induced_norm": 3789.1884308978733,
    "max_edge_order": 8,
    "max_edge_weight": 727.8349904877764,
    "max_vertex_degree": 20,
    "min_edge_order": 4.5,
    "min_edge_weight": 1.2891354907554717,
    "n_qubits": 8,
    "total_pstrings": 121
}