{
    "avg_edge_order": 1,
    "avg_edge_weight": 36.42294555140325,
    "avg_vertex_degree": 22.0,
    "edge_order_std_dev": 2.4186773244895647,
    "edge_weight_std_dev": 107.6975368788715,
    "induced_norm": 6956.782600318018,
    "max_edge_order": 10,
    "max_edge_weight": 1232.080288703829,
    "max_vertex_degree": 30,
    "min_edge_order": 5.5,
    "min_edge_weight": 0.024798190474017545,
    "n_qubits": 10,
    "total_pstrings": 191
}