{
    "avg_edge_order": 1,
    "avg_edge_weight": 35.35432856166977,
    "avg_vertex_degree": 5.0,
    "clustering_coefficient": 0.4220077730200311,
    "edge_order_std_dev": 1.02469507659596,
    "edge_weight_std_dev": 52.111888693807636,
    "induced_norm": 1025.2755282884232,
    "max_edge_order": 4,
    "max_edge_weight": 302.02722489574376,
    "max_vertex_degree": 6,
    "min_edge_order": 2.5,
    "min_edge_weight": 3.597361130201338,
    "n_qubits": 4,
    "total_pstrings": 29
}