{
    "avg_edge_order": 1,
    "avg_edge_weight": 28.756717561010326,
    "avg_vertex_degree": 408.5833333333333,
    "edge_order_std_dev": 10.957772781402639,
    "edge_weight_std_dev": 119.9465215629863,
    "induced_norm": 134610.19490308937,
    "max_edge_order": 48,
    "max_edge_weight": 8081.36383023625,
    "max_vertex_degree": 600,
    "min_edge_order": 24.486538853763,
    "min_edge_weight": 0.028316680727623833,
    "n_qubits": 48,
    "total_pstrings": 4681
}