{
    "avg_edge_order": 1,
    "avg_edge_weight": 33.0682785817711,
    "avg_vertex_degree": 40.0,
    "edge_order_std_dev": 3.3241540277189325,
    "edge_weight_std_dev": 124.06167431671874,
    "induced_norm": 12532.877582491252,
    "max_edge_order": 14,
    "max_edge_weight": 2250.5886295116907,
    "max_vertex_degree": 56,
    "min_edge_order": 7.5,
    "min_edge_weight": 0.022660674041290463,
    "n_qubits": 14,
    "total_pstrings": 379
}