{
    "avg_edge_order": 1,
    "avg_edge_weight": 33.2822423479565,
    "avg_vertex_degree": 40.0,
    "edge_order_std_dev": 3.3241540277189325,
    "edge_weight_std_dev": 120.65744909980229,
    "induced_norm": 12613.969849875511,
    "max_edge_order": 14,
    "max_edge_weight": 2214.243525648037,
    "max_vertex_degree": 56,
    "min_edge_order": 7.5,
    "min_edge_weight": 0.07076504844514986,
    "n_qubits": 14,
    "total_pstrings": 379
}