{
    "avg_edge_order": 1,
    "avg_edge_weight": 39.74662294231553,
    "avg_vertex_degree": 9.333333333333334,
    "edge_order_std_dev": 1.5,
    "edge_weight_std_dev": 64.73524957358835,
    "induced_norm": 2822.010228904402,
    "max_edge_order": 6,
    "max_edge_weight": 500.1564363720874,
    "max_vertex_degree": 12,
    "min_edge_order": 3.5,
    "min_edge_weight": 0.249496340817565,
    "n_qubits": 6,
    "total_pstrings": 71
}