{
    "avg_edge_order": 1,
    "avg_edge_weight": 30.856748799466263,
    "avg_vertex_degree": 40.0,
    "edge_order_std_dev": 3.3241540277189325,
    "edge_weight_std_dev": 91.95508747459382,
    "induced_norm": 11694.707794997717,
    "max_edge_order": 14,
    "max_edge_weight": 1706.2175713624413,
    "max_vertex_degree": 56,
    "min_edge_order": 7.5,
    "min_edge_weight": 0.3237164302698048,
    "n_qubits": 14,
    "total_pstrings": 379
}