{
    "avg_edge_order": 1,
    "avg_edge_weight": 31.953152017262447,
    "avg_vertex_degree": 9.333333333333334,
    "edge_order_std_dev": 1.5,
    "edge_weight_std_dev": 53.59317834698405,
    "induced_norm": 2268.6737932256333,
    "max_edge_order": 6,
    "max_edge_weight": 422.26873680346284,
    "max_vertex_degree": 12,
    "min_edge_order": 3.5,
    "min_edge_weight": 0.14941993334174342,
    "n_qubits": 6,
    "total_pstrings": 71
}