{
    "avg_edge_order": 1,
    "avg_edge_weight": 37.44783167065238,
    "avg_vertex_degree": 9.333333333333334,
    "edge_order_std_dev": 1.5,
    "edge_weight_std_dev": 60.19886632576659,
    "induced_norm": 2658.7960486163183,
    "max_edge_order": 6,
    "max_edge_weight": 508.3318349899262,
    "max_vertex_degree": 12,
    "min_edge_order": 3.5,
    "min_edge_weight": 0.5386429841983508,
    "n_qubits": 6,
    "total_pstrings": 71
}