{
    "avg_edge_order": 1,
    "avg_edge_weight": 32.65236375170526,
    "avg_vertex_degree": 40.0,
    "edge_order_std_dev": 3.3241540277189325,
    "edge_weight_std_dev": 98.27151184464205,
    "induced_norm": 12375.245861896283,
    "max_edge_order": 14,
    "max_edge_weight": 1727.3446500521304,
    "max_vertex_degree": 56,
    "min_edge_order": 7.5,
    "min_edge_weight": 0.05830581157073311,
    "n_qubits": 14,
    "total_pstrings": 379
}