{
    "avg_edge_order": 1,
    "avg_edge_weight": 32.48964921890811,
    "avg_vertex_degree": 40.0,
    "edge_order_std_dev": 3.3241540277189325,
    "edge_weight_std_dev": 115.97412909256256,
    "induced_norm": 12313.577053966183,
    "max_edge_order": 14,
    "max_edge_weight": 2202.885539400506,
    "max_vertex_degree": 56,
    "min_edge_order": 7.5,
    "min_edge_weight": 0.012802246079282043,
    "n_qubits": 14,
    "total_pstrings": 379
}