{
    "avg_edge_order": 1,
    "avg_edge_weight": 35.760886756035184,
    "avg_vertex_degree": 9.333333333333334,
    "edge_order_std_dev": 1.5,
    "edge_weight_std_dev": 54.890858330374506,
    "induced_norm": 2539.022959678499,
    "max_edge_order": 6,
    "max_edge_weight": 437.11193786095237,
    "max_vertex_degree": 12,
    "min_edge_order": 3.5,
    "min_edge_weight": 1.0821814977993824,
    "n_qubits": 6,
    "total_pstrings": 71
}