{
    "avg_edge_order": 1,
    "avg_edge_weight": 35.42589891007385,
    "avg_vertex_degree": 9.333333333333334,
    "edge_order_std_dev": 1.5,
    "edge_weight_std_dev": 56.03980555053071,
    "induced_norm": 2515.238822615244,
    "max_edge_order": 6,
    "max_edge_weight": 452.38071024795784,
    "max_vertex_degree": 12,
    "min_edge_order": 3.5,
    "min_edge_weight": 0.0004925236058426208,
    "n_qubits": 6,
    "total_pstrings": 71
}