{
    "avg_edge_order": 1,
    "avg_edge_weight": 31.236177572364006,
    "avg_vertex_degree": 40.0,
    "edge_order_std_dev": 3.3241540277189325,
    "edge_weight_std_dev": 96.53688120457812,
    "induced_norm": 11838.511299925969,
    "max_edge_order": 14,
    "max_edge_weight": 1888.7085675867283,
    "max_vertex_degree": 56,
    "min_edge_order": 7.5,
    "min_edge_weight": 0.04186865403512652,
    "n_qubits": 14,
    "total_pstrings": 379
}