{
    "avg_edge_order": 1,
    "avg_edge_weight": 33.631290625347475,
    "avg_vertex_degree": 40.0,
    "edge_order_std_dev": 3.3241540277189325,
    "edge_weight_std_dev": 119.71875008441302,
    "induced_norm": 12746.25914700669,
    "max_edge_order": 14,
    "max_edge_weight": 2260.573537364209,
    "max_vertex_degree": 56,
    "min_edge_order": 7.5,
    "min_edge_weight": 0.1915171491559633,
    "n_qubits": 14,
    "total_pstrings": 379
}