{
    "avg_edge_order": 1,
    "avg_edge_weight": 38.94970084518224,
    "avg_vertex_degree": 9.333333333333334,
    "edge_order_std_dev": 1.5,
    "edge_weight_std_dev": 59.95883760868878,
    "induced_norm": 2765.4287600079388,
    "max_edge_order": 6,
    "max_edge_weight": 467.0150646095021,
    "max_vertex_degree": 12,
    "min_edge_order": 3.5,
    "min_edge_weight": 1.0274767334237964,
    "n_qubits": 6,
    "total_pstrings": 71
}