{
    "avg_edge_order": 1,
    "avg_edge_weight": 31.205028554454994,
    "avg_vertex_degree": 15.0,
    "clustering_coefficient": 0.3345149297410121,
    "edge_order_std_dev": 1.9621416870348585,
    "edge_weight_std_dev": 68.31912995156921,
    "induced_norm": 3775.808455089054,
    "max_edge_order": 8,
    "max_edge_weight": 761.7933212518716,
    "max_vertex_degree": 20,
    "min_edge_order": 4.5,
    "min_edge_weight": 0.22020153335469672,
    "n_qubits": 8,
    "total_pstrings": 121
}