{
    "avg_edge_order": 1,
    "avg_edge_weight": 28.810943397755153,
    "avg_vertex_degree": 40.0,
    "edge_order_std_dev": 3.3241540277189325,
    "edge_weight_std_dev": 91.26156228477788,
    "induced_norm": 10919.347547749201,
    "max_edge_order": 14,
    "max_edge_weight": 1780.4787230484844,
    "max_vertex_degree": 56,
    "min_edge_order": 7.5,
    "min_edge_weight": 0.3164391263581312,
    "n_qubits": 14,
    "total_pstrings": 379
}