{
    "avg_edge_order": 1,
    "avg_edge_weight": 37.11523168225154,
    "avg_vertex_degree": 9.333333333333334,
    "edge_order_std_dev": 1.5,
    "edge_weight_std_dev": 66.43681109801327,
    "induced_norm": 2635.18144943986,
    "max_edge_order": 6,
    "max_edge_weight": 497.57940848793436,
    "max_vertex_degree": 12,
    "min_edge_order": 3.5,
    "min_edge_weight": 0.28875240319329265,
    "n_qubits": 6,
    "total_pstrings": 71
}