{
    "avg_edge_order": 1,
    "avg_edge_weight": 32.791717928788216,
    "avg_vertex_degree": 22.0,
    "edge_order_std_dev": 2.4186773244895647,
    "edge_weight_std_dev": 109.75449453378276,
    "induced_norm": 6263.218124398547,
    "max_edge_order": 10,
    "max_edge_weight": 1531.3881181800125,
    "max_vertex_degree": 30,
    "min_edge_order": 5.5,
    "min_edge_weight": 0.255777658713785,
    "n_qubits": 10,
    "total_pstrings": 191
}