{
    "avg_edge_order": 1,
    "avg_edge_weight": 35.92201291745784,
    "avg_vertex_degree": 22.2,
    "edge_order_std_dev": 2.4303628165722344,
    "edge_weight_std_dev": 69.10391078337314,
    "induced_norm": 7795.07680308835,
    "max_edge_order": 10,
    "max_edge_weight": 890.3364620610911,
    "max_vertex_degree": 30,
    "min_edge_order": 5.468468468468468,
    "min_edge_weight": 0.13208108649385708,
    "n_qubits": 10,
    "total_pstrings": 217
}