{
    "avg_edge_order": 1,
    "avg_edge_weight": 33.29985045783756,
    "avg_vertex_degree": 12.0,
    "edge_order_std_dev": 1.7320508075688772,
    "edge_weight_std_dev": 64.321970186032,
    "induced_norm": 3063.586242121056,
    "max_edge_order": 7,
    "max_edge_weight": 630.175422645783,
    "max_vertex_degree": 16,
    "min_edge_order": 4.0,
    "min_edge_weight": 1.1058719990576265,
    "n_qubits": 7,
    "total_pstrings": 92
}