{
    "avg_edge_order": 1,
    "avg_edge_weight": 32.842837483250406,
    "avg_vertex_degree": 12.0,
    "edge_order_std_dev": 1.7320508075688772,
    "edge_weight_std_dev": 65.73524536633882,
    "induced_norm": 3021.541048459037,
    "max_edge_order": 7,
    "max_edge_weight": 644.7854145316913,
    "max_vertex_degree": 16,
    "min_edge_order": 4.0,
    "min_edge_weight": 0.4477622964892065,
    "n_qubits": 7,
    "total_pstrings": 92
}