{
    "avg_edge_order": 1,
    "avg_edge_weight": 34.94527588391457,
    "avg_vertex_degree": 40.0,
    "edge_order_std_dev": 3.3241540277189325,
    "edge_weight_std_dev": 125.14615042524626,
    "induced_norm": 13244.259560003618,
    "max_edge_order": 14,
    "max_edge_weight": 2166.8199579392704,
    "max_vertex_degree": 56,
    "min_edge_order": 7.5,
    "min_edge_weight": 0.09619688622174438,
    "n_qubits": 14,
    "total_pstrings": 379
}