{
    "avg_edge_order": 1,
    "avg_edge_weight": 32.772365684342674,
    "avg_vertex_degree": 15.0,
    "clustering_coefficient": 0.3345149297410121,
    "edge_order_std_dev": 1.9621416870348585,
    "edge_weight_std_dev": 65.3479069352917,
    "induced_norm": 3965.456247805462,
    "max_edge_order": 8,
    "max_edge_weight": 728.3586663942385,
    "max_vertex_degree": 20,
    "min_edge_order": 4.5,
    "min_edge_weight": 1.1702385131041488,
    "n_qubits": 8,
    "total_pstrings": 121
}