{
    "avg_edge_order": 1,
    "avg_edge_weight": 35.31958542490133,
    "avg_vertex_degree": 40.0,
    "edge_order_std_dev": 3.3241540277189325,
    "edge_weight_std_dev": 122.33695596894039,
    "induced_norm": 13386.122876037603,
    "max_edge_order": 14,
    "max_edge_weight": 2129.2425538854495,
    "max_vertex_degree": 56,
    "min_edge_order": 7.5,
    "min_edge_weight": 0.10208431471891899,
    "n_qubits": 14,
    "total_pstrings": 379
}