{
    "avg_edge_order": 1,
    "avg_edge_weight": 32.562366070036504,
    "avg_vertex_degree": 12.0,
    "edge_order_std_dev": 1.7320508075688772,
    "edge_weight_std_dev": 60.76600861496678,
    "induced_norm": 2995.7376784433595,
    "max_edge_order": 7,
    "max_edge_weight": 595.9773765603014,
    "max_vertex_degree": 16,
    "min_edge_order": 4.0,
    "min_edge_weight": 1.7021536911104889,
    "n_qubits": 7,
    "total_pstrings": 92
}