{
    "avg_edge_order": 1,
    "avg_edge_weight": 29.920272145059066,
    "avg_vertex_degree": 12.0,
    "edge_order_std_dev": 1.7320508075688772,
    "edge_weight_std_dev": 52.51087174838694,
    "induced_norm": 2752.6650373454327,
    "max_edge_order": 7,
    "max_edge_weight": 512.845639743075,
    "max_vertex_degree": 16,
    "min_edge_order": 4.0,
    "min_edge_weight": 1.934952184083261,
    "n_qubits": 7,
    "total_pstrings": 92
}