{
    "avg_edge_order": 1,
    "avg_edge_weight": 32.51548824898167,
    "avg_vertex_degree": 40.0,
    "edge_order_std_dev": 3.3241540277189325,
    "edge_weight_std_dev": 102.6377148345721,
    "induced_norm": 12323.370046364053,
    "max_edge_order": 14,
    "max_edge_weight": 1932.149711333499,
    "max_vertex_degree": 56,
    "min_edge_order": 7.5,
    "min_edge_weight": 0.04512673612104279,
    "n_qubits": 14,
    "total_pstrings": 379
}