{
    "avg_edge_order": 1,
    "avg_edge_weight": 32.5327166535794,
    "avg_vertex_degree": 15.0,
    "clustering_coefficient": 0.3345149297410121,
    "edge_order_std_dev": 1.9621416870348585,
    "edge_weight_std_dev": 64.62692831084819,
    "induced_norm": 3936.4587150831076,
    "max_edge_order": 8,
    "max_edge_weight": 724.2983350126239,
    "max_vertex_degree": 20,
    "min_edge_order": 4.5,
    "min_edge_weight": 0.5790757036374075,
    "n_qubits": 8,
    "total_pstrings": 121
}