{
    "avg_edge_order": 1,
    "avg_edge_weight": 31.835535097424643,
    "avg_vertex_degree": 12.0,
    "edge_order_std_dev": 1.7320508075688772,
    "edge_weight_std_dev": 61.700683089466075,
    "induced_norm": 2928.869228963067,
    "max_edge_order": 7,
    "max_edge_weight": 603.8330302459847,
    "max_vertex_degree": 16,
    "min_edge_order": 4.0,
    "min_edge_weight": 1.2776153916692348,
    "n_qubits": 7,
    "total_pstrings": 92
}