{
    "avg_edge_order": 1,
    "avg_edge_weight": 31.829126374502728,
    "avg_vertex_degree": 40.0,
    "edge_order_std_dev": 3.3241540277189325,
    "edge_weight_std_dev": 99.91950363459469,
    "induced_norm": 12063.238895936538,
    "max_edge_order": 14,
    "max_edge_weight": 1850.3920160168445,
    "max_vertex_degree": 56,
    "min_edge_order": 7.5,
    "min_edge_weight": 0.18253152664693317,
    "n_qubits": 14,
    "total_pstrings": 379
}