{
    "avg_edge_order": 1,
    "avg_edge_weight": 35.62629466728872,
    "avg_vertex_degree": 40.0,
    "edge_order_std_dev": 3.3241540277189325,
    "edge_weight_std_dev": 129.12074659325683,
    "induced_norm": 13502.365678902437,
    "max_edge_order": 14,
    "max_edge_weight": 2115.765745925287,
    "max_vertex_degree": 56,
    "min_edge_order": 7.5,
    "min_edge_weight": 0.020982536307173616,
    "n_qubits": 14,
    "total_pstrings": 379
}