{
    "avg_edge_order": 1,
    "avg_edge_weight": 36.91388705191166,
    "avg_vertex_degree": 5.0,
    "clustering_coefficient": 0.4220077730200311,
    "edge_order_std_dev": 1.02469507659596,
    "edge_weight_std_dev": 48.65506506040707,
    "induced_norm": 1070.5027245054378,
    "max_edge_order": 4,
    "max_edge_weight": 283.4973861831759,
    "max_vertex_degree": 6,
    "min_edge_order": 2.5,
    "min_edge_weight": 1.0082903795990588,
    "n_qubits": 4,
    "total_pstrings": 29
}