{
    "avg_edge_order": 1,
    "avg_edge_weight": 33.318776550794,
    "avg_vertex_degree": 22.0,
    "edge_order_std_dev": 2.4186773244895647,
    "edge_weight_std_dev": 126.79688552282532,
    "induced_norm": 6363.8863212016495,
    "max_edge_order": 10,
    "max_edge_weight": 1765.7148767543745,
    "max_vertex_degree": 30,
    "min_edge_order": 5.5,
    "min_edge_weight": 0.03325015913550611,
    "n_qubits": 10,
    "total_pstrings": 191
}