{
    "avg_edge_order": 1,
    "avg_edge_weight": 47.528419709030764,
    "avg_vertex_degree": 23.2,
    "edge_order_std_dev": 2.449853789711365,
    "edge_weight_std_dev": 78.66422919434909,
    "induced_norm": 11787.048087839628,
    "max_edge_order": 10,
    "max_edge_weight": 939.0343423133658,
    "max_vertex_degree": 32,
    "min_edge_order": 5.344827586206897,
    "min_edge_weight": 0.29082142300580927,
    "n_qubits": 10,
    "total_pstrings": 248
}