{
    "avg_edge_order": 1,
    "avg_edge_weight": 34.49478224999202,
    "avg_vertex_degree": 12.0,
    "edge_order_std_dev": 1.7320508075688772,
    "edge_weight_std_dev": 56.11416917086939,
    "induced_norm": 3173.5199669992653,
    "max_edge_order": 7,
    "max_edge_weight": 552.50648629584,
    "max_vertex_degree": 16,
    "min_edge_order": 4.0,
    "min_edge_weight": 0.4509165669444314,
    "n_qubits": 7,
    "total_pstrings": 92
}