{
    "avg_edge_order": 1,
    "avg_edge_weight": 35.27801346862322,
    "avg_vertex_degree": 40.0,
    "edge_order_std_dev": 3.3241540277189325,
    "edge_weight_std_dev": 123.10842077502403,
    "induced_norm": 13370.367104608205,
    "max_edge_order": 14,
    "max_edge_weight": 2029.1303535595082,
    "max_vertex_degree": 56,
    "min_edge_order": 7.5,
    "min_edge_weight": 0.09270713715241463,
    "n_qubits": 14,
    "total_pstrings": 379
}