{
    "avg_edge_order": 1,
    "avg_edge_weight": 30.255368456157782,
    "avg_vertex_degree": 15.0,
    "clustering_coefficient": 0.3345149297410121,
    "edge_order_std_dev": 1.9621416870348585,
    "edge_weight_std_dev": 57.957674942981484,
    "induced_norm": 3660.899583195092,
    "max_edge_order": 8,
    "max_edge_weight": 641.7119997848553,
    "max_vertex_degree": 20,
    "min_edge_order": 4.5,
    "min_edge_weight": 0.9431978284082838,
    "n_qubits": 8,
    "total_pstrings": 121
}