{
    "avg_edge_order": 1,
    "avg_edge_weight": 31.989266723018385,
    "avg_vertex_degree": 12.0,
    "edge_order_std_dev": 1.7320508075688772,
    "edge_weight_std_dev": 61.41909922541158,
    "induced_norm": 2943.0125385176916,
    "max_edge_order": 7,
    "max_edge_weight": 601.5819936354526,
    "max_vertex_degree": 16,
    "min_edge_order": 4.0,
    "min_edge_weight": 0.44842535202271705,
    "n_qubits": 7,
    "total_pstrings": 92
}