{
    "avg_edge_order": 1,
    "avg_edge_weight": 33.072129530948295,
    "avg_vertex_degree": 40.0,
    "edge_order_std_dev": 3.3241540277189325,
    "edge_weight_std_dev": 108.46452348282112,
    "induced_norm": 12534.3370922294,
    "max_edge_order": 14,
    "max_edge_weight": 1763.1100535378223,
    "max_vertex_degree": 56,
    "min_edge_order": 7.5,
    "min_edge_weight": 0.054109397475620824,
    "n_qubits": 14,
    "total_pstrings": 379
}