{
    "avg_edge_order": 1,
    "avg_edge_weight": 31.22334761277308,
    "avg_vertex_degree": 12.0,
    "edge_order_std_dev": 1.7320508075688772,
    "edge_weight_std_dev": 62.2477052655769,
    "induced_norm": 2872.5479803751227,
    "max_edge_order": 7,
    "max_edge_weight": 607.5448268177828,
    "max_vertex_degree": 16,
    "min_edge_order": 4.0,
    "min_edge_weight": 0.11882358166417273,
    "n_qubits": 7,
    "total_pstrings": 92
}