{
    "avg_edge_order": 1,
    "avg_edge_weight": 31.93699565005673,
    "avg_vertex_degree": 40.0,
    "edge_order_std_dev": 3.3241540277189325,
    "edge_weight_std_dev": 94.16042679042853,
    "induced_norm": 12104.121351371508,
    "max_edge_order": 14,
    "max_edge_weight": 1492.3649110412027,
    "max_vertex_degree": 56,
    "min_edge_order": 7.5,
    "min_edge_weight": 0.07244422614628121,
    "n_qubits": 14,
    "total_pstrings": 379
}