{
    "avg_edge_order": 1,
    "avg_edge_weight": 29.838374509609732,
    "avg_vertex_degree": 12.0,
    "edge_order_std_dev": 1.7320508075688772,
    "edge_weight_std_dev": 61.30100941255533,
    "induced_norm": 2745.130454884095,
    "max_edge_order": 7,
    "max_edge_weight": 597.9459068218994,
    "max_vertex_degree": 16,
    "min_edge_order": 4.0,
    "min_edge_weight": 0.13282521688430293,
    "n_qubits": 7,
    "total_pstrings": 92
}