{
    "avg_edge_order": 1,
    "avg_edge_weight": 30.463207216051483,
    "avg_vertex_degree": 15.0,
    "clustering_coefficient": 0.3345149297410121,
    "edge_order_std_dev": 1.9621416870348585,
    "edge_weight_std_dev": 65.61071953486932,
    "induced_norm": 3686.0480731422285,
    "max_edge_order": 8,
    "max_edge_weight": 727.0120502403317,
    "max_vertex_degree": 20,
    "min_edge_order": 4.5,
    "min_edge_weight": 0.21400545612960098,
    "n_qubits": 8,
    "total_pstrings": 121
}