{
    "avg_edge_order": 1,
    "avg_edge_weight": 32.49165120254355,
    "avg_vertex_degree": 12.0,
    "edge_order_std_dev": 1.7320508075688772,
    "edge_weight_std_dev": 61.42655999747765,
    "induced_norm": 2989.231910634007,
    "max_edge_order": 7,
    "max_edge_weight": 602.8189595654301,
    "max_vertex_degree": 16,
    "min_edge_order": 4.0,
    "min_edge_weight": 0.30617001282554623,
    "n_qubits": 7,
    "total_pstrings": 92
}