{
    "avg_edge_order": 1,
    "avg_edge_weight": 29.165893151249414,
    "avg_vertex_degree": 15.0,
    "clustering_coefficient": 0.3345149297410121,
    "edge_order_std_dev": 1.9621416870348585,
    "edge_weight_std_dev": 60.99001465886039,
    "induced_norm": 3529.07307130118,
    "max_edge_order": 8,
    "max_edge_weight": 679.785000716477,
    "max_vertex_degree": 20,
    "min_edge_order": 4.5,
    "min_edge_weight": 0.22237185124943437,
    "n_qubits": 8,
    "total_pstrings": 121
}