{
    "avg_edge_order": 1,
    "avg_edge_weight": 32.36338097245782,
    "avg_vertex_degree": 40.0,
    "edge_order_std_dev": 3.3241540277189325,
    "edge_weight_std_dev": 93.84136129861717,
    "induced_norm": 12265.721388561526,
    "max_edge_order": 14,
    "max_edge_weight": 1583.122046518642,
    "max_vertex_degree": 56,
    "min_edge_order": 7.5,
    "min_edge_weight": 0.05916187299985154,
    "n_qubits": 14,
    "total_pstrings": 379
}