{
    "avg_edge_order": 1,
    "avg_edge_weight": 35.4851740819494,
    "avg_vertex_degree": 40.0,
    "edge_order_std_dev": 3.3241540277189325,
    "edge_weight_std_dev": 122.3264723334339,
    "induced_norm": 13448.880977058825,
    "max_edge_order": 14,
    "max_edge_weight": 2094.3548316952483,
    "max_vertex_degree": 56,
    "min_edge_order": 7.5,
    "min_edge_weight": 0.1207038400204361,
    "n_qubits": 14,
    "total_pstrings": 379
}