{
    "avg_edge_order": 1,
    "avg_edge_weight": 33.202756565897495,
    "avg_vertex_degree": 15.0,
    "clustering_coefficient": 0.3345149297410121,
    "edge_order_std_dev": 1.9621416870348585,
    "edge_weight_std_dev": 66.20206227993036,
    "induced_norm": 4017.5335444735965,
    "max_edge_order": 8,
    "max_edge_weight": 735.9076327448973,
    "max_vertex_degree": 20,
    "min_edge_order": 4.5,
    "min_edge_weight": 0.17934474745095463,
    "n_qubits": 8,
    "total_pstrings": 121
}