{
    "avg_edge_order": 1,
    "avg_edge_weight": 30.963020054958413,
    "avg_vertex_degree": 40.0,
    "edge_order_std_dev": 3.3241540277189325,
    "edge_weight_std_dev": 99.00406516251414,
    "induced_norm": 11734.984600829237,
    "max_edge_order": 14,
    "max_edge_weight": 1835.1451256915461,
    "max_vertex_degree": 56,
    "min_edge_order": 7.5,
    "min_edge_weight": 0.04834025174881851,
    "n_qubits": 14,
    "total_pstrings": 379
}