{
    "avg_edge_order": 1,
    "avg_edge_weight": 34.21538546323108,
    "avg_vertex_degree": 12.0,
    "edge_order_std_dev": 1.7320508075688772,
    "edge_weight_std_dev": 65.22440169415967,
    "induced_norm": 3147.815462617259,
    "max_edge_order": 7,
    "max_edge_weight": 641.6976104711373,
    "max_vertex_degree": 16,
    "min_edge_order": 4.0,
    "min_edge_weight": 1.7241597137884668,
    "n_qubits": 7,
    "total_pstrings": 92
}