{
    "avg_edge_order": 1,
    "avg_edge_weight": 34.3636438546937,
    "avg_vertex_degree": 40.0,
    "edge_order_std_dev": 3.3241540277189325,
    "edge_weight_std_dev": 108.21649743211016,
    "induced_norm": 13023.821020928912,
    "max_edge_order": 14,
    "max_edge_weight": 1845.0439570821648,
    "max_vertex_degree": 56,
    "min_edge_order": 7.5,
    "min_edge_weight": 0.08556243877804803,
    "n_qubits": 14,
    "total_pstrings": 379
}