{
    "avg_edge_order": 1,
    "avg_edge_weight": 28.765215350648212,
    "avg_vertex_degree": 12.0,
    "edge_order_std_dev": 1.7320508075688772,
    "edge_weight_std_dev": 55.33558029456525,
    "induced_norm": 2646.399812259636,
    "max_edge_order": 7,
    "max_edge_weight": 540.1849104646759,
    "max_vertex_degree": 16,
    "min_edge_order": 4.0,
    "min_edge_weight": 0.2821748831309421,
    "n_qubits": 7,
    "total_pstrings": 92
}