{
    "avg_edge_order": 1,
    "avg_edge_weight": 32.17515239059088,
    "avg_vertex_degree": 12.0,
    "edge_order_std_dev": 1.7320508075688772,
    "edge_weight_std_dev": 60.98818625856494,
    "induced_norm": 2960.1140199343613,
    "max_edge_order": 7,
    "max_edge_weight": 594.5620320418847,
    "max_vertex_degree": 16,
    "min_edge_order": 4.0,
    "min_edge_weight": 1.005903982612125,
    "n_qubits": 7,
    "total_pstrings": 92
}