{
    "avg_edge_order": 1,
    "avg_edge_weight": 29.744558887023846,
    "avg_vertex_degree": 45.333333333333336,
    "edge_order_std_dev": 3.5496478698597698,
    "edge_weight_std_dev": 98.7925506702584,
    "induced_norm": 12968.627674742396,
    "max_edge_order": 15,
    "max_edge_weight": 2067.917110494022,
    "max_vertex_degree": 64,
    "min_edge_order": 8.0,
    "min_edge_weight": 0.07575351862146107,
    "n_qubits": 15,
    "total_pstrings": 436
}