{
    "avg_edge_order": 1,
    "avg_edge_weight": 31.902794977901014,
    "avg_vertex_degree": 12.0,
    "edge_order_std_dev": 1.7320508075688772,
    "edge_weight_std_dev": 66.22690275143985,
    "induced_norm": 2935.057137966893,
    "max_edge_order": 7,
    "max_edge_weight": 645.8135132229312,
    "max_vertex_degree": 16,
    "min_edge_order": 4.0,
    "min_edge_weight": 0.3001679328835105,
    "n_qubits": 7,
    "total_pstrings": 92
}