{
    "avg_edge_order": 1,
    "avg_edge_weight": 29.221520157246545,
    "avg_vertex_degree": 45.333333333333336,
    "edge_order_std_dev": 3.5496478698597698,
    "edge_weight_std_dev": 95.60841352114721,
    "induced_norm": 12740.582788559477,
    "max_edge_order": 15,
    "max_edge_weight": 1995.7284291833544,
    "max_vertex_degree": 64,
    "min_edge_order": 8.0,
    "min_edge_weight": 0.020031136841491826,
    "n_qubits": 15,
    "total_pstrings": 436
}