{
    "avg_edge_order": 1,
    "avg_edge_weight": 30.914473134670203,
    "avg_vertex_degree": 18.333333333333332,
    "clustering_coefficient": 0.33291911153650744,
    "edge_order_std_dev": 2.1908902300206643,
    "edge_weight_std_dev": 66.00447247955327,
    "induced_norm": 4760.828862739212,
    "max_edge_order": 9,
    "max_edge_weight": 826.1347635311869,
    "max_vertex_degree": 25,
    "min_edge_order": 5.0,
    "min_edge_weight": 0.03642179432797832,
    "n_qubits": 9,
    "total_pstrings": 154
}