{
    "avg_edge_order": 1,
    "avg_edge_weight": 32.82378445001477,
    "avg_vertex_degree": 12.0,
    "edge_order_std_dev": 1.7320508075688772,
    "edge_weight_std_dev": 67.75419270761812,
    "induced_norm": 3019.788169401359,
    "max_edge_order": 7,
    "max_edge_weight": 658.2150091946825,
    "max_vertex_degree": 16,
    "min_edge_order": 4.0,
    "min_edge_weight": 0.3469083334486478,
    "n_qubits": 7,
    "total_pstrings": 92
}