{
    "avg_edge_order": 1,
    "avg_edge_weight": 31.149452748054085,
    "avg_vertex_degree": 45.333333333333336,
    "edge_order_std_dev": 3.5496478698597698,
    "edge_weight_std_dev": 108.02415018278735,
    "induced_norm": 13581.161398151573,
    "max_edge_order": 15,
    "max_edge_weight": 2115.065770826342,
    "max_vertex_degree": 64,
    "min_edge_order": 8.0,
    "min_edge_weight": 0.1703560539161426,
    "n_qubits": 15,
    "total_pstrings": 436
}