{
    "avg_edge_order": 1,
    "avg_edge_weight": 33.753474363235554,
    "avg_vertex_degree": 12.0,
    "edge_order_std_dev": 1.7320508075688772,
    "edge_weight_std_dev": 63.072912062311374,
    "induced_norm": 3105.3196414176714,
    "max_edge_order": 7,
    "max_edge_weight": 609.0828795341188,
    "max_vertex_degree": 16,
    "min_edge_order": 4.0,
    "min_edge_weight": 0.1038523485228704,
    "n_qubits": 7,
    "total_pstrings": 92
}