{
    "avg_edge_order": 1,
    "avg_edge_weight": 30.276945504314135,
    "avg_vertex_degree": 45.333333333333336,
    "edge_order_std_dev": 3.5496478698597698,
    "edge_weight_std_dev": 94.6616415978383,
    "induced_norm": 13200.748239880968,
    "max_edge_order": 15,
    "max_edge_weight": 1928.4193052728322,
    "max_vertex_degree": 64,
    "min_edge_order": 8.0,
    "min_edge_weight": 0.027599710599510274,
    "n_qubits": 15,
    "total_pstrings": 436
}