{
    "avg_edge_order": 1,
    "avg_edge_weight": 32.97416671608276,
    "avg_vertex_degree": 45.333333333333336,
    "edge_order_std_dev": 3.5496478698597698,
    "edge_weight_std_dev": 107.17161736857648,
    "induced_norm": 14376.736688212084,
    "max_edge_order": 15,
    "max_edge_weight": 2093.0548623490977,
    "max_vertex_degree": 64,
    "min_edge_order": 8.0,
    "min_edge_weight": 0.08141337549945149,
    "n_qubits": 15,
    "total_pstrings": 436
}