{
    "avg_edge_order": 1,
    "avg_edge_weight": 32.276776309952126,
    "avg_vertex_degree": 12.0,
    "edge_order_std_dev": 1.7320508075688772,
    "edge_weight_std_dev": 59.87523391382057,
    "induced_norm": 2969.4634205155953,
    "max_edge_order": 7,
    "max_edge_weight": 586.8229266219054,
    "max_vertex_degree": 16,
    "min_edge_order": 4.0,
    "min_edge_weight": 0.02895571323718471,
    "n_qubits": 7,
    "total_pstrings": 92
}