{
    "avg_edge_order": 1,
    "avg_edge_weight": 29.25955280727802,
    "avg_vertex_degree": 18.333333333333332,
    "clustering_coefficient": 0.33291911153650744,
    "edge_order_std_dev": 2.1908902300206643,
    "edge_weight_std_dev": 65.18791545361653,
    "induced_norm": 4505.971132320814,
    "max_edge_order": 9,
    "max_edge_weight": 813.6273807980048,
    "max_vertex_degree": 25,
    "min_edge_order": 5.0,
    "min_edge_weight": 0.5450728323753093,
    "n_qubits": 9,
    "total_pstrings": 154
}