{
    "avg_edge_order": 1,
    "avg_edge_weight": 31.418265303410188,
    "avg_vertex_degree": 45.333333333333336,
    "edge_order_std_dev": 3.5496478698597698,
    "edge_weight_std_dev": 93.46464795619542,
    "induced_norm": 13698.363672286852,
    "max_edge_order": 15,
    "max_edge_weight": 1956.964273328958,
    "max_vertex_degree": 64,
    "min_edge_order": 8.0,
    "min_edge_weight": 0.04171407082807832,
    "n_qubits": 15,
    "total_pstrings": 436
}