{
    "avg_edge_order": 1,
    "avg_edge_weight": 34.6440066998547,
    "avg_vertex_degree": 12.0,
    "edge_order_std_dev": 1.7320508075688772,
    "edge_weight_std_dev": 61.90004685564652,
    "induced_norm": 3187.2486163866324,
    "max_edge_order": 7,
    "max_edge_weight": 584.814521830759,
    "max_vertex_degree": 16,
    "min_edge_order": 4.0,
    "min_edge_weight": 0.09556293255472137,
    "n_qubits": 7,
    "total_pstrings": 92
}