{
    "avg_edge_order": 1,
    "avg_edge_weight": 33.44479648663359,
    "avg_vertex_degree": 12.0,
    "edge_order_std_dev": 1.7320508075688772,
    "edge_weight_std_dev": 66.49378752962996,
    "induced_norm": 3076.921276770291,
    "max_edge_order": 7,
    "max_edge_weight": 644.0555275513057,
    "max_vertex_degree": 16,
    "min_edge_order": 4.0,
    "min_edge_weight": 0.048210407001143096,
    "n_qubits": 7,
    "total_pstrings": 92
}