{
    "avg_edge_order": 1,
    "avg_edge_weight": 31.995938848180497,
    "avg_vertex_degree": 45.333333333333336,
    "edge_order_std_dev": 3.5496478698597698,
    "edge_weight_std_dev": 121.82374910795119,
    "induced_norm": 13950.229337806699,
    "max_edge_order": 15,
    "max_edge_weight": 2416.413521375066,
    "max_vertex_degree": 64,
    "min_edge_order": 8.0,
    "min_edge_weight": 0.009446223621651484,
    "n_qubits": 15,
    "total_pstrings": 436
}