{
    "avg_edge_order": 1,
    "avg_edge_weight": 30.879760502057028,
    "avg_vertex_degree": 12.0,
    "edge_order_std_dev": 1.7320508075688772,
    "edge_weight_std_dev": 62.06603284558731,
    "induced_norm": 2840.9379661892467,
    "max_edge_order": 7,
    "max_edge_weight": 605.253487947617,
    "max_vertex_degree": 16,
    "min_edge_order": 4.0,
    "min_edge_weight": 0.9626656073114804,
    "n_qubits": 7,
    "total_pstrings": 92
}