{
    "avg_edge_order": 1,
    "avg_edge_weight": 32.50421241714573,
    "avg_vertex_degree": 45.333333333333336,
    "edge_order_std_dev": 3.5496478698597698,
    "edge_weight_std_dev": 121.94306021387476,
    "induced_norm": 14171.836613875534,
    "max_edge_order": 15,
    "max_edge_weight": 2423.712865791067,
    "max_vertex_degree": 64,
    "min_edge_order": 8.0,
    "min_edge_weight": 0.04600811286175599,
    "n_qubits": 15,
    "total_pstrings": 436
}