{
    "avg_edge_order": 1,
    "avg_edge_weight": 33.42977364479703,
    "avg_vertex_degree": 12.0,
    "edge_order_std_dev": 1.7320508075688772,
    "edge_weight_std_dev": 56.789329418715184,
    "induced_norm": 3075.5391753213275,
    "max_edge_order": 7,
    "max_edge_weight": 546.4405005709875,
    "max_vertex_degree": 16,
    "min_edge_order": 4.0,
    "min_edge_weight": 0.3560561111704774,
    "n_qubits": 7,
    "total_pstrings": 92
}