{
    "avg_edge_order": 1,
    "avg_edge_weight": 30.276980650787664,
    "avg_vertex_degree": 45.333333333333336,
    "edge_order_std_dev": 3.5496478698597698,
    "edge_weight_std_dev": 114.65630389909262,
    "induced_norm": 13200.76356374342,
    "max_edge_order": 15,
    "max_edge_weight": 2400.2103875839484,
    "max_vertex_degree": 64,
    "min_edge_order": 8.0,
    "min_edge_weight": 0.09600035139033025,
    "n_qubits": 15,
    "total_pstrings": 436
}