{
    "avg_edge_order": 1,
    "avg_edge_weight": 29.12794871855562,
    "avg_vertex_degree": 45.333333333333336,
    "edge_order_std_dev": 3.5496478698597698,
    "edge_weight_std_dev": 95.98942373962721,
    "induced_norm": 12699.78564129024,
    "max_edge_order": 15,
    "max_edge_weight": 2006.4593909236412,
    "max_vertex_degree": 64,
    "min_edge_order": 8.0,
    "min_edge_weight": 0.026018953202871842,
    "n_qubits": 15,
    "total_pstrings": 436
}