{
    "avg_edge_order": 1,
    "avg_edge_weight": 29.01774946101515,
    "avg_vertex_degree": 12.0,
    "edge_order_std_dev": 1.7320508075688772,
    "edge_weight_std_dev": 55.43969275428886,
    "induced_norm": 2669.632950413393,
    "max_edge_order": 7,
    "max_edge_weight": 536.4696328292459,
    "max_vertex_degree": 16,
    "min_edge_order": 4.0,
    "min_edge_weight": 0.18721443112364966,
    "n_qubits": 7,
    "total_pstrings": 92
}