{
    "avg_edge_order": 1,
    "avg_edge_weight": 42.44336499324295,
    "avg_vertex_degree": 22.0,
    "edge_order_std_dev": 2.4186773244895647,
    "edge_weight_std_dev": 131.5981576380697,
    "induced_norm": 8106.682713709403,
    "max_edge_order": 10,
    "max_edge_weight": 1473.7214430261974,
    "max_vertex_degree": 30,
    "min_edge_order": 5.5,
    "min_edge_weight": 0.11155394631959581,
    "n_qubits": 10,
    "total_pstrings": 191
}