{
    "avg_edge_order": 1,
    "avg_edge_weight": 30.410417563995804,
    "avg_vertex_degree": 45.333333333333336,
    "edge_order_std_dev": 3.5496478698597698,
    "edge_weight_std_dev": 106.94492007238017,
    "induced_norm": 13258.942057902177,
    "max_edge_order": 15,
    "max_edge_weight": 2230.4019950842726,
    "max_vertex_degree": 64,
    "min_edge_order": 8.0,
    "min_edge_weight": 0.011607498875843447,
    "n_qubits": 15,
    "total_pstrings": 436
}