{
    "avg_edge_order": 1,
    "avg_edge_weight": 33.4095044293628,
    "avg_vertex_degree": 12.0,
    "edge_order_std_dev": 1.7320508075688772,
    "edge_weight_std_dev": 60.92011102752345,
    "induced_norm": 3073.674407501377,
    "max_edge_order": 7,
    "max_edge_weight": 595.282637127382,
    "max_vertex_degree": 16,
    "min_edge_order": 4.0,
    "min_edge_weight": 0.3838078954353854,
    "n_qubits": 7,
    "total_pstrings": 92
}