{
    "avg_edge_order": 1,
    "avg_edge_weight": 31.303238453233007,
    "avg_vertex_degree": 12.0,
    "edge_order_std_dev": 1.7320508075688772,
    "edge_weight_std_dev": 63.54936383706608,
    "induced_norm": 2879.8979376974353,
    "max_edge_order": 7,
    "max_edge_weight": 622.210629676728,
    "max_vertex_degree": 16,
    "min_edge_order": 4.0,
    "min_edge_weight": 0.04324987551814985,
    "n_qubits": 7,
    "total_pstrings": 92
}