{
    "avg_edge_order": 1,
    "avg_edge_weight": 31.156606055190895,
    "avg_vertex_degree": 45.333333333333336,
    "edge_order_std_dev": 3.5496478698597698,
    "edge_weight_std_dev": 100.9292895007038,
    "induced_norm": 13584.280240063224,
    "max_edge_order": 15,
    "max_edge_weight": 1965.255745142394,
    "max_vertex_degree": 64,
    "min_edge_order": 8.0,
    "min_edge_weight": 0.08050786678431976,
    "n_qubits": 15,
    "total_pstrings": 436
}