{
    "avg_edge_order": 1,
    "avg_edge_weight": 30.84479345440347,
    "avg_vertex_degree": 45.333333333333336,
    "edge_order_std_dev": 3.5496478698597698,
    "edge_weight_std_dev": 114.83340747387633,
    "induced_norm": 13448.329946119913,
    "max_edge_order": 15,
    "max_edge_weight": 2381.8037142372777,
    "max_vertex_degree": 64,
    "min_edge_order": 8.0,
    "min_edge_weight": 0.035145927393714915,
    "n_qubits": 15,
    "total_pstrings": 436
}