{
    "avg_edge_order": 1,
    "avg_edge_weight": 32.32028106005366,
    "avg_vertex_degree": 12.0,
    "edge_order_std_dev": 1.7320508075688772,
    "edge_weight_std_dev": 59.221731386717366,
    "induced_norm": 2973.4658575249373,
    "max_edge_order": 7,
    "max_edge_weight": 580.4918423911382,
    "max_vertex_degree": 16,
    "min_edge_order": 4.0,
    "min_edge_weight": 1.7500945273827284,
    "n_qubits": 7,
    "total_pstrings": 92
}