{
    "avg_edge_order": 1,
    "avg_edge_weight": 34.46730114481188,
    "avg_vertex_degree": 12.0,
    "edge_order_std_dev": 1.7320508075688772,
    "edge_weight_std_dev": 63.81755769002707,
    "induced_norm": 3170.9917053226936,
    "max_edge_order": 7,
    "max_edge_weight": 617.5567598572204,
    "max_vertex_degree": 16,
    "min_edge_order": 4.0,
    "min_edge_weight": 0.3637448638284635,
    "n_qubits": 7,
    "total_pstrings": 92
}