{
    "avg_edge_order": 1,
    "avg_edge_weight": 33.303554613790084,
    "avg_vertex_degree": 45.333333333333336,
    "edge_order_std_dev": 3.5496478698597698,
    "edge_weight_std_dev": 123.80897124377681,
    "induced_norm": 14520.349811612467,
    "max_edge_order": 15,
    "max_edge_weight": 2533.5318878740245,
    "max_vertex_degree": 64,
    "min_edge_order": 8.0,
    "min_edge_weight": 0.24922838422703486,
    "n_qubits": 15,
    "total_pstrings": 436
}