{
    "avg_edge_order": 1,
    "avg_edge_weight": 32.585597189112775,
    "avg_vertex_degree": 12.0,
    "edge_order_std_dev": 1.7320508075688772,
    "edge_weight_std_dev": 57.20294845846667,
    "induced_norm": 2997.8749413983774,
    "max_edge_order": 7,
    "max_edge_weight": 560.9546334829218,
    "max_vertex_degree": 16,
    "min_edge_order": 4.0,
    "min_edge_weight": 0.2967817129747863,
    "n_qubits": 7,
    "total_pstrings": 92
}