{
    "avg_edge_order": 1,
    "avg_edge_weight": 30.917624983487386,
    "avg_vertex_degree": 45.333333333333336,
    "edge_order_std_dev": 3.5496478698597698,
    "edge_weight_std_dev": 93.66975670863248,
    "induced_norm": 13480.084492800508,
    "max_edge_order": 15,
    "max_edge_weight": 1959.357131189239,
    "max_vertex_degree": 64,
    "min_edge_order": 8.0,
    "min_edge_weight": 0.18396626750158163,
    "n_qubits": 15,
    "total_pstrings": 436
}