{
    "avg_edge_order": 1,
    "avg_edge_weight": 28.1046163012035,
    "avg_vertex_degree": 18.333333333333332,
    "clustering_coefficient": 0.33291911153650744,
    "edge_order_std_dev": 2.1908902300206643,
    "edge_weight_std_dev": 59.37819567424164,
    "induced_norm": 4328.1109103853405,
    "max_edge_order": 9,
    "max_edge_weight": 743.7470293028457,
    "max_vertex_degree": 25,
    "min_edge_order": 5.0,
    "min_edge_weight": 0.2044383556931928,
    "n_qubits": 9,
    "total_pstrings": 154
}