{
    "avg_edge_order": 1,
    "avg_edge_weight": 34.61281830955172,
    "avg_vertex_degree": 12.0,
    "edge_order_std_dev": 1.7320508075688772,
    "edge_weight_std_dev": 68.42400653401663,
    "induced_norm": 3184.37928447876,
    "max_edge_order": 7,
    "max_edge_weight": 665.1576279568592,
    "max_vertex_degree": 16,
    "min_edge_order": 4.0,
    "min_edge_weight": 0.23179097142716487,
    "n_qubits": 7,
    "total_pstrings": 92
}