{
    "avg_edge_order": 1,
    "avg_edge_weight": 34.14830754187534,
    "avg_vertex_degree": 12.0,
    "edge_order_std_dev": 1.7320508075688772,
    "edge_weight_std_dev": 60.46113684517071,
    "induced_norm": 3141.644293852533,
    "max_edge_order": 7,
    "max_edge_weight": 592.6833234559405,
    "max_vertex_degree": 16,
    "min_edge_order": 4.0,
    "min_edge_weight": 2.7944639572239183,
    "n_qubits": 7,
    "total_pstrings": 92
}