{
    "avg_edge_order": 1,
    "avg_edge_weight": 32.69952349586595,
    "avg_vertex_degree": 45.333333333333336,
    "edge_order_std_dev": 3.5496478698597698,
    "edge_weight_std_dev": 126.95195005645778,
    "induced_norm": 14256.992244197561,
    "max_edge_order": 15,
    "max_edge_weight": 2564.3153876736055,
    "max_vertex_degree": 64,
    "min_edge_order": 8.0,
    "min_edge_weight": 0.024591851640582973,
    "n_qubits": 15,
    "total_pstrings": 436
}