{
    "avg_edge_order": 1,
    "avg_edge_weight": 30.99748940728271,
    "avg_vertex_degree": 30.333333333333332,
    "edge_order_std_dev": 2.8722813232690143,
    "edge_weight_std_dev": 72.8120458090638,
    "induced_norm": 8586.30456581732,
    "max_edge_order": 12,
    "max_edge_weight": 1216.5926988122046,
    "max_vertex_degree": 42,
    "min_edge_order": 6.5,
    "min_edge_weight": 0.44891876577645107,
    "n_qubits": 12,
    "total_pstrings": 277
}