{
    "avg_edge_order": 1,
    "avg_edge_weight": 34.989049150198085,
    "avg_vertex_degree": 22.0,
    "edge_order_std_dev": 2.4186773244895647,
    "edge_weight_std_dev": 91.49168882561386,
    "induced_norm": 6682.908387687836,
    "max_edge_order": 10,
    "max_edge_weight": 1104.2134828878507,
    "max_vertex_degree": 30,
    "min_edge_order": 5.5,
    "min_edge_weight": 0.3039536688504707,
    "n_qubits": 10,
    "total_pstrings": 191
}