{
    "avg_edge_order": 1,
    "avg_edge_weight": 31.212154570155356,
    "avg_vertex_degree": 12.0,
    "edge_order_std_dev": 1.7320508075688772,
    "edge_weight_std_dev": 57.489614694976495,
    "induced_norm": 2902.730375024447,
    "max_edge_order": 7,
    "max_edge_weight": 560.9371467463832,
    "max_vertex_degree": 16,
    "min_edge_order": 4.0,
    "min_edge_weight": 0.058047744734701645,
    "n_qubits": 7,
    "total_pstrings": 93
}