{
    "avg_edge_order": 1,
    "avg_edge_weight": 32.405443849433496,
    "avg_vertex_degree": 45.333333333333336,
    "edge_order_std_dev": 3.5496478698597698,
    "edge_weight_std_dev": 112.6381856496454,
    "induced_norm": 14128.773518353013,
    "max_edge_order": 15,
    "max_edge_weight": 2289.3820151717914,
    "max_vertex_degree": 64,
    "min_edge_order": 8.0,
    "min_edge_weight": 0.04962482109996458,
    "n_qubits": 15,
    "total_pstrings": 436
}