{
    "avg_edge_order": 1,
    "avg_edge_weight": 31.48538072191305,
    "avg_vertex_degree": 45.333333333333336,
    "edge_order_std_dev": 3.5496478698597698,
    "edge_weight_std_dev": 91.97715072511762,
    "induced_norm": 13727.625994754086,
    "max_edge_order": 15,
    "max_edge_weight": 1581.823523807634,
    "max_vertex_degree": 64,
    "min_edge_order": 8.0,
    "min_edge_weight": 0.12277565020640324,
    "n_qubits": 15,
    "total_pstrings": 436
}