{
    "avg_edge_order": 1,
    "avg_edge_weight": 32.72407998689201,
    "avg_vertex_degree": 12.0,
    "edge_order_std_dev": 1.7320508075688772,
    "edge_weight_std_dev": 61.13964890336528,
    "induced_norm": 3043.3394387809576,
    "max_edge_order": 7,
    "max_edge_weight": 599.9534413021607,
    "max_vertex_degree": 16,
    "min_edge_order": 4.0,
    "min_edge_weight": 1.336470042581861,
    "n_qubits": 7,
    "total_pstrings": 93
}