{
    "avg_edge_order": 1,
    "avg_edge_weight": 31.539072603578667,
    "avg_vertex_degree": 45.333333333333336,
    "edge_order_std_dev": 3.5496478698597698,
    "edge_weight_std_dev": 110.86506773920408,
    "induced_norm": 13751.035655160296,
    "max_edge_order": 15,
    "max_edge_weight": 2167.2461182882435,
    "max_vertex_degree": 64,
    "min_edge_order": 8.0,
    "min_edge_weight": 0.05053232584555922,
    "n_qubits": 15,
    "total_pstrings": 436
}