{
    "avg_edge_order": 1,
    "avg_edge_weight": 34.748418432138436,
    "avg_vertex_degree": 12.0,
    "edge_order_std_dev": 1.7320508075688772,
    "edge_weight_std_dev": 63.67484214460326,
    "induced_norm": 3231.6029141888735,
    "max_edge_order": 7,
    "max_edge_weight": 585.8927357493006,
    "max_vertex_degree": 16,
    "min_edge_order": 4.0,
    "min_edge_weight": 0.05536047624600826,
    "n_qubits": 7,
    "total_pstrings": 93
}