{
    "avg_edge_order": 1,
    "avg_edge_weight": 30.80065794530747,
    "avg_vertex_degree": 12.0,
    "edge_order_std_dev": 1.7320508075688772,
    "edge_weight_std_dev": 56.91004203329778,
    "induced_norm": 2864.4611889135945,
    "max_edge_order": 7,
    "max_edge_weight": 552.9779288385405,
    "max_vertex_degree": 16,
    "min_edge_order": 4.0,
    "min_edge_weight": 0.08165781341912814,
    "n_qubits": 7,
    "total_pstrings": 93
}