{
    "avg_edge_order": 1,
    "avg_edge_weight": 34.05260879901091,
    "avg_vertex_degree": 45.333333333333336,
    "edge_order_std_dev": 3.5496478698597698,
    "edge_weight_std_dev": 125.21725059072239,
    "induced_norm": 14846.937436368766,
    "max_edge_order": 15,
    "max_edge_weight": 2353.699238315894,
    "max_vertex_degree": 64,
    "min_edge_order": 8.0,
    "min_edge_weight": 0.2638533832048964,
    "n_qubits": 15,
    "total_pstrings": 436
}