{
    "avg_edge_order": 1,
    "avg_edge_weight": 35.31730167825801,
    "avg_vertex_degree": 12.0,
    "edge_order_std_dev": 1.7320508075688772,
    "edge_weight_std_dev": 63.305148478150585,
    "induced_norm": 3284.5090560779954,
    "max_edge_order": 7,
    "max_edge_weight": 616.3949139454326,
    "max_vertex_degree": 16,
    "min_edge_order": 4.0,
    "min_edge_weight": 0.6943972807789969,
    "n_qubits": 7,
    "total_pstrings": 93
}