{
    "avg_edge_order": 1,
    "avg_edge_weight": 34.58466984672389,
    "avg_vertex_degree": 45.333333333333336,
    "edge_order_std_dev": 3.5496478698597698,
    "edge_weight_std_dev": 115.08282854716887,
    "induced_norm": 15078.916053171615,
    "max_edge_order": 15,
    "max_edge_weight": 2026.8624124728904,
    "max_vertex_degree": 64,
    "min_edge_order": 8.0,
    "min_edge_weight": 0.14538490237205082,
    "n_qubits": 15,
    "total_pstrings": 436
}