{
    "avg_edge_order": 1,
    "avg_edge_weight": 34.08664266414856,
    "avg_vertex_degree": 12.0,
    "edge_order_std_dev": 1.7320508075688772,
    "edge_weight_std_dev": 59.43290881766322,
    "induced_norm": 3170.057767765815,
    "max_edge_order": 7,
    "max_edge_weight": 576.4515743369845,
    "max_vertex_degree": 16,
    "min_edge_order": 4.0,
    "min_edge_weight": 0.15997401988676052,
    "n_qubits": 7,
    "total_pstrings": 93
}