{
    "avg_edge_order": 1,
    "avg_edge_weight": 33.00267717759677,
    "avg_vertex_degree": 45.333333333333336,
    "edge_order_std_dev": 3.5496478698597698,
    "edge_weight_std_dev": 102.47043059946935,
    "induced_norm": 14389.167249432197,
    "max_edge_order": 15,
    "max_edge_weight": 1779.830922949195,
    "max_vertex_degree": 64,
    "min_edge_order": 8.0,
    "min_edge_weight": 0.2959427027868944,
    "n_qubits": 15,
    "total_pstrings": 436
}