{
    "avg_edge_order": 1,
    "avg_edge_weight": 32.92102520368552,
    "avg_vertex_degree": 18.333333333333332,
    "clustering_coefficient": 0.33291911153650744,
    "edge_order_std_dev": 2.1908902300206643,
    "edge_weight_std_dev": 69.49560202010738,
    "induced_norm": 5069.837881367569,
    "max_edge_order": 9,
    "max_edge_weight": 873.770834611028,
    "max_vertex_degree": 25,
    "min_edge_order": 5.0,
    "min_edge_weight": 0.2606794377818744,
    "n_qubits": 9,
    "total_pstrings": 154
}