{
    "avg_edge_order": 1,
    "avg_edge_weight": 34.325238212923935,
    "avg_vertex_degree": 45.333333333333336,
    "edge_order_std_dev": 3.5496478698597698,
    "edge_weight_std_dev": 131.56803173618943,
    "induced_norm": 14965.803860834832,
    "max_edge_order": 15,
    "max_edge_weight": 2279.184098233336,
    "max_vertex_degree": 64,
    "min_edge_order": 8.0,
    "min_edge_weight": 0.009739709706764188,
    "n_qubits": 15,
    "total_pstrings": 436
}