{
    "avg_edge_order": 1,
    "avg_edge_weight": 32.57035556202446,
    "avg_vertex_degree": 45.333333333333336,
    "edge_order_std_dev": 3.5496478698597698,
    "edge_weight_std_dev": 116.20499270110521,
    "induced_norm": 14200.675025042665,
    "max_edge_order": 15,
    "max_edge_weight": 2371.9170406070707,
    "max_vertex_degree": 64,
    "min_edge_order": 8.0,
    "min_edge_weight": 0.2043140491025106,
    "n_qubits": 15,
    "total_pstrings": 436
}