{
    "avg_edge_order": 1,
    "avg_edge_weight": 33.13498111669585,
    "avg_vertex_degree": 12.0,
    "edge_order_std_dev": 1.7320508075688772,
    "edge_weight_std_dev": 60.56025505877252,
    "induced_norm": 3081.5532438527143,
    "max_edge_order": 7,
    "max_edge_weight": 587.0452105140071,
    "max_vertex_degree": 16,
    "min_edge_order": 4.0,
    "min_edge_weight": 0.46255066283760016,
    "n_qubits": 7,
    "total_pstrings": 93
}