{
    "avg_edge_order": 1,
    "avg_edge_weight": 31.042257277860333,
    "avg_vertex_degree": 18.333333333333332,
    "clustering_coefficient": 0.33291911153650744,
    "edge_order_std_dev": 2.1908902300206643,
    "edge_weight_std_dev": 64.747442694765,
    "induced_norm": 4780.507620790497,
    "max_edge_order": 9,
    "max_edge_weight": 812.9307207523939,
    "max_vertex_degree": 25,
    "min_edge_order": 5.0,
    "min_edge_weight": 0.21305617228949458,
    "n_qubits": 9,
    "total_pstrings": 154
}