{
    "avg_edge_order": 1,
    "avg_edge_weight": 32.576466966732575,
    "avg_vertex_degree": 45.333333333333336,
    "edge_order_std_dev": 3.5496478698597698,
    "edge_weight_std_dev": 97.9635900412886,
    "induced_norm": 14203.339597495395,
    "max_edge_order": 15,
    "max_edge_weight": 1649.6081846257018,
    "max_vertex_degree": 64,
    "min_edge_order": 8.0,
    "min_edge_weight": 0.13399127582230985,
    "n_qubits": 15,
    "total_pstrings": 436
}