{
    "avg_edge_order": 1,
    "avg_edge_weight": 29.44486595333353,
    "avg_vertex_degree": 30.333333333333332,
    "edge_order_std_dev": 2.8722813232690143,
    "edge_weight_std_dev": 74.61654633821733,
    "induced_norm": 8185.672735026721,
    "max_edge_order": 12,
    "max_edge_weight": 1241.6564093527145,
    "max_vertex_degree": 42,
    "min_edge_order": 6.5,
    "min_edge_weight": 0.11087385406910455,
    "n_qubits": 12,
    "total_pstrings": 278
}