{
    "avg_edge_order": 1,
    "avg_edge_weight": 30.830093941826657,
    "avg_vertex_degree": 12.0,
    "edge_order_std_dev": 1.7320508075688772,
    "edge_weight_std_dev": 55.85307223679645,
    "induced_norm": 2867.1987365898794,
    "max_edge_order": 7,
    "max_edge_weight": 526.6550904326579,
    "max_vertex_degree": 16,
    "min_edge_order": 4.0,
    "min_edge_weight": 0.027432871812813175,
    "n_qubits": 7,
    "total_pstrings": 93
}