{
    "avg_edge_order": 1,
    "avg_edge_weight": 31.51571933610651,
    "avg_vertex_degree": 45.333333333333336,
    "edge_order_std_dev": 3.5496478698597698,
    "edge_weight_std_dev": 87.14273995881013,
    "induced_norm": 13740.853630542437,
    "max_edge_order": 15,
    "max_edge_weight": 1571.234447186324,
    "max_vertex_degree": 64,
    "min_edge_order": 8.0,
    "min_edge_weight": 0.10320534204598664,
    "n_qubits": 15,
    "total_pstrings": 436
}