{
    "avg_edge_order": 1,
    "avg_edge_weight": 30.445297115900242,
    "avg_vertex_degree": 18.333333333333332,
    "clustering_coefficient": 0.33291911153650744,
    "edge_order_std_dev": 2.1908902300206643,
    "edge_weight_std_dev": 62.416252468708656,
    "induced_norm": 4688.575755848636,
    "max_edge_order": 9,
    "max_edge_weight": 779.6050017768883,
    "max_vertex_degree": 25,
    "min_edge_order": 5.0,
    "min_edge_weight": 0.2797943032101846,
    "n_qubits": 9,
    "total_pstrings": 154
}