{
    "avg_edge_order": 1,
    "avg_edge_weight": 33.298007256263304,
    "avg_vertex_degree": 45.333333333333336,
    "edge_order_std_dev": 3.5496478698597698,
    "edge_weight_std_dev": 106.32636321463235,
    "induced_norm": 14517.9311637308,
    "max_edge_order": 15,
    "max_edge_weight": 1876.0168529751481,
    "max_vertex_degree": 64,
    "min_edge_order": 8.0,
    "min_edge_weight": 0.029605993084551585,
    "n_qubits": 15,
    "total_pstrings": 436
}