{
    "avg_edge_order": 1,
    "avg_edge_weight": 32.362096651423954,
    "avg_vertex_degree": 12.0,
    "edge_order_std_dev": 1.7320508075688772,
    "edge_weight_std_dev": 57.54166705673851,
    "induced_norm": 3009.6749885824274,
    "max_edge_order": 7,
    "max_edge_weight": 548.6228508431063,
    "max_vertex_degree": 16,
    "min_edge_order": 4.0,
    "min_edge_weight": 0.8073989064371122,
    "n_qubits": 7,
    "total_pstrings": 93
}