{
    "avg_edge_order": 1,
    "avg_edge_weight": 32.69865925898556,
    "avg_vertex_degree": 45.333333333333336,
    "edge_order_std_dev": 3.5496478698597698,
    "edge_weight_std_dev": 103.48942202149512,
    "induced_norm": 14256.615436917706,
    "max_edge_order": 15,
    "max_edge_weight": 1843.8963215552074,
    "max_vertex_degree": 64,
    "min_edge_order": 8.0,
    "min_edge_weight": 0.0769487137465159,
    "n_qubits": 15,
    "total_pstrings": 436
}