{
    "avg_edge_order": 1,
    "avg_edge_weight": 33.683987049793714,
    "avg_vertex_degree": 12.0,
    "edge_order_std_dev": 1.7320508075688772,
    "edge_weight_std_dev": 59.182395180648534,
    "induced_norm": 3132.610795630816,
    "max_edge_order": 7,
    "max_edge_weight": 560.1127250579577,
    "max_vertex_degree": 16,
    "min_edge_order": 4.0,
    "min_edge_weight": 2.5701586355558916,
    "n_qubits": 7,
    "total_pstrings": 93
}