{
    "avg_edge_order": 1,
    "avg_edge_weight": 36.19913497950984,
    "avg_vertex_degree": 12.0,
    "edge_order_std_dev": 1.7320508075688772,
    "edge_weight_std_dev": 66.90722129777613,
    "induced_norm": 3366.5195530944143,
    "max_edge_order": 7,
    "max_edge_weight": 619.6200491579166,
    "max_vertex_degree": 16,
    "min_edge_order": 4.0,
    "min_edge_weight": 0.9329766424824584,
    "n_qubits": 7,
    "total_pstrings": 93
}