{
    "avg_edge_order": 1,
    "avg_edge_weight": 31.998986087251286,
    "avg_vertex_degree": 12.0,
    "edge_order_std_dev": 1.7320508075688772,
    "edge_weight_std_dev": 52.83850037015787,
    "induced_norm": 2975.905706114368,
    "max_edge_order": 7,
    "max_edge_weight": 499.06927817941306,
    "max_vertex_degree": 16,
    "min_edge_order": 4.0,
    "min_edge_weight": 0.128459163481337,
    "n_qubits": 7,
    "total_pstrings": 93
}