{
    "avg_edge_order": 1,
    "avg_edge_weight": 32.011889467125194,
    "avg_vertex_degree": 45.333333333333336,
    "edge_order_std_dev": 3.5496478698597698,
    "edge_weight_std_dev": 107.45146295744016,
    "induced_norm": 13957.183807666577,
    "max_edge_order": 15,
    "max_edge_weight": 1619.1444846022378,
    "max_vertex_degree": 64,
    "min_edge_order": 8.0,
    "min_edge_weight": 0.019989468023222656,
    "n_qubits": 15,
    "total_pstrings": 436
}