{
    "avg_edge_order": 1,
    "avg_edge_weight": 29.616490676355173,
    "avg_vertex_degree": 12.0,
    "edge_order_std_dev": 1.7320508075688772,
    "edge_weight_std_dev": 54.04992384546201,
    "induced_norm": 2754.3336329010313,
    "max_edge_order": 7,
    "max_edge_weight": 522.8634620742185,
    "max_vertex_degree": 16,
    "min_edge_order": 4.0,
    "min_edge_weight": 0.6985238303993723,
    "n_qubits": 7,
    "total_pstrings": 93
}