{
    "avg_edge_order": 1,
    "avg_edge_weight": 32.628677266451184,
    "avg_vertex_degree": 45.333333333333336,
    "edge_order_std_dev": 3.5496478698597698,
    "edge_weight_std_dev": 120.10239951170844,
    "induced_norm": 14226.103288172711,
    "max_edge_order": 15,
    "max_edge_weight": 2265.8524948807635,
    "max_vertex_degree": 64,
    "min_edge_order": 8.0,
    "min_edge_weight": 0.021630340879252863,
    "n_qubits": 15,
    "total_pstrings": 436
}