{
    "avg_edge_order": 1,
    "avg_edge_weight": 33.333119755197025,
    "avg_vertex_degree": 12.0,
    "edge_order_std_dev": 1.7320508075688772,
    "edge_weight_std_dev": 52.521369600377625,
    "induced_norm": 3099.980137233322,
    "max_edge_order": 7,
    "max_edge_weight": 505.4683677515393,
    "max_vertex_degree": 16,
    "min_edge_order": 4.0,
    "min_edge_weight": 0.6704071219864574,
    "n_qubits": 7,
    "total_pstrings": 93
}