{
    "avg_edge_order": 1,
    "avg_edge_weight": 34.868320065262836,
    "avg_vertex_degree": 45.333333333333336,
    "edge_order_std_dev": 3.5496478698597698,
    "edge_weight_std_dev": 120.78898092735587,
    "induced_norm": 15202.587548454589,
    "max_edge_order": 15,
    "max_edge_weight": 1860.5775317722237,
    "max_vertex_degree": 64,
    "min_edge_order": 8.0,
    "min_edge_weight": 0.07038036495499256,
    "n_qubits": 15,
    "total_pstrings": 436
}