{
    "avg_edge_order": 1,
    "avg_edge_weight": 32.60205895892596,
    "avg_vertex_degree": 12.0,
    "edge_order_std_dev": 1.7320508075688772,
    "edge_weight_std_dev": 58.3830054420599,
    "induced_norm": 3031.9914831801143,
    "max_edge_order": 7,
    "max_edge_weight": 563.364903004704,
    "max_vertex_degree": 16,
    "min_edge_order": 4.0,
    "min_edge_weight": 0.013151610223566479,
    "n_qubits": 7,
    "total_pstrings": 93
}