{
    "avg_edge_order": 1,
    "avg_edge_weight": 33.94540973044438,
    "avg_vertex_degree": 45.333333333333336,
    "edge_order_std_dev": 3.5496478698597698,
    "edge_weight_std_dev": 123.29746577668722,
    "induced_norm": 14800.198642473752,
    "max_edge_order": 15,
    "max_edge_weight": 2119.543558053736,
    "max_vertex_degree": 64,
    "min_edge_order": 8.0,
    "min_edge_weight": 0.09074496135342258,
    "n_qubits": 15,
    "total_pstrings": 436
}