{
    "avg_edge_order": 1,
    "avg_edge_weight": 33.48399775395911,
    "avg_vertex_degree": 45.333333333333336,
    "edge_order_std_dev": 3.5496478698597698,
    "edge_weight_std_dev": 114.25654933780605,
    "induced_norm": 14599.023020726165,
    "max_edge_order": 15,
    "max_edge_weight": 2051.9303660067308,
    "max_vertex_degree": 64,
    "min_edge_order": 8.0,
    "min_edge_weight": 0.21717952427071907,
    "n_qubits": 15,
    "total_pstrings": 436
}