{
    "avg_edge_order": 1,
    "avg_edge_weight": 30.74945568221505,
    "avg_vertex_degree": 30.333333333333332,
    "edge_order_std_dev": 2.8722813232690143,
    "edge_weight_std_dev": 68.34215789297099,
    "induced_norm": 8640.59704670243,
    "max_edge_order": 12,
    "max_edge_weight": 1134.3609323209064,
    "max_vertex_degree": 42,
    "min_edge_order": 6.5,
    "min_edge_weight": 0.40756632596941955,
    "n_qubits": 12,
    "total_pstrings": 281
}