{
    "avg_edge_order": 1,
    "avg_edge_weight": 42.61802439568968,
    "avg_vertex_degree": 22.0,
    "edge_order_std_dev": 2.4186773244895647,
    "edge_weight_std_dev": 140.20991377282536,
    "induced_norm": 8140.042659576729,
    "max_edge_order": 10,
    "max_edge_weight": 1288.7987156925956,
    "max_vertex_degree": 30,
    "min_edge_order": 5.5,
    "min_edge_weight": 0.026886422176087166,
    "n_qubits": 10,
    "total_pstrings": 191
}