{
    "avg_edge_order": 1,
    "avg_edge_weight": 0.3457097085835241,
    "avg_vertex_degree": 11.857142857142858,
    "clustering_coefficient": 0.42287682231527784,
    "edge_order_std_dev": 1.7106736722215758,
    "edge_weight_std_dev": 0.5663888447527493,
    "induced_norm": 33.18813202401832,
    "max_edge_order": 7,
    "max_edge_weight": 5.080481118616552,
    "max_vertex_degree": 16,
    "min_edge_order": 4.036144578313253,
    "min_edge_weight": 0.008911268981864395,
    "n_qubits": 7,
    "total_pstrings": 96
}