{
    "avg_edge_order": 1,
    "avg_edge_weight": 30.828861793946402,
    "avg_vertex_degree": 51.0,
    "edge_order_std_dev": 3.774917217635375,
    "edge_weight_std_dev": 116.79467463281826,
    "induced_norm": 15321.94431159137,
    "max_edge_order": 16,
    "max_edge_weight": 2612.1374676115634,
    "max_vertex_degree": 72,
    "min_edge_order": 8.5,
    "min_edge_weight": 0.022175065952694695,
    "n_qubits": 16,
    "total_pstrings": 497
}