{
    "avg_edge_order": 1,
    "avg_edge_weight": 34.899926748871174,
    "avg_vertex_degree": 12.0,
    "edge_order_std_dev": 1.7320508075688772,
    "edge_weight_std_dev": 58.592083448388536,
    "induced_norm": 3350.3929678916325,
    "max_edge_order": 7,
    "max_edge_weight": 525.3102618536873,
    "max_vertex_degree": 16,
    "min_edge_order": 4.0,
    "min_edge_weight": 1.115326894511817,
    "n_qubits": 7,
    "total_pstrings": 96
}