{
    "avg_edge_order": 1,
    "avg_edge_weight": 32.8383792087156,
    "avg_vertex_degree": 12.0,
    "edge_order_std_dev": 1.7320508075688772,
    "edge_weight_std_dev": 54.189863176240415,
    "induced_norm": 3152.484404036698,
    "max_edge_order": 7,
    "max_edge_weight": 509.89362972194584,
    "max_vertex_degree": 16,
    "min_edge_order": 4.0,
    "min_edge_weight": 0.37736523109663245,
    "n_qubits": 7,
    "total_pstrings": 96
}