{
    "avg_edge_order": 1,
    "avg_edge_weight": 31.34106587665176,
    "avg_vertex_degree": 51.0,
    "edge_order_std_dev": 3.774917217635375,
    "edge_weight_std_dev": 113.35452406919539,
    "induced_norm": 15576.509740695916,
    "max_edge_order": 16,
    "max_edge_weight": 2347.777636713846,
    "max_vertex_degree": 72,
    "min_edge_order": 8.5,
    "min_edge_weight": 0.1449480802951797,
    "n_qubits": 16,
    "total_pstrings": 497
}