{
    "avg_edge_order": 1,
    "avg_edge_weight": 35.731906644517046,
    "avg_vertex_degree": 12.0,
    "edge_order_std_dev": 1.7320508075688772,
    "edge_weight_std_dev": 62.63605714728297,
    "induced_norm": 3430.263037873638,
    "max_edge_order": 7,
    "max_edge_weight": 559.4851077106625,
    "max_vertex_degree": 16,
    "min_edge_order": 4.0,
    "min_edge_weight": 1.9345198894787252,
    "n_qubits": 7,
    "total_pstrings": 96
}