{
    "avg_edge_order": 1,
    "avg_edge_weight": 31.48202796857652,
    "avg_vertex_degree": 51.0,
    "edge_order_std_dev": 3.774917217635375,
    "edge_weight_std_dev": 116.56062565343727,
    "induced_norm": 15646.567900382519,
    "max_edge_order": 16,
    "max_edge_weight": 2589.018290799476,
    "max_vertex_degree": 72,
    "min_edge_order": 8.5,
    "min_edge_weight": 0.022650459659184108,
    "n_qubits": 16,
    "total_pstrings": 497
}