{
    "avg_edge_order": 1,
    "avg_edge_weight": 34.32642933553454,
    "avg_vertex_degree": 12.0,
    "edge_order_std_dev": 1.7320508075688772,
    "edge_weight_std_dev": 62.180385181623656,
    "induced_norm": 3295.3372162113164,
    "max_edge_order": 7,
    "max_edge_weight": 587.9385556546076,
    "max_vertex_degree": 16,
    "min_edge_order": 4.0,
    "min_edge_weight": 0.2958978656647133,
    "n_qubits": 7,
    "total_pstrings": 96
}