{
    "avg_edge_order": 1,
    "avg_edge_weight": 29.206533180285415,
    "avg_vertex_degree": 51.0,
    "edge_order_std_dev": 3.774917217635375,
    "edge_weight_std_dev": 88.91282780896998,
    "induced_norm": 14515.646990601863,
    "max_edge_order": 16,
    "max_edge_weight": 1978.8170297532472,
    "max_vertex_degree": 72,
    "min_edge_order": 8.5,
    "min_edge_weight": 0.10066940234117538,
    "n_qubits": 16,
    "total_pstrings": 497
}