{
    "avg_edge_order": 1,
    "avg_edge_weight": 36.990129398083305,
    "avg_vertex_degree": 12.0,
    "edge_order_std_dev": 1.7320508075688772,
    "edge_weight_std_dev": 59.066423846108414,
    "induced_norm": 3551.052422215998,
    "max_edge_order": 7,
    "max_edge_weight": 558.7300070173162,
    "max_vertex_degree": 16,
    "min_edge_order": 4.0,
    "min_edge_weight": 0.06866188859818134,
    "n_qubits": 7,
    "total_pstrings": 96
}