{
    "avg_edge_order": 1,
    "avg_edge_weight": 37.367007645218344,
    "avg_vertex_degree": 12.0,
    "edge_order_std_dev": 1.7320508075688772,
    "edge_weight_std_dev": 66.16952007247748,
    "induced_norm": 3587.2327339409594,
    "max_edge_order": 7,
    "max_edge_weight": 615.9270749079009,
    "max_vertex_degree": 16,
    "min_edge_order": 4.0,
    "min_edge_weight": 0.09574687435347329,
    "n_qubits": 7,
    "total_pstrings": 96
}