{
    "avg_edge_order": 1,
    "avg_edge_weight": 31.311633802695084,
    "avg_vertex_degree": 51.0,
    "edge_order_std_dev": 3.774917217635375,
    "edge_weight_std_dev": 109.6166159827686,
    "induced_norm": 15561.881999939465,
    "max_edge_order": 16,
    "max_edge_weight": 2322.0647694469917,
    "max_vertex_degree": 72,
    "min_edge_order": 8.5,
    "min_edge_weight": 0.014126195426040766,
    "n_qubits": 16,
    "total_pstrings": 497
}