{
    "avg_edge_order": 1,
    "avg_edge_weight": 35.44014180090431,
    "avg_vertex_degree": 12.0,
    "edge_order_std_dev": 1.7320508075688772,
    "edge_weight_std_dev": 58.92653771474519,
    "induced_norm": 3402.2536128868123,
    "max_edge_order": 7,
    "max_edge_weight": 527.1785927336375,
    "max_vertex_degree": 16,
    "min_edge_order": 4.0,
    "min_edge_weight": 0.05949319522484142,
    "n_qubits": 7,
    "total_pstrings": 96
}