{
    "avg_edge_order": 1,
    "avg_edge_weight": 31.04611497928556,
    "avg_vertex_degree": 51.0,
    "edge_order_std_dev": 3.774917217635375,
    "edge_weight_std_dev": 99.72089229805717,
    "induced_norm": 15429.919144704929,
    "max_edge_order": 16,
    "max_edge_weight": 2093.8504051199548,
    "max_vertex_degree": 72,
    "min_edge_order": 8.5,
    "min_edge_weight": 0.10048378087931553,
    "n_qubits": 16,
    "total_pstrings": 497
}