{
    "avg_edge_order": 1,
    "avg_edge_weight": 36.66223648996219,
    "avg_vertex_degree": 12.0,
    "edge_order_std_dev": 1.7320508075688772,
    "edge_weight_std_dev": 65.09985541424766,
    "induced_norm": 3519.574703036371,
    "max_edge_order": 7,
    "max_edge_weight": 611.8828502742775,
    "max_vertex_degree": 16,
    "min_edge_order": 4.0,
    "min_edge_weight": 0.0004413601136565859,
    "n_qubits": 7,
    "total_pstrings": 96
}