{
    "avg_edge_order": 1,
    "avg_edge_weight": 40.469550276785846,
    "avg_vertex_degree": 12.0,
    "edge_order_std_dev": 1.7320508075688772,
    "edge_weight_std_dev": 67.31446804962819,
    "induced_norm": 3885.0768265714414,
    "max_edge_order": 7,
    "max_edge_weight": 614.3037171464622,
    "max_vertex_degree": 16,
    "min_edge_order": 4.0,
    "min_edge_weight": 0.26798435572545287,
    "n_qubits": 7,
    "total_pstrings": 96
}