{
    "avg_edge_order": 1,
    "avg_edge_weight": 30.37886040410019,
    "avg_vertex_degree": 51.0,
    "edge_order_std_dev": 3.774917217635375,
    "edge_weight_std_dev": 100.76595789340726,
    "induced_norm": 15098.293620837807,
    "max_edge_order": 16,
    "max_edge_weight": 2251.6838864216297,
    "max_vertex_degree": 72,
    "min_edge_order": 8.5,
    "min_edge_weight": 0.062288854984089426,
    "n_qubits": 16,
    "total_pstrings": 497
}