{
    "avg_edge_order": 1,
    "avg_edge_weight": 30.78085044169835,
    "avg_vertex_degree": 51.0,
    "edge_order_std_dev": 3.774917217635375,
    "edge_weight_std_dev": 116.80985229929642,
    "induced_norm": 15298.082669524068,
    "max_edge_order": 16,
    "max_edge_weight": 2588.8622060229263,
    "max_vertex_degree": 72,
    "min_edge_order": 8.5,
    "min_edge_weight": 0.127174556110371,
    "n_qubits": 16,
    "total_pstrings": 497
}