{
    "avg_edge_order": 1,
    "avg_edge_weight": 31.445627966851323,
    "avg_vertex_degree": 12.0,
    "edge_order_std_dev": 1.7320508075688772,
    "edge_weight_std_dev": 56.21625455440362,
    "induced_norm": 3018.780284817727,
    "max_edge_order": 7,
    "max_edge_weight": 533.5099642167406,
    "max_vertex_degree": 16,
    "min_edge_order": 4.0,
    "min_edge_weight": 0.04596726688012609,
    "n_qubits": 7,
    "total_pstrings": 96
}