{
    "avg_edge_order": 1,
    "avg_edge_weight": 32.25372396411883,
    "avg_vertex_degree": 30.5,
    "edge_order_std_dev": 2.8835688121370495,
    "edge_weight_std_dev": 71.13055163260107,
    "induced_norm": 9289.072501666227,
    "max_edge_order": 12,
    "max_edge_weight": 1133.8561968371146,
    "max_vertex_degree": 42,
    "min_edge_order": 6.475409836065574,
    "min_edge_weight": 0.2295084933567182,
    "n_qubits": 12,
    "total_pstrings": 288
}