{
    "avg_edge_order": 1,
    "avg_edge_weight": 37.575721809577196,
    "avg_vertex_degree": 12.0,
    "edge_order_std_dev": 1.7320508075688772,
    "edge_weight_std_dev": 63.30777408920203,
    "induced_norm": 3607.2692937194097,
    "max_edge_order": 7,
    "max_edge_weight": 603.6593674961913,
    "max_vertex_degree": 16,
    "min_edge_order": 4.0,
    "min_edge_weight": 0.3658465472011514,
    "n_qubits": 7,
    "total_pstrings": 96
}