{
    "avg_edge_order": 1,
    "avg_edge_weight": 28.946008253553032,
    "avg_vertex_degree": 51.0,
    "edge_order_std_dev": 3.774917217635375,
    "edge_weight_std_dev": 97.9754112164163,
    "induced_norm": 14386.16610201585,
    "max_edge_order": 16,
    "max_edge_weight": 2185.30633234412,
    "max_vertex_degree": 72,
    "min_edge_order": 8.5,
    "min_edge_weight": 0.02381201979483194,
    "n_qubits": 16,
    "total_pstrings": 497
}