{
    "avg_edge_order": 1,
    "avg_edge_weight": 29.804095211991143,
    "avg_vertex_degree": 51.0,
    "edge_order_std_dev": 3.774917217635375,
    "edge_weight_std_dev": 103.9528476469774,
    "induced_norm": 14812.6353203596,
    "max_edge_order": 16,
    "max_edge_weight": 2286.2947285176256,
    "max_vertex_degree": 72,
    "min_edge_order": 8.5,
    "min_edge_weight": 0.00973279089582757,
    "n_qubits": 16,
    "total_pstrings": 497
}