{
    "avg_edge_order": 1,
    "avg_edge_weight": 30.746370735692135,
    "avg_vertex_degree": 51.0,
    "edge_order_std_dev": 3.774917217635375,
    "edge_weight_std_dev": 98.44903204421131,
    "induced_norm": 15280.946255638984,
    "max_edge_order": 16,
    "max_edge_weight": 2129.049334192833,
    "max_vertex_degree": 72,
    "min_edge_order": 8.5,
    "min_edge_weight": 0.13845043079320618,
    "n_qubits": 16,
    "total_pstrings": 497
}