{
    "avg_edge_order": 1,
    "avg_edge_weight": 34.67375133366375,
    "avg_vertex_degree": 12.0,
    "edge_order_std_dev": 1.7320508075688772,
    "edge_weight_std_dev": 63.611714635730124,
    "induced_norm": 3328.6801280317204,
    "max_edge_order": 7,
    "max_edge_weight": 599.1662067621696,
    "max_vertex_degree": 16,
    "min_edge_order": 4.0,
    "min_edge_weight": 0.5826254377457375,
    "n_qubits": 7,
    "total_pstrings": 96
}