{
    "avg_edge_order": 1,
    "avg_edge_weight": 31.78793594394304,
    "avg_vertex_degree": 51.0,
    "edge_order_std_dev": 3.774917217635375,
    "edge_weight_std_dev": 100.53666816249674,
    "induced_norm": 15798.604164139693,
    "max_edge_order": 16,
    "max_edge_weight": 2057.7201617318733,
    "max_vertex_degree": 72,
    "min_edge_order": 8.5,
    "min_edge_weight": 0.14017188940800374,
    "n_qubits": 16,
    "total_pstrings": 497
}