{
    "avg_edge_order": 1,
    "avg_edge_weight": 32.7016754232095,
    "avg_vertex_degree": 12.0,
    "edge_order_std_dev": 1.7320508075688772,
    "edge_weight_std_dev": 58.30018920163911,
    "induced_norm": 3139.360840628111,
    "max_edge_order": 7,
    "max_edge_weight": 564.5427085062482,
    "max_vertex_degree": 16,
    "min_edge_order": 4.0,
    "min_edge_weight": 0.18435141465497074,
    "n_qubits": 7,
    "total_pstrings": 96
}