{
    "avg_edge_order": 1,
    "avg_edge_weight": 34.46524014695752,
    "avg_vertex_degree": 12.0,
    "edge_order_std_dev": 1.7320508075688772,
    "edge_weight_std_dev": 56.66222966618559,
    "induced_norm": 3308.6630541079207,
    "max_edge_order": 7,
    "max_edge_weight": 554.5278517315992,
    "max_vertex_degree": 16,
    "min_edge_order": 4.0,
    "min_edge_weight": 0.8785931794450195,
    "n_qubits": 7,
    "total_pstrings": 96
}