{
    "avg_edge_order": 1,
    "avg_edge_weight": 34.70847355595881,
    "avg_vertex_degree": 12.0,
    "edge_order_std_dev": 1.7320508075688772,
    "edge_weight_std_dev": 56.87518749409463,
    "induced_norm": 3332.0134613720465,
    "max_edge_order": 7,
    "max_edge_weight": 523.9282990950747,
    "max_vertex_degree": 16,
    "min_edge_order": 4.0,
    "min_edge_weight": 1.0691827183341434,
    "n_qubits": 7,
    "total_pstrings": 96
}