{
    "avg_edge_order": 1,
    "avg_edge_weight": 28.806890098966463,
    "avg_vertex_degree": 51.0,
    "edge_order_std_dev": 3.774917217635375,
    "edge_weight_std_dev": 93.50858142082524,
    "induced_norm": 14317.024379186329,
    "max_edge_order": 16,
    "max_edge_weight": 2085.862271612691,
    "max_vertex_degree": 72,
    "min_edge_order": 8.5,
    "min_edge_weight": 0.1845759261117621,
    "n_qubits": 16,
    "total_pstrings": 497
}