{
    "avg_edge_order": 1,
    "avg_edge_weight": 32.13839176288284,
    "avg_vertex_degree": 12.0,
    "edge_order_std_dev": 1.7320508075688772,
    "edge_weight_std_dev": 55.722524005956146,
    "induced_norm": 3085.2856092367524,
    "max_edge_order": 7,
    "max_edge_weight": 544.5635062151421,
    "max_vertex_degree": 16,
    "min_edge_order": 4.0,
    "min_edge_weight": 0.1297294160308482,
    "n_qubits": 7,
    "total_pstrings": 96
}