{
    "avg_edge_order": 1,
    "avg_edge_weight": 34.49248362627238,
    "avg_vertex_degree": 12.0,
    "edge_order_std_dev": 1.7320508075688772,
    "edge_weight_std_dev": 61.36507597057341,
    "induced_norm": 3311.2784281221466,
    "max_edge_order": 7,
    "max_edge_weight": 577.1828698355146,
    "max_vertex_degree": 16,
    "min_edge_order": 4.0,
    "min_edge_weight": 0.1200413234327069,
    "n_qubits": 7,
    "total_pstrings": 96
}