{
    "avg_edge_order": 1,
    "avg_edge_weight": 31.753430314458303,
    "avg_vertex_degree": 51.0,
    "edge_order_std_dev": 3.774917217635375,
    "edge_weight_std_dev": 122.99089813358263,
    "induced_norm": 15781.45486628578,
    "max_edge_order": 16,
    "max_edge_weight": 2607.3709136861835,
    "max_vertex_degree": 72,
    "min_edge_order": 8.5,
    "min_edge_weight": 0.004130754294290329,
    "n_qubits": 16,
    "total_pstrings": 497
}