{
    "avg_edge_order": 1,
    "avg_edge_weight": 37.123336947485164,
    "avg_vertex_degree": 12.0,
    "edge_order_std_dev": 1.7320508075688772,
    "edge_weight_std_dev": 57.85556752824474,
    "induced_norm": 3563.8403469585764,
    "max_edge_order": 7,
    "max_edge_weight": 567.4902229565229,
    "max_vertex_degree": 16,
    "min_edge_order": 4.0,
    "min_edge_weight": 0.008813587231204512,
    "n_qubits": 7,
    "total_pstrings": 96
}