{
    "avg_edge_order": 1,
    "avg_edge_weight": 38.11213678072459,
    "avg_vertex_degree": 12.0,
    "edge_order_std_dev": 1.7320508075688772,
    "edge_weight_std_dev": 64.85138866484579,
    "induced_norm": 3658.7651309495614,
    "max_edge_order": 7,
    "max_edge_weight": 630.6271916445842,
    "max_vertex_degree": 16,
    "min_edge_order": 4.0,
    "min_edge_weight": 0.4597009113842141,
    "n_qubits": 7,
    "total_pstrings": 96
}