{
    "avg_edge_order": 1,
    "avg_edge_weight": 29.97534823569751,
    "avg_vertex_degree": 51.0,
    "edge_order_std_dev": 3.774917217635375,
    "edge_weight_std_dev": 93.1098625206551,
    "induced_norm": 14897.748073141665,
    "max_edge_order": 16,
    "max_edge_weight": 1995.0602382229122,
    "max_vertex_degree": 72,
    "min_edge_order": 8.5,
    "min_edge_weight": 0.347114286498712,
    "n_qubits": 16,
    "total_pstrings": 497
}