{
    "avg_edge_order": 1,
    "avg_edge_weight": 36.142907601745904,
    "avg_vertex_degree": 5.0,
    "clustering_coefficient": 0.4220077730200311,
    "edge_order_std_dev": 1.02469507659596,
    "edge_weight_std_dev": 51.49964261244796,
    "induced_norm": 1048.1443204506313,
    "max_edge_order": 4,
    "max_edge_weight": 284.35030114982646,
    "max_vertex_degree": 6,
    "min_edge_order": 2.5,
    "min_edge_weight": 0.22967170899917022,
    "n_qubits": 4,
    "total_pstrings": 29
}