{
    "avg_edge_order": 1,
    "avg_edge_weight": 38.55655133992167,
    "avg_vertex_degree": 22.0,
    "edge_order_std_dev": 2.4186773244895647,
    "edge_weight_std_dev": 150.26704385462307,
    "induced_norm": 7364.301305925037,
    "max_edge_order": 10,
    "max_edge_weight": 1739.3336630213516,
    "max_vertex_degree": 30,
    "min_edge_order": 5.5,
    "min_edge_weight": 0.15072358354979976,
    "n_qubits": 10,
    "total_pstrings": 191
}