{
    "avg_edge_order": 1,
    "avg_edge_weight": 36.327501360587284,
    "avg_vertex_degree": 30.5,
    "edge_order_std_dev": 2.8835688121370495,
    "edge_weight_std_dev": 74.51402908553163,
    "induced_norm": 11007.232912257947,
    "max_edge_order": 12,
    "max_edge_weight": 1150.5936840144068,
    "max_vertex_degree": 42,
    "min_edge_order": 6.475409836065574,
    "min_edge_weight": 0.06936403221907739,
    "n_qubits": 12,
    "total_pstrings": 303
}