{
    "avg_edge_order": 1,
    "avg_edge_weight": 31.583953215199468,
    "avg_vertex_degree": 51.0,
    "edge_order_std_dev": 3.774917217635375,
    "edge_weight_std_dev": 120.40789103035831,
    "induced_norm": 15697.224747954147,
    "max_edge_order": 16,
    "max_edge_weight": 2483.881637618713,
    "max_vertex_degree": 72,
    "min_edge_order": 8.5,
    "min_edge_weight": 0.08750096249783823,
    "n_qubits": 16,
    "total_pstrings": 497
}