{
    "avg_edge_order": 1,
    "avg_edge_weight": 37.9751475013274,
    "avg_vertex_degree": 12.285714285714286,
    "edge_order_std_dev": 1.738129017772539,
    "edge_weight_std_dev": 64.63428004221204,
    "induced_norm": 3911.4401926367223,
    "max_edge_order": 7,
    "max_edge_weight": 587.3950410464532,
    "max_vertex_degree": 16,
    "min_edge_order": 3.953488372093023,
    "min_edge_weight": 0.32842070693263636,
    "n_qubits": 7,
    "total_pstrings": 103
}