{
    "avg_edge_order": 1,
    "avg_edge_weight": 33.53561057289892,
    "avg_vertex_degree": 51.0,
    "edge_order_std_dev": 3.774917217635375,
    "edge_weight_std_dev": 115.2676474098215,
    "induced_norm": 16667.198454730762,
    "max_edge_order": 16,
    "max_edge_weight": 2043.5289845225977,
    "max_vertex_degree": 72,
    "min_edge_order": 8.5,
    "min_edge_weight": 0.1423844113072228,
    "n_qubits": 16,
    "total_pstrings": 497
}