{
    "avg_edge_order": 1,
    "avg_edge_weight": 40.07403869184274,
    "avg_vertex_degree": 12.285714285714286,
    "edge_order_std_dev": 1.738129017772539,
    "edge_weight_std_dev": 65.62648958784533,
    "induced_norm": 4127.625985259802,
    "max_edge_order": 7,
    "max_edge_weight": 611.4920104081348,
    "max_vertex_degree": 16,
    "min_edge_order": 3.953488372093023,
    "min_edge_weight": 2.317493035355106,
    "n_qubits": 7,
    "total_pstrings": 103
}