{
    "avg_edge_order": 1,
    "avg_edge_weight": 41.347325871697095,
    "avg_vertex_degree": 12.285714285714286,
    "edge_order_std_dev": 1.738129017772539,
    "edge_weight_std_dev": 72.9049168231233,
    "induced_norm": 4258.7745647848005,
    "max_edge_order": 7,
    "max_edge_weight": 590.5367788915036,
    "max_vertex_degree": 16,
    "min_edge_order": 3.953488372093023,
    "min_edge_weight": 0.8164040353595582,
    "n_qubits": 7,
    "total_pstrings": 103
}