{
    "avg_edge_order": 1,
    "avg_edge_weight": 31.052885394577675,
    "avg_vertex_degree": 51.0,
    "edge_order_std_dev": 3.774917217635375,
    "edge_weight_std_dev": 123.51337573397838,
    "induced_norm": 15433.284041105095,
    "max_edge_order": 16,
    "max_edge_weight": 2627.9161242703667,
    "max_vertex_degree": 72,
    "min_edge_order": 8.5,
    "min_edge_weight": 0.01130815153710385,
    "n_qubits": 16,
    "total_pstrings": 497
}