{
    "avg_edge_order": 1,
    "avg_edge_weight": 33.48502237220743,
    "avg_vertex_degree": 51.0,
    "edge_order_std_dev": 3.774917217635375,
    "edge_weight_std_dev": 127.98469666265039,
    "induced_norm": 16642.056118987093,
    "max_edge_order": 16,
    "max_edge_weight": 2626.369232344578,
    "max_vertex_degree": 72,
    "min_edge_order": 8.5,
    "min_edge_weight": 0.1097572339635704,
    "n_qubits": 16,
    "total_pstrings": 497
}