{
    "avg_edge_order": 1,
    "avg_edge_weight": 42.135335359174356,
    "avg_vertex_degree": 12.285714285714286,
    "edge_order_std_dev": 1.738129017772539,
    "edge_weight_std_dev": 66.69082591719389,
    "induced_norm": 4339.939541994959,
    "max_edge_order": 7,
    "max_edge_weight": 609.107476633246,
    "max_vertex_degree": 16,
    "min_edge_order": 3.953488372093023,
    "min_edge_weight": 0.8421130458082686,
    "n_qubits": 7,
    "total_pstrings": 103
}