{
    "avg_edge_order": 1,
    "avg_edge_weight": 42.31435990764555,
    "avg_vertex_degree": 12.285714285714286,
    "edge_order_std_dev": 1.738129017772539,
    "edge_weight_std_dev": 69.12744958912108,
    "induced_norm": 4358.379070487492,
    "max_edge_order": 7,
    "max_edge_weight": 643.1207272461512,
    "max_vertex_degree": 16,
    "min_edge_order": 3.953488372093023,
    "min_edge_weight": 0.9561008182753294,
    "n_qubits": 7,
    "total_pstrings": 103
}