{
    "avg_edge_order": 1,
    "avg_edge_weight": 0.3814665189158065,
    "avg_vertex_degree": 12.142857142857142,
    "clustering_coefficient": 0.423734584131455,
    "edge_order_std_dev": 1.7183721273827997,
    "edge_weight_std_dev": 0.6624544023767838,
    "induced_norm": 39.29105144832807,
    "max_edge_order": 7,
    "max_edge_weight": 6.034014203872973,
    "max_vertex_degree": 16,
    "min_edge_order": 3.988235294117647,
    "min_edge_weight": 0.0029342873582276496,
    "n_qubits": 7,
    "total_pstrings": 103
}