{
    "avg_edge_order": 1,
    "avg_edge_weight": 44.8198449870686,
    "avg_vertex_degree": 12.285714285714286,
    "edge_order_std_dev": 1.738129017772539,
    "edge_weight_std_dev": 69.8720450690635,
    "induced_norm": 4616.4440336680655,
    "max_edge_order": 7,
    "max_edge_weight": 595.6816172675952,
    "max_vertex_degree": 16,
    "min_edge_order": 3.953488372093023,
    "min_edge_weight": 1.92697513783488,
    "n_qubits": 7,
    "total_pstrings": 103
}