{
    "avg_edge_order": 1,
    "avg_edge_weight": 32.418466253745784,
    "avg_vertex_degree": 51.0,
    "edge_order_std_dev": 3.774917217635375,
    "edge_weight_std_dev": 106.97030544729165,
    "induced_norm": 16111.97772811165,
    "max_edge_order": 16,
    "max_edge_weight": 2180.342197907596,
    "max_vertex_degree": 72,
    "min_edge_order": 8.5,
    "min_edge_weight": 0.21367183622826857,
    "n_qubits": 16,
    "total_pstrings": 497
}