{
    "avg_edge_order": 1,
    "avg_edge_weight": 30.499886911025616,
    "avg_vertex_degree": 51.0,
    "edge_order_std_dev": 3.774917217635375,
    "edge_weight_std_dev": 86.39982617558957,
    "induced_norm": 15158.443794779729,
    "max_edge_order": 16,
    "max_edge_weight": 1820.762200075188,
    "max_vertex_degree": 72,
    "min_edge_order": 8.5,
    "min_edge_weight": 0.09861337036677043,
    "n_qubits": 16,
    "total_pstrings": 497
}