{
    "avg_edge_order": 1,
    "avg_edge_weight": 39.8608490806643,
    "avg_vertex_degree": 12.285714285714286,
    "edge_order_std_dev": 1.738129017772539,
    "edge_weight_std_dev": 59.39202762388138,
    "induced_norm": 4105.667455308426,
    "max_edge_order": 7,
    "max_edge_weight": 529.2265263491458,
    "max_vertex_degree": 16,
    "min_edge_order": 3.953488372093023,
    "min_edge_weight": 1.335663229571658,
    "n_qubits": 7,
    "total_pstrings": 103
}