{
    "avg_edge_order": 1,
    "avg_edge_weight": 32.36265995105548,
    "avg_vertex_degree": 51.0,
    "edge_order_std_dev": 3.774917217635375,
    "edge_weight_std_dev": 111.22433289080313,
    "induced_norm": 16084.241995674569,
    "max_edge_order": 16,
    "max_edge_weight": 2113.6629191788466,
    "max_vertex_degree": 72,
    "min_edge_order": 8.5,
    "min_edge_weight": 0.12955740158200513,
    "n_qubits": 16,
    "total_pstrings": 497
}