{
    "avg_edge_order": 1,
    "avg_edge_weight": 43.2813316900444,
    "avg_vertex_degree": 12.285714285714286,
    "edge_order_std_dev": 1.738129017772539,
    "edge_weight_std_dev": 67.47467794409275,
    "induced_norm": 4457.977164074572,
    "max_edge_order": 7,
    "max_edge_weight": 593.2259074107043,
    "max_vertex_degree": 16,
    "min_edge_order": 3.953488372093023,
    "min_edge_weight": 2.759357817632676,
    "n_qubits": 7,
    "total_pstrings": 103
}