{
    "avg_edge_order": 1,
    "avg_edge_weight": 43.20542433852671,
    "avg_vertex_degree": 12.285714285714286,
    "edge_order_std_dev": 1.738129017772539,
    "edge_weight_std_dev": 69.64966717038921,
    "induced_norm": 4450.158706868248,
    "max_edge_order": 7,
    "max_edge_weight": 598.6313034248142,
    "max_vertex_degree": 16,
    "min_edge_order": 3.953488372093023,
    "min_edge_weight": 0.2781127087687796,
    "n_qubits": 7,
    "total_pstrings": 103
}