{
    "avg_edge_order": 1,
    "avg_edge_weight": 29.961538862764645,
    "avg_vertex_degree": 51.0,
    "edge_order_std_dev": 3.774917217635375,
    "edge_weight_std_dev": 87.2865532026677,
    "induced_norm": 14890.884814794032,
    "max_edge_order": 16,
    "max_edge_weight": 1752.7507453068174,
    "max_vertex_degree": 72,
    "min_edge_order": 8.5,
    "min_edge_weight": 0.1631520073755084,
    "n_qubits": 16,
    "total_pstrings": 497
}