{
    "avg_edge_order": 1,
    "avg_edge_weight": 40.756536334485254,
    "avg_vertex_degree": 12.285714285714286,
    "edge_order_std_dev": 1.738129017772539,
    "edge_weight_std_dev": 65.58457578825974,
    "induced_norm": 4197.923242451981,
    "max_edge_order": 7,
    "max_edge_weight": 573.2832614040449,
    "max_vertex_degree": 16,
    "min_edge_order": 3.953488372093023,
    "min_edge_weight": 0.3986350351320809,
    "n_qubits": 7,
    "total_pstrings": 103
}