{
    "avg_edge_order": 1,
    "avg_edge_weight": 32.81468132957629,
    "avg_vertex_degree": 51.0,
    "edge_order_std_dev": 3.774917217635375,
    "edge_weight_std_dev": 118.80987884216927,
    "induced_norm": 16308.896620799425,
    "max_edge_order": 16,
    "max_edge_weight": 2281.3691277586704,
    "max_vertex_degree": 72,
    "min_edge_order": 8.5,
    "min_edge_weight": 0.04540246371838563,
    "n_qubits": 16,
    "total_pstrings": 497
}