{
    "avg_edge_order": 1,
    "avg_edge_weight": 46.52411099320895,
    "avg_vertex_degree": 22.0,
    "edge_order_std_dev": 2.4186773244895647,
    "edge_weight_std_dev": 169.30365335206767,
    "induced_norm": 8886.105199702915,
    "max_edge_order": 10,
    "max_edge_weight": 1886.9913480457449,
    "max_vertex_degree": 30,
    "min_edge_order": 5.5,
    "min_edge_weight": 0.399018708956401,
    "n_qubits": 10,
    "total_pstrings": 191
}