{
    "avg_edge_order": 1,
    "avg_edge_weight": 40.78651936878958,
    "avg_vertex_degree": 31.333333333333332,
    "edge_order_std_dev": 2.913592658897737,
    "edge_weight_std_dev": 77.9044526431875,
    "induced_norm": 13622.697469175724,
    "max_edge_order": 12,
    "max_edge_weight": 1260.6991556649443,
    "max_vertex_degree": 42,
    "min_edge_order": 6.372340425531915,
    "min_edge_weight": 0.13032882793660994,
    "n_qubits": 12,
    "total_pstrings": 334
}