{
    "avg_edge_order": 1,
    "avg_edge_weight": 29.645410062094914,
    "avg_vertex_degree": 51.0,
    "edge_order_std_dev": 3.774917217635375,
    "edge_weight_std_dev": 83.89341382277263,
    "induced_norm": 14733.76880086118,
    "max_edge_order": 16,
    "max_edge_weight": 1722.5200995516377,
    "max_vertex_degree": 72,
    "min_edge_order": 8.5,
    "min_edge_weight": 0.054688513538774686,
    "n_qubits": 16,
    "total_pstrings": 497
}