{
    "avg_edge_order": 1,
    "avg_edge_weight": 0.3956550458655107,
    "avg_vertex_degree": 12.142857142857142,
    "clustering_coefficient": 0.423734584131455,
    "edge_order_std_dev": 1.7183721273827997,
    "edge_weight_std_dev": 0.6982023701677272,
    "induced_norm": 40.752469724147595,
    "max_edge_order": 7,
    "max_edge_weight": 5.884922220011611,
    "max_vertex_degree": 16,
    "min_edge_order": 3.988235294117647,
    "min_edge_weight": 0.010036496391623073,
    "n_qubits": 7,
    "total_pstrings": 103
}