{
    "avg_edge_order": 1,
    "avg_edge_weight": 39.28765440432098,
    "avg_vertex_degree": 12.285714285714286,
    "edge_order_std_dev": 1.738129017772539,
    "edge_weight_std_dev": 67.19835549136694,
    "induced_norm": 4046.6284036450616,
    "max_edge_order": 7,
    "max_edge_weight": 631.0887765453258,
    "max_vertex_degree": 16,
    "min_edge_order": 3.953488372093023,
    "min_edge_weight": 0.3075742174088958,
    "n_qubits": 7,
    "total_pstrings": 103
}