{
    "avg_edge_order": 1,
    "avg_edge_weight": 0.41559991112080236,
    "avg_vertex_degree": 12.142857142857142,
    "clustering_coefficient": 0.423734584131455,
    "edge_order_std_dev": 1.7183721273827997,
    "edge_weight_std_dev": 0.6890147292359208,
    "induced_norm": 42.806790845442656,
    "max_edge_order": 7,
    "max_edge_weight": 6.118708301608378,
    "max_vertex_degree": 16,
    "min_edge_order": 3.988235294117647,
    "min_edge_weight": 0.004978715139906442,
    "n_qubits": 7,
    "total_pstrings": 103
}