{
    "avg_edge_order": 1,
    "avg_edge_weight": 0.37042197940670424,
    "avg_vertex_degree": 12.142857142857142,
    "clustering_coefficient": 0.423734584131455,
    "edge_order_std_dev": 1.7183721273827997,
    "edge_weight_std_dev": 0.5527403293734303,
    "induced_norm": 38.15346387889053,
    "max_edge_order": 7,
    "max_edge_weight": 5.18157316640092,
    "max_vertex_degree": 16,
    "min_edge_order": 3.988235294117647,
    "min_edge_weight": 0.00880483177231306,
    "n_qubits": 7,
    "total_pstrings": 103
}