{
    "avg_edge_order": 1,
    "avg_edge_weight": 31.47222640844845,
    "avg_vertex_degree": 51.0,
    "edge_order_std_dev": 3.774917217635375,
    "edge_weight_std_dev": 99.57728156589582,
    "induced_norm": 15641.69652499888,
    "max_edge_order": 16,
    "max_edge_weight": 1900.9177641098531,
    "max_vertex_degree": 72,
    "min_edge_order": 8.5,
    "min_edge_weight": 0.014086014349823373,
    "n_qubits": 16,
    "total_pstrings": 497
}