{
    "avg_edge_order": 1,
    "avg_edge_weight": 42.17565506056056,
    "avg_vertex_degree": 12.285714285714286,
    "edge_order_std_dev": 1.738129017772539,
    "edge_weight_std_dev": 70.50358501928773,
    "induced_norm": 4344.092471237737,
    "max_edge_order": 7,
    "max_edge_weight": 635.3389872700021,
    "max_vertex_degree": 16,
    "min_edge_order": 3.953488372093023,
    "min_edge_weight": 0.2567208899079638,
    "n_qubits": 7,
    "total_pstrings": 103
}