{
    "avg_edge_order": 1,
    "avg_edge_weight": 35.48373830750886,
    "avg_vertex_degree": 51.0,
    "edge_order_std_dev": 3.774917217635375,
    "edge_weight_std_dev": 131.15709304169002,
    "induced_norm": 17635.41793883192,
    "max_edge_order": 16,
    "max_edge_weight": 2502.4577496208863,
    "max_vertex_degree": 72,
    "min_edge_order": 8.5,
    "min_edge_weight": 0.1432474036217286,
    "n_qubits": 16,
    "total_pstrings": 497
}