{
    "avg_edge_order": 1,
    "avg_edge_weight": 42.82929571161895,
    "avg_vertex_degree": 12.285714285714286,
    "edge_order_std_dev": 1.738129017772539,
    "edge_weight_std_dev": 72.62858047595545,
    "induced_norm": 4411.417458296752,
    "max_edge_order": 7,
    "max_edge_weight": 619.283643788779,
    "max_vertex_degree": 16,
    "min_edge_order": 3.953488372093023,
    "min_edge_weight": 0.3749423010865236,
    "n_qubits": 7,
    "total_pstrings": 103
}