{
    "avg_edge_order": 1,
    "avg_edge_weight": 33.03075777323756,
    "avg_vertex_degree": 51.0,
    "edge_order_std_dev": 3.774917217635375,
    "edge_weight_std_dev": 119.1764730617585,
    "induced_norm": 16416.286613299057,
    "max_edge_order": 16,
    "max_edge_weight": 2329.613999040606,
    "max_vertex_degree": 72,
    "min_edge_order": 8.5,
    "min_edge_weight": 0.120072432160373,
    "n_qubits": 16,
    "total_pstrings": 497
}