{
    "avg_edge_order": 1,
    "avg_edge_weight": 39.187648979002375,
    "avg_vertex_degree": 12.285714285714286,
    "edge_order_std_dev": 1.738129017772539,
    "edge_weight_std_dev": 63.540105603483546,
    "induced_norm": 4036.327844837244,
    "max_edge_order": 7,
    "max_edge_weight": 572.9547534590537,
    "max_vertex_degree": 16,
    "min_edge_order": 3.953488372093023,
    "min_edge_weight": 0.22226111220315303,
    "n_qubits": 7,
    "total_pstrings": 103
}