{
    "avg_edge_order": 1,
    "avg_edge_weight": 43.37766920610496,
    "avg_vertex_degree": 12.285714285714286,
    "edge_order_std_dev": 1.738129017772539,
    "edge_weight_std_dev": 66.34017872392693,
    "induced_norm": 4467.899928228811,
    "max_edge_order": 7,
    "max_edge_weight": 552.6907350737007,
    "max_vertex_degree": 16,
    "min_edge_order": 3.953488372093023,
    "min_edge_weight": 0.7489971590270815,
    "n_qubits": 7,
    "total_pstrings": 103
}