{
    "avg_edge_order": 1,
    "avg_edge_weight": 34.19221244376424,
    "avg_vertex_degree": 51.0,
    "edge_order_std_dev": 3.774917217635375,
    "edge_weight_std_dev": 114.94289825002045,
    "induced_norm": 16993.529584550804,
    "max_edge_order": 16,
    "max_edge_weight": 2142.63088726751,
    "max_vertex_degree": 72,
    "min_edge_order": 8.5,
    "min_edge_weight": 0.0880554837980938,
    "n_qubits": 16,
    "total_pstrings": 497
}