{
    "avg_edge_order": 1,
    "avg_edge_weight": 40.80370646746458,
    "avg_vertex_degree": 12.285714285714286,
    "edge_order_std_dev": 1.738129017772539,
    "edge_weight_std_dev": 68.52652101049354,
    "induced_norm": 4202.781766148849,
    "max_edge_order": 7,
    "max_edge_weight": 560.9349806555142,
    "max_vertex_degree": 16,
    "min_edge_order": 3.953488372093023,
    "min_edge_weight": 0.9229376838919912,
    "n_qubits": 7,
    "total_pstrings": 103
}