{
    "avg_edge_order": 1,
    "avg_edge_weight": 32.023160813786745,
    "avg_vertex_degree": 51.0,
    "edge_order_std_dev": 3.774917217635375,
    "edge_weight_std_dev": 107.85018771673585,
    "induced_norm": 15915.510924452017,
    "max_edge_order": 16,
    "max_edge_weight": 2345.051803296536,
    "max_vertex_degree": 72,
    "min_edge_order": 8.5,
    "min_edge_weight": 0.055839336584812216,
    "n_qubits": 16,
    "total_pstrings": 497
}