{
    "avg_edge_order": 1,
    "avg_edge_weight": 37.994162355397464,
    "avg_vertex_degree": 22.0,
    "edge_order_std_dev": 2.4186773244895647,
    "edge_weight_std_dev": 112.58447164052566,
    "induced_norm": 7256.885009880918,
    "max_edge_order": 10,
    "max_edge_weight": 1469.837413536472,
    "max_vertex_degree": 30,
    "min_edge_order": 5.5,
    "min_edge_weight": 0.014104849412066578,
    "n_qubits": 10,
    "total_pstrings": 191
}