{
    "avg_edge_order": 1,
    "avg_edge_weight": 49.783985032420816,
    "avg_vertex_degree": 31.333333333333332,
    "edge_order_std_dev": 2.913592658897737,
    "edge_weight_std_dev": 78.2864660150857,
    "induced_norm": 19764.242057871066,
    "max_edge_order": 12,
    "max_edge_weight": 1207.32897285379,
    "max_vertex_degree": 42,
    "min_edge_order": 6.372340425531915,
    "min_edge_weight": 0.09123199342118227,
    "n_qubits": 12,
    "total_pstrings": 397
}