{
    "avg_edge_order": 1,
    "avg_edge_weight": 29.434617451943332,
    "avg_vertex_degree": 5.0,
    "clustering_coefficient": 0.4220077730200311,
    "edge_order_std_dev": 1.02469507659596,
    "edge_weight_std_dev": 49.55004992504035,
    "induced_norm": 853.6039061063567,
    "max_edge_order": 4,
    "max_edge_weight": 280.9425227797065,
    "max_vertex_degree": 6,
    "min_edge_order": 2.5,
    "min_edge_weight": 0.6739241532993816,
    "n_qubits": 4,
    "total_pstrings": 29
}