{
    "avg_edge_order": 1,
    "avg_edge_weight": 29.629225984648325,
    "avg_vertex_degree": 57.0,
    "edge_order_std_dev": 4.0,
    "edge_weight_std_dev": 92.69440374776353,
    "induced_norm": 16651.62500337237,
    "max_edge_order": 17,
    "max_edge_weight": 2170.846131887828,
    "max_vertex_degree": 81,
    "min_edge_order": 9.0,
    "min_edge_weight": 0.13037184949336478,
    "n_qubits": 17,
    "total_pstrings": 562
}