{
    "avg_edge_order": 1,
    "avg_edge_weight": 33.28259343848682,
    "avg_vertex_degree": 15.0,
    "edge_order_std_dev": 1.9621416870348585,
    "edge_weight_std_dev": 71.50569655889335,
    "induced_norm": 4027.193806056907,
    "max_edge_order": 8,
    "max_edge_weight": 798.1998445090269,
    "max_vertex_degree": 20,
    "min_edge_order": 4.5,
    "min_edge_weight": 0.9378678275678725,
    "n_qubits": 8,
    "total_pstrings": 121
}