{
    "avg_edge_order": 1,
    "avg_edge_weight": 28.533283302808385,
    "avg_vertex_degree": 15.0,
    "edge_order_std_dev": 1.9621416870348585,
    "edge_weight_std_dev": 57.364949188377324,
    "induced_norm": 3452.5272796398167,
    "max_edge_order": 8,
    "max_edge_weight": 632.5880382842375,
    "max_vertex_degree": 20,
    "min_edge_order": 4.5,
    "min_edge_weight": 0.07977660849941004,
    "n_qubits": 8,
    "total_pstrings": 121
}