{
    "avg_edge_order": 1,
    "avg_edge_weight": 29.9544768403311,
    "avg_vertex_degree": 57.0,
    "edge_order_std_dev": 4.0,
    "edge_weight_std_dev": 86.53936732309967,
    "induced_norm": 16834.415984266077,
    "max_edge_order": 17,
    "max_edge_weight": 1860.269151533948,
    "max_vertex_degree": 81,
    "min_edge_order": 9.0,
    "min_edge_weight": 0.041273319846740764,
    "n_qubits": 17,
    "total_pstrings": 562
}