{
    "avg_edge_order": 1,
    "avg_edge_weight": 29.80012774295258,
    "avg_vertex_degree": 15.0,
    "edge_order_std_dev": 1.9621416870348585,
    "edge_weight_std_dev": 58.750361980811746,
    "induced_norm": 3605.815456897261,
    "max_edge_order": 8,
    "max_edge_weight": 655.7222015748537,
    "max_vertex_degree": 20,
    "min_edge_order": 4.5,
    "min_edge_weight": 0.024972149467356042,
    "n_qubits": 8,
    "total_pstrings": 121
}