{
    "avg_edge_order": 1,
    "avg_edge_weight": 0.2892754759025801,
    "avg_vertex_degree": 14.875,
    "clustering_coefficient": 0.41265216816786593,
    "edge_order_std_dev": 1.9438484284539173,
    "edge_weight_std_dev": 0.5834587262446512,
    "induced_norm": 35.00233258421218,
    "max_edge_order": 8,
    "max_edge_weight": 6.479014415554088,
    "max_vertex_degree": 20,
    "min_edge_order": 4.529411764705882,
    "min_edge_weight": 0.0013566419509785654,
    "n_qubits": 8,
    "total_pstrings": 121
}