{
    "avg_edge_order": 1,
    "avg_edge_weight": 31.434457298713596,
    "avg_vertex_degree": 57.0,
    "edge_order_std_dev": 4.0,
    "edge_weight_std_dev": 109.74806824234777,
    "induced_norm": 17666.165001877063,
    "max_edge_order": 17,
    "max_edge_weight": 2517.669059232249,
    "max_vertex_degree": 81,
    "min_edge_order": 9.0,
    "min_edge_weight": 0.08423121556169733,
    "n_qubits": 17,
    "total_pstrings": 562
}