{
    "avg_edge_order": 1,
    "avg_edge_weight": 29.669158557655834,
    "avg_vertex_degree": 57.0,
    "edge_order_std_dev": 4.0,
    "edge_weight_std_dev": 111.91214267429436,
    "induced_norm": 16674.067109402567,
    "max_edge_order": 17,
    "max_edge_weight": 2646.2285251358567,
    "max_vertex_degree": 81,
    "min_edge_order": 9.0,
    "min_edge_weight": 0.11991661802666798,
    "n_qubits": 17,
    "total_pstrings": 562
}