{
    "avg_edge_order": 1,
    "avg_edge_weight": 30.96377056334658,
    "avg_vertex_degree": 15.0,
    "edge_order_std_dev": 1.9621416870348585,
    "edge_weight_std_dev": 63.002786893412015,
    "induced_norm": 3746.6162381649383,
    "max_edge_order": 8,
    "max_edge_weight": 704.1833057153605,
    "max_vertex_degree": 20,
    "min_edge_order": 4.5,
    "min_edge_weight": 1.1318729921740205,
    "n_qubits": 8,
    "total_pstrings": 121
}