{
    "avg_edge_order": 1,
    "avg_edge_weight": 29.956021284973357,
    "avg_vertex_degree": 57.0,
    "edge_order_std_dev": 4.0,
    "edge_weight_std_dev": 92.7701840951414,
    "induced_norm": 16835.283962155012,
    "max_edge_order": 17,
    "max_edge_weight": 2161.0511703394213,
    "max_vertex_degree": 81,
    "min_edge_order": 9.0,
    "min_edge_weight": 0.138233227410268,
    "n_qubits": 17,
    "total_pstrings": 562
}