{
    "avg_edge_order": 1,
    "avg_edge_weight": 0.3063985713561752,
    "avg_vertex_degree": 14.875,
    "clustering_coefficient": 0.41265216816786593,
    "edge_order_std_dev": 1.9438484284539173,
    "edge_weight_std_dev": 0.6411986640014877,
    "induced_norm": 37.074227134097214,
    "max_edge_order": 8,
    "max_edge_weight": 7.14030018626357,
    "max_vertex_degree": 20,
    "min_edge_order": 4.529411764705882,
    "min_edge_weight": 0.0003467620512107028,
    "n_qubits": 8,
    "total_pstrings": 121
}