{
    "avg_edge_order": 1,
    "avg_edge_weight": 31.147788174512623,
    "avg_vertex_degree": 15.0,
    "edge_order_std_dev": 1.9621416870348585,
    "edge_weight_std_dev": 59.536408197185374,
    "induced_norm": 3768.882369116029,
    "max_edge_order": 8,
    "max_edge_weight": 665.1941559898828,
    "max_vertex_degree": 20,
    "min_edge_order": 4.5,
    "min_edge_weight": 0.05736734540104377,
    "n_qubits": 8,
    "total_pstrings": 121
}