{
    "avg_edge_order": 1,
    "avg_edge_weight": 29.979568241783756,
    "avg_vertex_degree": 57.0,
    "edge_order_std_dev": 4.0,
    "edge_weight_std_dev": 90.58015274553033,
    "induced_norm": 16848.51735188247,
    "max_edge_order": 17,
    "max_edge_weight": 2063.923953333856,
    "max_vertex_degree": 81,
    "min_edge_order": 9.0,
    "min_edge_weight": 0.13304807364068338,
    "n_qubits": 17,
    "total_pstrings": 562
}