{
    "avg_edge_order": 1,
    "avg_edge_weight": 30.009438160486077,
    "avg_vertex_degree": 15.0,
    "edge_order_std_dev": 1.9621416870348585,
    "edge_weight_std_dev": 54.88284366509148,
    "induced_norm": 3631.1420174188142,
    "max_edge_order": 8,
    "max_edge_weight": 611.6585587973966,
    "max_vertex_degree": 20,
    "min_edge_order": 4.5,
    "min_edge_weight": 0.176591129991166,
    "n_qubits": 8,
    "total_pstrings": 121
}