{
    "avg_edge_order": 1,
    "avg_edge_weight": 30.404583202200907,
    "avg_vertex_degree": 57.0,
    "edge_order_std_dev": 4.0,
    "edge_weight_std_dev": 98.88482705188238,
    "induced_norm": 17087.375759636914,
    "max_edge_order": 17,
    "max_edge_weight": 2263.467641533694,
    "max_vertex_degree": 81,
    "min_edge_order": 9.0,
    "min_edge_weight": 0.08449408568849037,
    "n_qubits": 17,
    "total_pstrings": 562
}