{
    "avg_edge_order": 1,
    "avg_edge_weight": 30.91045034730868,
    "avg_vertex_degree": 57.0,
    "edge_order_std_dev": 4.0,
    "edge_weight_std_dev": 111.75116556916944,
    "induced_norm": 17371.673095187478,
    "max_edge_order": 17,
    "max_edge_weight": 2526.527335429804,
    "max_vertex_degree": 81,
    "min_edge_order": 9.0,
    "min_edge_weight": 0.023174212211799272,
    "n_qubits": 17,
    "total_pstrings": 562
}