{
    "avg_edge_order": 1,
    "avg_edge_weight": 30.750398904721617,
    "avg_vertex_degree": 15.0,
    "edge_order_std_dev": 1.9621416870348585,
    "edge_weight_std_dev": 60.49822669356895,
    "induced_norm": 3720.7982674713166,
    "max_edge_order": 8,
    "max_edge_weight": 672.2827865576043,
    "max_vertex_degree": 20,
    "min_edge_order": 4.5,
    "min_edge_weight": 0.22201939728381603,
    "n_qubits": 8,
    "total_pstrings": 121
}