{
    "avg_edge_order": 1,
    "avg_edge_weight": 0.32461606344859456,
    "avg_vertex_degree": 14.875,
    "clustering_coefficient": 0.41265216816786593,
    "edge_order_std_dev": 1.9438484284539173,
    "edge_weight_std_dev": 0.6059936990351783,
    "induced_norm": 39.27854367727996,
    "max_edge_order": 8,
    "max_edge_weight": 6.779764751439956,
    "max_vertex_degree": 20,
    "min_edge_order": 4.529411764705882,
    "min_edge_weight": 0.00787525163457009,
    "n_qubits": 8,
    "total_pstrings": 121
}