{
    "avg_edge_order": 1,
    "avg_edge_weight": 30.519303315103727,
    "avg_vertex_degree": 15.0,
    "edge_order_std_dev": 1.9621416870348585,
    "edge_weight_std_dev": 54.38967602281876,
    "induced_norm": 3692.8357011275507,
    "max_edge_order": 8,
    "max_edge_weight": 606.0336159374541,
    "max_vertex_degree": 20,
    "min_edge_order": 4.5,
    "min_edge_weight": 0.648957759638062,
    "n_qubits": 8,
    "total_pstrings": 121
}