{
    "avg_edge_order": 1,
    "avg_edge_weight": 29.328912932557163,
    "avg_vertex_degree": 57.0,
    "edge_order_std_dev": 4.0,
    "edge_weight_std_dev": 106.1230567681931,
    "induced_norm": 16482.849068097126,
    "max_edge_order": 17,
    "max_edge_weight": 2521.0367546802486,
    "max_vertex_degree": 81,
    "min_edge_order": 9.0,
    "min_edge_weight": 0.08382570327401595,
    "n_qubits": 17,
    "total_pstrings": 562
}