{
    "avg_edge_order": 1,
    "avg_edge_weight": 31.455266199448445,
    "avg_vertex_degree": 15.0,
    "edge_order_std_dev": 1.9621416870348585,
    "edge_weight_std_dev": 60.34977481401967,
    "induced_norm": 3806.0872101332598,
    "max_edge_order": 8,
    "max_edge_weight": 672.2721370344242,
    "max_vertex_degree": 20,
    "min_edge_order": 4.5,
    "min_edge_weight": 0.5493062252502483,
    "n_qubits": 8,
    "total_pstrings": 121
}