{
    "avg_edge_order": 1,
    "avg_edge_weight": 30.536733998221102,
    "avg_vertex_degree": 57.0,
    "edge_order_std_dev": 4.0,
    "edge_weight_std_dev": 98.6722807519968,
    "induced_norm": 17161.644507000263,
    "max_edge_order": 17,
    "max_edge_weight": 2323.9918063683863,
    "max_vertex_degree": 81,
    "min_edge_order": 9.0,
    "min_edge_weight": 0.2343433007736735,
    "n_qubits": 17,
    "total_pstrings": 562
}