{
    "avg_edge_order": 1,
    "avg_edge_weight": 0.3146580303220866,
    "avg_vertex_degree": 14.875,
    "clustering_coefficient": 0.41265216816786593,
    "edge_order_std_dev": 1.9438484284539173,
    "edge_weight_std_dev": 0.5865809002203293,
    "induced_norm": 38.073621668972486,
    "max_edge_order": 8,
    "max_edge_weight": 6.546623407918168,
    "max_vertex_degree": 20,
    "min_edge_order": 4.529411764705882,
    "min_edge_weight": 0.0025430554654969906,
    "n_qubits": 8,
    "total_pstrings": 121
}