{
    "avg_edge_order": 1,
    "avg_edge_weight": 37.40539405483815,
    "avg_vertex_degree": 22.0,
    "edge_order_std_dev": 2.4186773244895647,
    "edge_weight_std_dev": 115.32638273465551,
    "induced_norm": 7144.430264474083,
    "max_edge_order": 10,
    "max_edge_weight": 1517.0284542880113,
    "max_vertex_degree": 30,
    "min_edge_order": 5.5,
    "min_edge_weight": 0.44385917043643985,
    "n_qubits": 10,
    "total_pstrings": 191
}