{
    "avg_edge_order": 1,
    "avg_edge_weight": 27.9202370807139,
    "avg_vertex_degree": 40.0,
    "edge_order_std_dev": 3.3241540277189325,
    "edge_weight_std_dev": 73.95900915740252,
    "induced_norm": 10581.769853590566,
    "max_edge_order": 14,
    "max_edge_weight": 1440.270682851787,
    "max_vertex_degree": 56,
    "min_edge_order": 7.5,
    "min_edge_weight": 0.07146581501839044,
    "n_qubits": 14,
    "total_pstrings": 379
}