{
    "avg_edge_order": 1,
    "avg_edge_weight": 38.570450578002585,
    "avg_vertex_degree": 5.0,
    "clustering_coefficient": 0.4220077730200311,
    "edge_order_std_dev": 1.02469507659596,
    "edge_weight_std_dev": 63.07158586511662,
    "induced_norm": 1118.5430667620753,
    "max_edge_order": 4,
    "max_edge_weight": 358.89156360582615,
    "max_vertex_degree": 6,
    "min_edge_order": 2.5,
    "min_edge_weight": 1.0613178594544748,
    "n_qubits": 4,
    "total_pstrings": 29
}