{
    "avg_edge_order": 1,
    "avg_edge_weight": 28.06588393277796,
    "avg_vertex_degree": 57.0,
    "edge_order_std_dev": 4.0,
    "edge_weight_std_dev": 101.34858827433371,
    "induced_norm": 15773.026770221224,
    "max_edge_order": 17,
    "max_edge_weight": 2405.097057029914,
    "max_vertex_degree": 81,
    "min_edge_order": 9.0,
    "min_edge_weight": 0.19053868338285795,
    "n_qubits": 17,
    "total_pstrings": 562
}