{
    "avg_edge_order": 1,
    "avg_edge_weight": 31.048452746323036,
    "avg_vertex_degree": 57.0,
    "edge_order_std_dev": 4.0,
    "edge_weight_std_dev": 113.01807581107813,
    "induced_norm": 17449.230443433546,
    "max_edge_order": 17,
    "max_edge_weight": 2634.500125867813,
    "max_vertex_degree": 81,
    "min_edge_order": 9.0,
    "min_edge_weight": 0.01564770396937365,
    "n_qubits": 17,
    "total_pstrings": 562
}