{
    "avg_edge_order": 1,
    "avg_edge_weight": 32.1011489989751,
    "avg_vertex_degree": 15.0,
    "edge_order_std_dev": 1.9621416870348585,
    "edge_weight_std_dev": 65.96604166523548,
    "induced_norm": 3884.239028875988,
    "max_edge_order": 8,
    "max_edge_weight": 736.9449422417125,
    "max_vertex_degree": 20,
    "min_edge_order": 4.5,
    "min_edge_weight": 1.7002567982719428,
    "n_qubits": 8,
    "total_pstrings": 121
}