{
    "avg_edge_order": 1,
    "avg_edge_weight": 0.31221341083984366,
    "avg_vertex_degree": 14.875,
    "clustering_coefficient": 0.41265216816786593,
    "edge_order_std_dev": 1.9438484284539173,
    "edge_weight_std_dev": 0.6331064560015338,
    "induced_norm": 37.777822711621056,
    "max_edge_order": 8,
    "max_edge_weight": 7.0678442422276415,
    "max_vertex_degree": 20,
    "min_edge_order": 4.529411764705882,
    "min_edge_weight": 0.009885469795049062,
    "n_qubits": 8,
    "total_pstrings": 121
}