{
    "avg_edge_order": 1,
    "avg_edge_weight": 32.20235082929001,
    "avg_vertex_degree": 15.0,
    "edge_order_std_dev": 1.9621416870348585,
    "edge_weight_std_dev": 64.13894807725153,
    "induced_norm": 3896.484450344091,
    "max_edge_order": 8,
    "max_edge_weight": 718.2629581274734,
    "max_vertex_degree": 20,
    "min_edge_order": 4.5,
    "min_edge_weight": 0.7380966096064441,
    "n_qubits": 8,
    "total_pstrings": 121
}