{
    "avg_edge_order": 1,
    "avg_edge_weight": 29.481155571168344,
    "avg_vertex_degree": 57.0,
    "edge_order_std_dev": 4.0,
    "edge_weight_std_dev": 96.50192733018497,
    "induced_norm": 16568.40943099661,
    "max_edge_order": 17,
    "max_edge_weight": 2289.9717770301704,
    "max_vertex_degree": 81,
    "min_edge_order": 9.0,
    "min_edge_weight": 0.006039129382060082,
    "n_qubits": 17,
    "total_pstrings": 562
}