{
    "avg_edge_order": 1,
    "avg_edge_weight": 30.120193629706208,
    "avg_vertex_degree": 57.0,
    "edge_order_std_dev": 4.0,
    "edge_weight_std_dev": 90.34439632545755,
    "induced_norm": 16927.548819894884,
    "max_edge_order": 17,
    "max_edge_weight": 2078.0201127327796,
    "max_vertex_degree": 81,
    "min_edge_order": 9.0,
    "min_edge_weight": 0.07886272688904583,
    "n_qubits": 17,
    "total_pstrings": 562
}