{
    "avg_edge_order": 1,
    "avg_edge_weight": 30.996375637327528,
    "avg_vertex_degree": 15.0,
    "edge_order_std_dev": 1.9621416870348585,
    "edge_weight_std_dev": 61.42298157882189,
    "induced_norm": 3750.561452116631,
    "max_edge_order": 8,
    "max_edge_weight": 683.8780873146407,
    "max_vertex_degree": 20,
    "min_edge_order": 4.5,
    "min_edge_weight": 0.218033302414554,
    "n_qubits": 8,
    "total_pstrings": 121
}