{
    "avg_edge_order": 1,
    "avg_edge_weight": 0.29249098737613477,
    "avg_vertex_degree": 14.875,
    "clustering_coefficient": 0.41265216816786593,
    "edge_order_std_dev": 1.9438484284539173,
    "edge_weight_std_dev": 0.6119270666324486,
    "induced_norm": 35.3914094725123,
    "max_edge_order": 8,
    "max_edge_weight": 6.816192368778436,
    "max_vertex_degree": 20,
    "min_edge_order": 4.529411764705882,
    "min_edge_weight": 0.00043866110218160337,
    "n_qubits": 8,
    "total_pstrings": 121
}