{
    "avg_edge_order": 1,
    "avg_edge_weight": 31.766906539442456,
    "avg_vertex_degree": 57.0,
    "edge_order_std_dev": 4.0,
    "edge_weight_std_dev": 121.94261361102019,
    "induced_norm": 17853.001475166675,
    "max_edge_order": 17,
    "max_edge_weight": 2837.5565925084866,
    "max_vertex_degree": 81,
    "min_edge_order": 9.0,
    "min_edge_weight": 0.09613410372064735,
    "n_qubits": 17,
    "total_pstrings": 562
}