{
    "avg_edge_order": 1,
    "avg_edge_weight": 30.936850587143926,
    "avg_vertex_degree": 15.0,
    "edge_order_std_dev": 1.9621416870348585,
    "edge_weight_std_dev": 60.79137563035857,
    "induced_norm": 3743.3589210444143,
    "max_edge_order": 8,
    "max_edge_weight": 675.9890836785261,
    "max_vertex_degree": 20,
    "min_edge_order": 4.5,
    "min_edge_weight": 0.05638310420044701,
    "n_qubits": 8,
    "total_pstrings": 121
}