{
    "avg_edge_order": 1,
    "avg_edge_weight": 29.974395481786406,
    "avg_vertex_degree": 15.0,
    "edge_order_std_dev": 1.9621416870348585,
    "edge_weight_std_dev": 58.68898021420589,
    "induced_norm": 3626.9018532961554,
    "max_edge_order": 8,
    "max_edge_weight": 650.1466929911702,
    "max_vertex_degree": 20,
    "min_edge_order": 4.5,
    "min_edge_weight": 0.12998547531827276,
    "n_qubits": 8,
    "total_pstrings": 121
}