{
    "avg_edge_order": 1,
    "avg_edge_weight": 30.561128884185663,
    "avg_vertex_degree": 57.0,
    "edge_order_std_dev": 4.0,
    "edge_weight_std_dev": 93.56036349170482,
    "induced_norm": 17175.354432912354,
    "max_edge_order": 17,
    "max_edge_weight": 2092.264750750835,
    "max_vertex_degree": 81,
    "min_edge_order": 9.0,
    "min_edge_weight": 0.10489049757899593,
    "n_qubits": 17,
    "total_pstrings": 562
}