{
    "avg_edge_order": 1,
    "avg_edge_weight": 29.10796794492326,
    "avg_vertex_degree": 15.0,
    "edge_order_std_dev": 1.9621416870348585,
    "edge_weight_std_dev": 57.77252414492436,
    "induced_norm": 3522.0641213357158,
    "max_edge_order": 8,
    "max_edge_weight": 643.4097982199631,
    "max_vertex_degree": 20,
    "min_edge_order": 4.5,
    "min_edge_weight": 0.205863968719882,
    "n_qubits": 8,
    "total_pstrings": 121
}