{
    "avg_edge_order": 1,
    "avg_edge_weight": 28.584427625199268,
    "avg_vertex_degree": 40.0,
    "edge_order_std_dev": 3.3241540277189325,
    "edge_weight_std_dev": 78.40692175298106,
    "induced_norm": 10833.498069950516,
    "max_edge_order": 14,
    "max_edge_weight": 1523.5913540932586,
    "max_vertex_degree": 56,
    "min_edge_order": 7.5,
    "min_edge_weight": 0.12394638500974889,
    "n_qubits": 14,
    "total_pstrings": 379
}