{
    "avg_edge_order": 1,
    "avg_edge_weight": 40.14656057146287,
    "avg_vertex_degree": 22.0,
    "edge_order_std_dev": 2.4186773244895647,
    "edge_weight_std_dev": 117.2460456588728,
    "induced_norm": 7667.993069149409,
    "max_edge_order": 10,
    "max_edge_weight": 1282.594178387043,
    "max_vertex_degree": 30,
    "min_edge_order": 5.5,
    "min_edge_weight": 0.1761952503731976,
    "n_qubits": 10,
    "total_pstrings": 191
}