{
    "avg_edge_order": 1,
    "avg_edge_weight": 38.46935083597432,
    "avg_vertex_degree": 22.0,
    "edge_order_std_dev": 2.4186773244895647,
    "edge_weight_std_dev": 136.60351453399156,
    "induced_norm": 7347.646009671096,
    "max_edge_order": 10,
    "max_edge_weight": 1862.9351729434143,
    "max_vertex_degree": 30,
    "min_edge_order": 5.5,
    "min_edge_weight": 0.6085081693583874,
    "n_qubits": 10,
    "total_pstrings": 191
}