{
    "avg_edge_order": 1,
    "avg_edge_weight": 29.570150670819427,
    "avg_vertex_degree": 9.333333333333334,
    "edge_order_std_dev": 1.5,
    "edge_weight_std_dev": 50.00212657615049,
    "induced_norm": 1981.2000949449027,
    "max_edge_order": 6,
    "max_edge_weight": 419.4149113190782,
    "max_vertex_degree": 12,
    "min_edge_order": 3.5,
    "min_edge_weight": 0.1363723396696095,
    "n_qubits": 6,
    "total_pstrings": 67
}