{
    "avg_edge_order": 1,
    "avg_edge_weight": 31.203084110750638,
    "avg_vertex_degree": 15.0,
    "edge_order_std_dev": 1.9621416870348585,
    "edge_weight_std_dev": 67.60174630952527,
    "induced_norm": 3775.573177400829,
    "max_edge_order": 8,
    "max_edge_weight": 751.1778476160282,
    "max_vertex_degree": 20,
    "min_edge_order": 4.5,
    "min_edge_weight": 0.21558598015430364,
    "n_qubits": 8,
    "total_pstrings": 121
}