{
    "avg_edge_order": 1,
    "avg_edge_weight": 34.568056697684376,
    "avg_vertex_degree": 57.0,
    "edge_order_std_dev": 4.0,
    "edge_weight_std_dev": 134.46142803117607,
    "induced_norm": 19427.247864098616,
    "max_edge_order": 17,
    "max_edge_weight": 2589.1231073027966,
    "max_vertex_degree": 81,
    "min_edge_order": 9.0,
    "min_edge_weight": 0.045173940159095594,
    "n_qubits": 17,
    "total_pstrings": 562
}