{
    "avg_edge_order": 1,
    "avg_edge_weight": 31.407573154013825,
    "avg_vertex_degree": 57.0,
    "edge_order_std_dev": 4.0,
    "edge_weight_std_dev": 122.89488009999592,
    "induced_norm": 17651.056112555754,
    "max_edge_order": 17,
    "max_edge_weight": 2733.840043260512,
    "max_vertex_degree": 81,
    "min_edge_order": 9.0,
    "min_edge_weight": 0.1644790947769208,
    "n_qubits": 17,
    "total_pstrings": 562
}