{
    "avg_edge_order": 1,
    "avg_edge_weight": 32.099829346924864,
    "avg_vertex_degree": 15.0,
    "edge_order_std_dev": 1.9621416870348585,
    "edge_weight_std_dev": 63.52876958543672,
    "induced_norm": 3884.0793509779087,
    "max_edge_order": 8,
    "max_edge_weight": 709.0891729090358,
    "max_vertex_degree": 20,
    "min_edge_order": 4.5,
    "min_edge_weight": 0.8156169054218196,
    "n_qubits": 8,
    "total_pstrings": 121
}