{
    "avg_edge_order": 1,
    "avg_edge_weight": 29.23653999495487,
    "avg_vertex_degree": 15.0,
    "edge_order_std_dev": 1.9621416870348585,
    "edge_weight_std_dev": 60.05132818911261,
    "induced_norm": 3537.62133938954,
    "max_edge_order": 8,
    "max_edge_weight": 656.4771730443747,
    "max_vertex_degree": 20,
    "min_edge_order": 4.5,
    "min_edge_weight": 0.29795579355477164,
    "n_qubits": 8,
    "total_pstrings": 121
}