{
    "avg_edge_order": 1,
    "avg_edge_weight": 31.879037577446447,
    "avg_vertex_degree": 57.0,
    "edge_order_std_dev": 4.0,
    "edge_weight_std_dev": 118.35680767377035,
    "induced_norm": 17916.019118524917,
    "max_edge_order": 17,
    "max_edge_weight": 2680.521482304096,
    "max_vertex_degree": 81,
    "min_edge_order": 9.0,
    "min_edge_weight": 0.04049310797837791,
    "n_qubits": 17,
    "total_pstrings": 562
}