{
    "avg_edge_order": 1,
    "avg_edge_weight": 33.129158386910525,
    "avg_vertex_degree": 57.0,
    "edge_order_std_dev": 4.0,
    "edge_weight_std_dev": 127.87607239915678,
    "induced_norm": 18618.587013443725,
    "max_edge_order": 17,
    "max_edge_weight": 2722.5656311600396,
    "max_vertex_degree": 81,
    "min_edge_order": 9.0,
    "min_edge_weight": 0.04369950663278743,
    "n_qubits": 17,
    "total_pstrings": 562
}