{
    "avg_edge_order": 1,
    "avg_edge_weight": 31.193926039184152,
    "avg_vertex_degree": 15.0,
    "edge_order_std_dev": 1.9621416870348585,
    "edge_weight_std_dev": 59.31885894368965,
    "induced_norm": 3774.4650507412825,
    "max_edge_order": 8,
    "max_edge_weight": 657.6119474904754,
    "max_vertex_degree": 20,
    "min_edge_order": 4.5,
    "min_edge_weight": 0.36132632440784107,
    "n_qubits": 8,
    "total_pstrings": 121
}