{
    "avg_edge_order": 1,
    "avg_edge_weight": 32.32064714743773,
    "avg_vertex_degree": 57.0,
    "edge_order_std_dev": 4.0,
    "edge_weight_std_dev": 117.46068906900815,
    "induced_norm": 18164.203696860015,
    "max_edge_order": 17,
    "max_edge_weight": 2162.3380933871813,
    "max_vertex_degree": 81,
    "min_edge_order": 9.0,
    "min_edge_weight": 0.0202660943963906,
    "n_qubits": 17,
    "total_pstrings": 562
}