{
    "avg_edge_order": 1,
    "avg_edge_weight": 30.19653304637935,
    "avg_vertex_degree": 15.0,
    "edge_order_std_dev": 1.9621416870348585,
    "edge_weight_std_dev": 59.99232092574488,
    "induced_norm": 3653.7804986119017,
    "max_edge_order": 8,
    "max_edge_weight": 666.2156192962561,
    "max_vertex_degree": 20,
    "min_edge_order": 4.5,
    "min_edge_weight": 0.1224604753043479,
    "n_qubits": 8,
    "total_pstrings": 121
}