{
    "avg_edge_order": 1,
    "avg_edge_weight": 0.3087001750792054,
    "avg_vertex_degree": 14.875,
    "clustering_coefficient": 0.41265216816786593,
    "edge_order_std_dev": 1.9438484284539173,
    "edge_weight_std_dev": 0.6009956578607367,
    "induced_norm": 37.352721184583864,
    "max_edge_order": 8,
    "max_edge_weight": 6.702531280785817,
    "max_vertex_degree": 20,
    "min_edge_order": 4.529411764705882,
    "min_edge_weight": 0.004664779510083816,
    "n_qubits": 8,
    "total_pstrings": 121
}