{
    "avg_edge_order": 1,
    "avg_edge_weight": 29.151820057552875,
    "avg_vertex_degree": 57.0,
    "edge_order_std_dev": 4.0,
    "edge_weight_std_dev": 96.68117721184241,
    "induced_norm": 16383.32287234472,
    "max_edge_order": 17,
    "max_edge_weight": 2233.637969514031,
    "max_vertex_degree": 81,
    "min_edge_order": 9.0,
    "min_edge_weight": 0.015040860624853991,
    "n_qubits": 17,
    "total_pstrings": 562
}