{
    "avg_edge_order": 1,
    "avg_edge_weight": 33.11798132639431,
    "avg_vertex_degree": 15.0,
    "edge_order_std_dev": 1.9621416870348585,
    "edge_weight_std_dev": 62.660387609069424,
    "induced_norm": 4007.2757404937124,
    "max_edge_order": 8,
    "max_edge_weight": 697.1286963131412,
    "max_vertex_degree": 20,
    "min_edge_order": 4.5,
    "min_edge_weight": 0.15039239776256608,
    "n_qubits": 8,
    "total_pstrings": 121
}