{
    "avg_edge_order": 1,
    "avg_edge_weight": 32.91722031728529,
    "avg_vertex_degree": 57.0,
    "edge_order_std_dev": 4.0,
    "edge_weight_std_dev": 130.12521613889228,
    "induced_norm": 18499.47781831434,
    "max_edge_order": 17,
    "max_edge_weight": 2544.698651247718,
    "max_vertex_degree": 81,
    "min_edge_order": 9.0,
    "min_edge_weight": 0.042515585541501366,
    "n_qubits": 17,
    "total_pstrings": 562
}