{
    "avg_edge_order": 1,
    "avg_edge_weight": 30.52727350045583,
    "avg_vertex_degree": 57.0,
    "edge_order_std_dev": 4.0,
    "edge_weight_std_dev": 107.76389654386733,
    "induced_norm": 17156.32770725618,
    "max_edge_order": 17,
    "max_edge_weight": 2379.3375212584565,
    "max_vertex_degree": 81,
    "min_edge_order": 9.0,
    "min_edge_weight": 0.08095906432067324,
    "n_qubits": 17,
    "total_pstrings": 562
}