{
    "avg_edge_order": 1,
    "avg_edge_weight": 0.3099298206920111,
    "avg_vertex_degree": 14.875,
    "clustering_coefficient": 0.41265216816786593,
    "edge_order_std_dev": 1.9438484284539173,
    "edge_weight_std_dev": 0.622804761898817,
    "induced_norm": 37.50150830373336,
    "max_edge_order": 8,
    "max_edge_weight": 6.921632287812523,
    "max_vertex_degree": 20,
    "min_edge_order": 4.529411764705882,
    "min_edge_weight": 0.0015559230101139243,
    "n_qubits": 8,
    "total_pstrings": 121
}