{
    "avg_edge_order": 1,
    "avg_edge_weight": 29.82143950809789,
    "avg_vertex_degree": 40.0,
    "edge_order_std_dev": 3.3241540277189325,
    "edge_weight_std_dev": 73.55079861886028,
    "induced_norm": 11332.147013077198,
    "max_edge_order": 14,
    "max_edge_weight": 1423.669353249656,
    "max_vertex_degree": 56,
    "min_edge_order": 7.5,
    "min_edge_weight": 0.3261211645951505,
    "n_qubits": 14,
    "total_pstrings": 380
}