{
    "avg_edge_order": 1,
    "avg_edge_weight": 29.820898911889685,
    "avg_vertex_degree": 15.0,
    "edge_order_std_dev": 1.9621416870348585,
    "edge_weight_std_dev": 61.731585207997846,
    "induced_norm": 3608.328768338652,
    "max_edge_order": 8,
    "max_edge_weight": 686.7070544514196,
    "max_vertex_degree": 20,
    "min_edge_order": 4.5,
    "min_edge_weight": 1.3160287373570556,
    "n_qubits": 8,
    "total_pstrings": 121
}