{
    "avg_edge_order": 1,
    "avg_edge_weight": 32.32957839848392,
    "avg_vertex_degree": 57.0,
    "edge_order_std_dev": 4.0,
    "edge_weight_std_dev": 125.91237569092215,
    "induced_norm": 18169.223059947944,
    "max_edge_order": 17,
    "max_edge_weight": 2378.234144882297,
    "max_vertex_degree": 81,
    "min_edge_order": 9.0,
    "min_edge_weight": 0.1158840263479286,
    "n_qubits": 17,
    "total_pstrings": 562
}