{
    "avg_edge_order": 1,
    "avg_edge_weight": 31.37224442413866,
    "avg_vertex_degree": 57.0,
    "edge_order_std_dev": 4.0,
    "edge_weight_std_dev": 89.5550297279111,
    "induced_norm": 17631.201366365916,
    "max_edge_order": 17,
    "max_edge_weight": 1933.3496538485424,
    "max_vertex_degree": 81,
    "min_edge_order": 9.0,
    "min_edge_weight": 0.10820577302471435,
    "n_qubits": 17,
    "total_pstrings": 562
}