{
    "avg_edge_order": 1,
    "avg_edge_weight": 31.221340417103434,
    "avg_vertex_degree": 15.0,
    "edge_order_std_dev": 1.9621416870348585,
    "edge_weight_std_dev": 60.78613797144774,
    "induced_norm": 3777.7821904695156,
    "max_edge_order": 8,
    "max_edge_weight": 675.3237975926043,
    "max_vertex_degree": 20,
    "min_edge_order": 4.5,
    "min_edge_weight": 1.305829497079003,
    "n_qubits": 8,
    "total_pstrings": 121
}