{
    "avg_edge_order": 1,
    "avg_edge_weight": 30.864165582797295,
    "avg_vertex_degree": 15.0,
    "edge_order_std_dev": 1.9621416870348585,
    "edge_weight_std_dev": 61.84546467692339,
    "induced_norm": 3734.564035518472,
    "max_edge_order": 8,
    "max_edge_weight": 686.6153412434546,
    "max_vertex_degree": 20,
    "min_edge_order": 4.5,
    "min_edge_weight": 0.5094380581075981,
    "n_qubits": 8,
    "total_pstrings": 121
}