{
    "avg_edge_order": 1,
    "avg_edge_weight": 30.99030827815285,
    "avg_vertex_degree": 57.0,
    "edge_order_std_dev": 4.0,
    "edge_weight_std_dev": 87.43897368955768,
    "induced_norm": 17416.55325232191,
    "max_edge_order": 17,
    "max_edge_weight": 1924.3681991336848,
    "max_vertex_degree": 81,
    "min_edge_order": 9.0,
    "min_edge_weight": 0.09550585100020492,
    "n_qubits": 17,
    "total_pstrings": 562
}