{
    "avg_edge_order": 1,
    "avg_edge_weight": 30.985708008838305,
    "avg_vertex_degree": 57.0,
    "edge_order_std_dev": 4.0,
    "edge_weight_std_dev": 115.41984152413261,
    "induced_norm": 17413.967900967127,
    "max_edge_order": 17,
    "max_edge_weight": 2623.4288578589626,
    "max_vertex_degree": 81,
    "min_edge_order": 9.0,
    "min_edge_weight": 0.08793102730914093,
    "n_qubits": 17,
    "total_pstrings": 562
}