{
    "avg_edge_order": 1,
    "avg_edge_weight": 32.5043573963681,
    "avg_vertex_degree": 15.0,
    "edge_order_std_dev": 1.9621416870348585,
    "edge_weight_std_dev": 58.422901452831574,
    "induced_norm": 3933.027244960542,
    "max_edge_order": 8,
    "max_edge_weight": 647.3383416223712,
    "max_vertex_degree": 20,
    "min_edge_order": 4.5,
    "min_edge_weight": 2.068159534288272,
    "n_qubits": 8,
    "total_pstrings": 121
}