{
    "avg_edge_order": 1,
    "avg_edge_weight": 31.561983328594987,
    "avg_vertex_degree": 57.0,
    "edge_order_std_dev": 4.0,
    "edge_weight_std_dev": 116.62780329844331,
    "induced_norm": 17737.8346306704,
    "max_edge_order": 17,
    "max_edge_weight": 2407.20891290509,
    "max_vertex_degree": 81,
    "min_edge_order": 9.0,
    "min_edge_weight": 0.03303300833501055,
    "n_qubits": 17,
    "total_pstrings": 562
}