{
    "avg_edge_order": 1,
    "avg_edge_weight": 32.675723980980216,
    "avg_vertex_degree": 15.0,
    "edge_order_std_dev": 1.9621416870348585,
    "edge_weight_std_dev": 68.44291902736165,
    "induced_norm": 3953.7626016986055,
    "max_edge_order": 8,
    "max_edge_weight": 763.3640178075342,
    "max_vertex_degree": 20,
    "min_edge_order": 4.5,
    "min_edge_weight": 0.35052846120548486,
    "n_qubits": 8,
    "total_pstrings": 121
}