{
    "avg_edge_order": 1,
    "avg_edge_weight": 33.78561162583388,
    "avg_vertex_degree": 57.0,
    "edge_order_std_dev": 4.0,
    "edge_weight_std_dev": 120.84545690073824,
    "induced_norm": 18987.51373371864,
    "max_edge_order": 17,
    "max_edge_weight": 2455.457366097515,
    "max_vertex_degree": 81,
    "min_edge_order": 9.0,
    "min_edge_weight": 0.17754930175437522,
    "n_qubits": 17,
    "total_pstrings": 562
}