{
    "avg_edge_order": 1,
    "avg_edge_weight": 28.9883161854651,
    "avg_vertex_degree": 15.0,
    "edge_order_std_dev": 1.9621416870348585,
    "edge_weight_std_dev": 59.832938580634014,
    "induced_norm": 3507.586258441276,
    "max_edge_order": 8,
    "max_edge_weight": 658.6292154001643,
    "max_vertex_degree": 20,
    "min_edge_order": 4.5,
    "min_edge_weight": 0.04249627163395697,
    "n_qubits": 8,
    "total_pstrings": 121
}