{
    "avg_edge_order": 1,
    "avg_edge_weight": 0.31547188617009886,
    "avg_vertex_degree": 14.875,
    "clustering_coefficient": 0.41265216816786593,
    "edge_order_std_dev": 1.9438484284539173,
    "edge_weight_std_dev": 0.6478762623283407,
    "induced_norm": 38.17209822658196,
    "max_edge_order": 8,
    "max_edge_weight": 7.229862409630473,
    "max_vertex_degree": 20,
    "min_edge_order": 4.529411764705882,
    "min_edge_weight": 0.015442547975508203,
    "n_qubits": 8,
    "total_pstrings": 121
}