{
    "avg_edge_order": 1,
    "avg_edge_weight": 30.067989617063894,
    "avg_vertex_degree": 15.0,
    "edge_order_std_dev": 1.9621416870348585,
    "edge_weight_std_dev": 63.3305498719681,
    "induced_norm": 3638.226743664732,
    "max_edge_order": 8,
    "max_edge_weight": 702.6470082356137,
    "max_vertex_degree": 20,
    "min_edge_order": 4.5,
    "min_edge_weight": 0.3360284478580444,
    "n_qubits": 8,
    "total_pstrings": 121
}