{
    "avg_edge_order": 1,
    "avg_edge_weight": 31.241218892226975,
    "avg_vertex_degree": 57.0,
    "edge_order_std_dev": 4.0,
    "edge_weight_std_dev": 103.81633217029909,
    "induced_norm": 17557.565017431567,
    "max_edge_order": 17,
    "max_edge_weight": 2243.2717836453703,
    "max_vertex_degree": 81,
    "min_edge_order": 9.0,
    "min_edge_weight": 0.1757178933891339,
    "n_qubits": 17,
    "total_pstrings": 562
}