{
    "avg_edge_order": 1,
    "avg_edge_weight": 31.566926086743084,
    "avg_vertex_degree": 57.0,
    "edge_order_std_dev": 4.0,
    "edge_weight_std_dev": 100.2257072954347,
    "induced_norm": 17740.612460749613,
    "max_edge_order": 17,
    "max_edge_weight": 1986.3557449203395,
    "max_vertex_degree": 81,
    "min_edge_order": 9.0,
    "min_edge_weight": 0.024255802421124795,
    "n_qubits": 17,
    "total_pstrings": 562
}