{
    "avg_edge_order": 1,
    "avg_edge_weight": 27.797183468553047,
    "avg_vertex_degree": 15.0,
    "edge_order_std_dev": 1.9621416870348585,
    "edge_weight_std_dev": 58.98965945809481,
    "induced_norm": 3363.4591996949193,
    "max_edge_order": 8,
    "max_edge_weight": 651.4113351748724,
    "max_vertex_degree": 20,
    "min_edge_order": 4.5,
    "min_edge_weight": 0.3685868199223794,
    "n_qubits": 8,
    "total_pstrings": 121
}