{
    "avg_edge_order": 1,
    "avg_edge_weight": 29.527604918138028,
    "avg_vertex_degree": 15.0,
    "edge_order_std_dev": 1.9621416870348585,
    "edge_weight_std_dev": 57.08878296626563,
    "induced_norm": 3572.840195094702,
    "max_edge_order": 8,
    "max_edge_weight": 634.6093405147905,
    "max_vertex_degree": 20,
    "min_edge_order": 4.5,
    "min_edge_weight": 0.11237241806313314,
    "n_qubits": 8,
    "total_pstrings": 121
}