{
    "avg_edge_order": 1,
    "avg_edge_weight": 30.530654021457096,
    "avg_vertex_degree": 57.0,
    "edge_order_std_dev": 4.0,
    "edge_weight_std_dev": 100.30470655025537,
    "induced_norm": 17158.22756005887,
    "max_edge_order": 17,
    "max_edge_weight": 2281.3205721158947,
    "max_vertex_degree": 81,
    "min_edge_order": 9.0,
    "min_edge_weight": 0.14145961917774175,
    "n_qubits": 17,
    "total_pstrings": 562
}