{
    "avg_edge_order": 1,
    "avg_edge_weight": 0.30099942490003045,
    "avg_vertex_degree": 14.875,
    "clustering_coefficient": 0.41265216816786593,
    "edge_order_std_dev": 1.9438484284539173,
    "edge_weight_std_dev": 0.6656031439645685,
    "induced_norm": 36.42093041290369,
    "max_edge_order": 8,
    "max_edge_weight": 7.416730219057742,
    "max_vertex_degree": 20,
    "min_edge_order": 4.529411764705882,
    "min_edge_weight": 0.0010027480364097618,
    "n_qubits": 8,
    "total_pstrings": 121
}