{
    "avg_edge_order": 1,
    "avg_edge_weight": 42.89127307674986,
    "avg_vertex_degree": 22.0,
    "edge_order_std_dev": 2.4186773244895647,
    "edge_weight_std_dev": 158.03194281896054,
    "induced_norm": 8192.233157659228,
    "max_edge_order": 10,
    "max_edge_weight": 1588.3858963784444,
    "max_vertex_degree": 30,
    "min_edge_order": 5.5,
    "min_edge_weight": 0.22995317361889178,
    "n_qubits": 10,
    "total_pstrings": 191
}