{
    "avg_edge_order": 1,
    "avg_edge_weight": 30.256760095816823,
    "avg_vertex_degree": 40.0,
    "edge_order_std_dev": 3.3241540277189325,
    "edge_weight_std_dev": 77.4657803602131,
    "induced_norm": 11588.339116697849,
    "max_edge_order": 14,
    "max_edge_weight": 1489.0669651619216,
    "max_vertex_degree": 56,
    "min_edge_order": 7.5,
    "min_edge_weight": 0.03397444993597887,
    "n_qubits": 14,
    "total_pstrings": 383
}