{
    "avg_edge_order": 1,
    "avg_edge_weight": 30.851945467205965,
    "avg_vertex_degree": 15.0,
    "edge_order_std_dev": 1.9621416870348585,
    "edge_weight_std_dev": 60.392492060413815,
    "induced_norm": 3763.937346999127,
    "max_edge_order": 8,
    "max_edge_weight": 671.9972893642978,
    "max_vertex_degree": 20,
    "min_edge_order": 4.5,
    "min_edge_weight": 0.8647599340535166,
    "n_qubits": 8,
    "total_pstrings": 122
}