{
    "avg_edge_order": 1,
    "avg_edge_weight": 0.3387559400065513,
    "avg_vertex_degree": 14.875,
    "clustering_coefficient": 0.41265216816786593,
    "edge_order_std_dev": 1.9438484284539173,
    "edge_weight_std_dev": 0.651273326892871,
    "induced_norm": 41.328224680799245,
    "max_edge_order": 8,
    "max_edge_weight": 7.114747336084858,
    "max_vertex_degree": 20,
    "min_edge_order": 4.529411764705882,
    "min_edge_weight": 0.004628793075865167,
    "n_qubits": 8,
    "total_pstrings": 122
}