{
    "avg_edge_order": 1,
    "avg_edge_weight": 30.55473436033842,
    "avg_vertex_degree": 63.333333333333336,
    "edge_order_std_dev": 4.224926034855522,
    "edge_weight_std_dev": 109.9209412699798,
    "induced_norm": 19280.03738137354,
    "max_edge_order": 18,
    "max_edge_weight": 2733.314243006123,
    "max_vertex_degree": 90,
    "min_edge_order": 9.5,
    "min_edge_weight": 0.4462377869594576,
    "n_qubits": 18,
    "total_pstrings": 631
}