{
    "avg_edge_order": 1,
    "avg_edge_weight": 30.963209937528656,
    "avg_vertex_degree": 15.0,
    "edge_order_std_dev": 1.9621416870348585,
    "edge_weight_std_dev": 58.58790286143023,
    "induced_norm": 3777.511612378497,
    "max_edge_order": 8,
    "max_edge_weight": 641.5550632910528,
    "max_vertex_degree": 20,
    "min_edge_order": 4.5,
    "min_edge_weight": 0.34764551548689404,
    "n_qubits": 8,
    "total_pstrings": 122
}