{
    "avg_edge_order": 1,
    "avg_edge_weight": 33.92269849322305,
    "avg_vertex_degree": 15.0,
    "edge_order_std_dev": 1.9621416870348585,
    "edge_weight_std_dev": 64.41344283606864,
    "induced_norm": 4138.569216173212,
    "max_edge_order": 8,
    "max_edge_weight": 714.2540686001523,
    "max_vertex_degree": 20,
    "min_edge_order": 4.5,
    "min_edge_weight": 1.8833625918925492,
    "n_qubits": 8,
    "total_pstrings": 122
}