{
    "avg_edge_order": 1,
    "avg_edge_weight": 0.3280172914816229,
    "avg_vertex_degree": 14.875,
    "clustering_coefficient": 0.41265216816786593,
    "edge_order_std_dev": 1.9438484284539173,
    "edge_weight_std_dev": 0.6537837064789653,
    "induced_norm": 40.01810956075799,
    "max_edge_order": 8,
    "max_edge_weight": 7.149272602870068,
    "max_vertex_degree": 20,
    "min_edge_order": 4.529411764705882,
    "min_edge_weight": 0.0012941052719286916,
    "n_qubits": 8,
    "total_pstrings": 122
}