{
    "avg_edge_order": 1,
    "avg_edge_weight": 29.58987504521249,
    "avg_vertex_degree": 63.333333333333336,
    "edge_order_std_dev": 4.224926034855522,
    "edge_weight_std_dev": 98.64437864389872,
    "induced_norm": 18671.211153529042,
    "max_edge_order": 18,
    "max_edge_weight": 2322.9770718907184,
    "max_vertex_degree": 90,
    "min_edge_order": 9.5,
    "min_edge_weight": 0.025643708932836518,
    "n_qubits": 18,
    "total_pstrings": 631
}