{
    "avg_edge_order": 1,
    "avg_edge_weight": 32.38533213027733,
    "avg_vertex_degree": 15.0,
    "edge_order_std_dev": 1.9621416870348585,
    "edge_weight_std_dev": 61.62245197288026,
    "induced_norm": 3951.010519893833,
    "max_edge_order": 8,
    "max_edge_weight": 685.339212363264,
    "max_vertex_degree": 20,
    "min_edge_order": 4.5,
    "min_edge_weight": 0.9468079554274258,
    "n_qubits": 8,
    "total_pstrings": 122
}