{
    "avg_edge_order": 1,
    "avg_edge_weight": 30.085291978328907,
    "avg_vertex_degree": 63.333333333333336,
    "edge_order_std_dev": 4.224926034855522,
    "edge_weight_std_dev": 114.08782388976778,
    "induced_norm": 18983.81923832557,
    "max_edge_order": 18,
    "max_edge_weight": 2852.6637993695076,
    "max_vertex_degree": 90,
    "min_edge_order": 9.5,
    "min_edge_weight": 0.26417094838171096,
    "n_qubits": 18,
    "total_pstrings": 631
}