{
    "avg_edge_order": 1,
    "avg_edge_weight": 29.233454008990986,
    "avg_vertex_degree": 63.333333333333336,
    "edge_order_std_dev": 4.224926034855522,
    "edge_weight_std_dev": 86.89365683462556,
    "induced_norm": 18446.309479673324,
    "max_edge_order": 18,
    "max_edge_weight": 2145.1895143898146,
    "max_vertex_degree": 90,
    "min_edge_order": 9.5,
    "min_edge_weight": 0.07440693547885502,
    "n_qubits": 18,
    "total_pstrings": 631
}