{
    "avg_edge_order": 1,
    "avg_edge_weight": 29.614268218794987,
    "avg_vertex_degree": 63.333333333333336,
    "edge_order_std_dev": 4.224926034855522,
    "edge_weight_std_dev": 107.85347659637704,
    "induced_norm": 18686.603246059625,
    "max_edge_order": 18,
    "max_edge_weight": 2709.617260928893,
    "max_vertex_degree": 90,
    "min_edge_order": 9.5,
    "min_edge_weight": 0.11035660167975081,
    "n_qubits": 18,
    "total_pstrings": 631
}