{
    "avg_edge_order": 1,
    "avg_edge_weight": 32.4925907479104,
    "avg_vertex_degree": 15.0,
    "edge_order_std_dev": 1.9621416870348585,
    "edge_weight_std_dev": 62.65222459708447,
    "induced_norm": 3964.096071245069,
    "max_edge_order": 8,
    "max_edge_weight": 692.0075805821336,
    "max_vertex_degree": 20,
    "min_edge_order": 4.5,
    "min_edge_weight": 0.9927613442425667,
    "n_qubits": 8,
    "total_pstrings": 122
}