{
    "avg_edge_order": 1,
    "avg_edge_weight": 30.49049962671877,
    "avg_vertex_degree": 15.0,
    "edge_order_std_dev": 1.9621416870348585,
    "edge_weight_std_dev": 60.60800270505242,
    "induced_norm": 3719.8409544596884,
    "max_edge_order": 8,
    "max_edge_weight": 652.9325475069706,
    "max_vertex_degree": 20,
    "min_edge_order": 4.5,
    "min_edge_weight": 0.5329108765643076,
    "n_qubits": 8,
    "total_pstrings": 122
}