{
    "avg_edge_order": 1,
    "avg_edge_weight": 28.5044471629777,
    "avg_vertex_degree": 63.333333333333336,
    "edge_order_std_dev": 4.224926034855522,
    "edge_weight_std_dev": 85.1999464516902,
    "induced_norm": 17986.30615983893,
    "max_edge_order": 18,
    "max_edge_weight": 2131.7135811442363,
    "max_vertex_degree": 90,
    "min_edge_order": 9.5,
    "min_edge_weight": 0.05269744693404732,
    "n_qubits": 18,
    "total_pstrings": 631
}