{
    "avg_edge_order": 1,
    "avg_edge_weight": 33.158097915502,
    "avg_vertex_degree": 15.0,
    "edge_order_std_dev": 1.9621416870348585,
    "edge_weight_std_dev": 64.03731800588636,
    "induced_norm": 4045.2879456912424,
    "max_edge_order": 8,
    "max_edge_weight": 701.2625320164492,
    "max_vertex_degree": 20,
    "min_edge_order": 4.5,
    "min_edge_weight": 0.23943385915761728,
    "n_qubits": 8,
    "total_pstrings": 122
}