{
    "avg_edge_order": 1,
    "avg_edge_weight": 30.02513540809814,
    "avg_vertex_degree": 40.142857142857146,
    "edge_order_std_dev": 3.3343581543705274,
    "edge_weight_std_dev": 77.50435765788933,
    "induced_norm": 11709.802809158287,
    "max_edge_order": 14,
    "max_edge_weight": 1473.691293682936,
    "max_vertex_degree": 56,
    "min_edge_order": 7.480427046263345,
    "min_edge_weight": 0.05542186486959366,
    "n_qubits": 14,
    "total_pstrings": 390
}