{
    "avg_edge_order": 1,
    "avg_edge_weight": 38.161188887136596,
    "avg_vertex_degree": 22.0,
    "edge_order_std_dev": 2.4186773244895647,
    "edge_weight_std_dev": 127.4003590177401,
    "induced_norm": 7288.787077443092,
    "max_edge_order": 10,
    "max_edge_weight": 1658.3908488998095,
    "max_vertex_degree": 30,
    "min_edge_order": 5.5,
    "min_edge_weight": 0.3659122096224863,
    "n_qubits": 10,
    "total_pstrings": 191
}