{
    "avg_edge_order": 1,
    "avg_edge_weight": 27.124312602394944,
    "avg_vertex_degree": 5.0,
    "clustering_coefficient": 0.4220077730200311,
    "edge_order_std_dev": 1.02469507659596,
    "edge_weight_std_dev": 39.23856765231777,
    "induced_norm": 786.6050654694536,
    "max_edge_order": 4,
    "max_edge_weight": 220.97804779883035,
    "max_vertex_degree": 6,
    "min_edge_order": 2.5,
    "min_edge_weight": 2.352344034413783,
    "n_qubits": 4,
    "total_pstrings": 29
}