{
    "avg_edge_order": 1,
    "avg_edge_weight": 33.13833561889866,
    "avg_vertex_degree": 15.0,
    "edge_order_std_dev": 1.9621416870348585,
    "edge_weight_std_dev": 61.2342375597027,
    "induced_norm": 4042.8769455056354,
    "max_edge_order": 8,
    "max_edge_weight": 677.5523240865075,
    "max_vertex_degree": 20,
    "min_edge_order": 4.5,
    "min_edge_weight": 0.8887559697525971,
    "n_qubits": 8,
    "total_pstrings": 122
}