{
    "avg_edge_order": 1,
    "avg_edge_weight": 30.734380587007802,
    "avg_vertex_degree": 63.333333333333336,
    "edge_order_std_dev": 4.224926034855522,
    "edge_weight_std_dev": 123.56574008669182,
    "induced_norm": 19393.394150401924,
    "max_edge_order": 18,
    "max_edge_weight": 2974.096225476803,
    "max_vertex_degree": 90,
    "min_edge_order": 9.5,
    "min_edge_weight": 0.19121409253141808,
    "n_qubits": 18,
    "total_pstrings": 631
}