{
    "avg_edge_order": 1,
    "avg_edge_weight": 32.36186689088721,
    "avg_vertex_degree": 15.0,
    "edge_order_std_dev": 1.9621416870348585,
    "edge_weight_std_dev": 66.32424973039042,
    "induced_norm": 3948.147760688238,
    "max_edge_order": 8,
    "max_edge_weight": 736.7603197716471,
    "max_vertex_degree": 20,
    "min_edge_order": 4.5,
    "min_edge_weight": 0.10407490021043242,
    "n_qubits": 8,
    "total_pstrings": 122
}