{
    "avg_edge_order": 1,
    "avg_edge_weight": 30.74066018624811,
    "avg_vertex_degree": 63.333333333333336,
    "edge_order_std_dev": 4.224926034855522,
    "edge_weight_std_dev": 117.87317448700503,
    "induced_norm": 19397.356577522543,
    "max_edge_order": 18,
    "max_edge_weight": 2843.9795993909,
    "max_vertex_degree": 90,
    "min_edge_order": 9.5,
    "min_edge_weight": 0.07305089575811508,
    "n_qubits": 18,
    "total_pstrings": 631
}