{
    "avg_edge_order": 1,
    "avg_edge_weight": 27.239215455824265,
    "avg_vertex_degree": 63.333333333333336,
    "edge_order_std_dev": 4.224926034855522,
    "edge_weight_std_dev": 79.04042140041955,
    "induced_norm": 17187.944952625123,
    "max_edge_order": 18,
    "max_edge_weight": 1978.8426494113326,
    "max_vertex_degree": 90,
    "min_edge_order": 9.5,
    "min_edge_weight": 0.003596004957401533,
    "n_qubits": 18,
    "total_pstrings": 631
}