{
    "avg_edge_order": 1,
    "avg_edge_weight": 35.17894114582054,
    "avg_vertex_degree": 15.0,
    "edge_order_std_dev": 1.9621416870348585,
    "edge_weight_std_dev": 65.0036234472915,
    "induced_norm": 4291.830819790107,
    "max_edge_order": 8,
    "max_edge_weight": 700.9092635703198,
    "max_vertex_degree": 20,
    "min_edge_order": 4.5,
    "min_edge_weight": 1.1401529643350283,
    "n_qubits": 8,
    "total_pstrings": 122
}