{
    "avg_edge_order": 1,
    "avg_edge_weight": 30.41968613133794,
    "avg_vertex_degree": 15.0,
    "edge_order_std_dev": 1.9621416870348585,
    "edge_weight_std_dev": 60.79216893431146,
    "induced_norm": 3711.2017080232285,
    "max_edge_order": 8,
    "max_edge_weight": 671.1346312542346,
    "max_vertex_degree": 20,
    "min_edge_order": 4.5,
    "min_edge_weight": 1.129061549645761,
    "n_qubits": 8,
    "total_pstrings": 122
}