{
    "avg_edge_order": 1,
    "avg_edge_weight": 29.372129459838455,
    "avg_vertex_degree": 63.333333333333336,
    "edge_order_std_dev": 4.224926034855522,
    "edge_weight_std_dev": 100.54840528288322,
    "induced_norm": 18533.813689158076,
    "max_edge_order": 18,
    "max_edge_weight": 2389.25393536053,
    "max_vertex_degree": 90,
    "min_edge_order": 9.5,
    "min_edge_weight": 0.07175244018432636,
    "n_qubits": 18,
    "total_pstrings": 631
}