{
    "avg_edge_order": 1,
    "avg_edge_weight": 30.834567771203293,
    "avg_vertex_degree": 15.0,
    "edge_order_std_dev": 1.9621416870348585,
    "edge_weight_std_dev": 65.83212092055643,
    "induced_norm": 3761.817268086801,
    "max_edge_order": 8,
    "max_edge_weight": 720.6228991879367,
    "max_vertex_degree": 20,
    "min_edge_order": 4.5,
    "min_edge_weight": 0.42850632720213255,
    "n_qubits": 8,
    "total_pstrings": 122
}