{
    "avg_edge_order": 1,
    "avg_edge_weight": 30.115379714678763,
    "avg_vertex_degree": 63.333333333333336,
    "edge_order_std_dev": 4.224926034855522,
    "edge_weight_std_dev": 120.7929418072819,
    "induced_norm": 19002.804599962266,
    "max_edge_order": 18,
    "max_edge_weight": 3023.6805750527546,
    "max_vertex_degree": 90,
    "min_edge_order": 9.5,
    "min_edge_weight": 0.16464688607117495,
    "n_qubits": 18,
    "total_pstrings": 631
}