{
    "avg_edge_order": 1,
    "avg_edge_weight": 28.359133239668733,
    "avg_vertex_degree": 15.0,
    "edge_order_std_dev": 1.9621416870348585,
    "edge_weight_std_dev": 53.4570025246642,
    "induced_norm": 3459.814255239587,
    "max_edge_order": 8,
    "max_edge_weight": 592.6636330448472,
    "max_vertex_degree": 20,
    "min_edge_order": 4.5,
    "min_edge_weight": 0.41844851034874,
    "n_qubits": 8,
    "total_pstrings": 122
}