{
    "avg_edge_order": 1,
    "avg_edge_weight": 30.390735587363547,
    "avg_vertex_degree": 15.0,
    "edge_order_std_dev": 1.9621416870348585,
    "edge_weight_std_dev": 55.34230281710958,
    "induced_norm": 3707.6697416583515,
    "max_edge_order": 8,
    "max_edge_weight": 616.4199926487556,
    "max_vertex_degree": 20,
    "min_edge_order": 4.5,
    "min_edge_weight": 0.9150435990646351,
    "n_qubits": 8,
    "total_pstrings": 122
}