{
    "avg_edge_order": 1,
    "avg_edge_weight": 0.35392077279135803,
    "avg_vertex_degree": 14.875,
    "clustering_coefficient": 0.41265216816786593,
    "edge_order_std_dev": 1.9438484284539173,
    "edge_weight_std_dev": 0.6548262225784981,
    "induced_norm": 43.178334280545684,
    "max_edge_order": 8,
    "max_edge_weight": 7.229697144563687,
    "max_vertex_degree": 20,
    "min_edge_order": 4.529411764705882,
    "min_edge_weight": 0.002908634078052308,
    "n_qubits": 8,
    "total_pstrings": 122
}