{
    "avg_edge_order": 1,
    "avg_edge_weight": 30.242597657735132,
    "avg_vertex_degree": 63.333333333333336,
    "edge_order_std_dev": 4.224926034855522,
    "edge_weight_std_dev": 109.52048654916169,
    "induced_norm": 19083.079122030853,
    "max_edge_order": 18,
    "max_edge_weight": 2631.528014101377,
    "max_vertex_degree": 90,
    "min_edge_order": 9.5,
    "min_edge_weight": 0.02300253410233921,
    "n_qubits": 18,
    "total_pstrings": 631
}