{
    "avg_edge_order": 1,
    "avg_edge_weight": 29.346672036988757,
    "avg_vertex_degree": 15.0,
    "edge_order_std_dev": 1.9621416870348585,
    "edge_weight_std_dev": 59.21829940993806,
    "induced_norm": 3580.293988512629,
    "max_edge_order": 8,
    "max_edge_weight": 641.6338409242894,
    "max_vertex_degree": 20,
    "min_edge_order": 4.5,
    "min_edge_weight": 0.36314299408926587,
    "n_qubits": 8,
    "total_pstrings": 122
}