{
    "avg_edge_order": 1,
    "avg_edge_weight": 29.385374081461155,
    "avg_vertex_degree": 63.333333333333336,
    "edge_order_std_dev": 4.224926034855522,
    "edge_weight_std_dev": 96.24669999765814,
    "induced_norm": 18542.171045402003,
    "max_edge_order": 18,
    "max_edge_weight": 2402.2682447646785,
    "max_vertex_degree": 90,
    "min_edge_order": 9.5,
    "min_edge_weight": 0.08831415451615499,
    "n_qubits": 18,
    "total_pstrings": 631
}