{
    "avg_edge_order": 1,
    "avg_edge_weight": 34.29321481818577,
    "avg_vertex_degree": 15.0,
    "edge_order_std_dev": 1.9621416870348585,
    "edge_weight_std_dev": 67.13166152261996,
    "induced_norm": 4183.7722078186625,
    "max_edge_order": 8,
    "max_edge_weight": 744.6734477911884,
    "max_vertex_degree": 20,
    "min_edge_order": 4.5,
    "min_edge_weight": 0.3310898713737771,
    "n_qubits": 8,
    "total_pstrings": 122
}