{
    "avg_edge_order": 1,
    "avg_edge_weight": 0.28691776273079106,
    "avg_vertex_degree": 14.875,
    "clustering_coefficient": 0.41265216816786593,
    "edge_order_std_dev": 1.9438484284539173,
    "edge_weight_std_dev": 0.6081833909161971,
    "induced_norm": 35.003967053156515,
    "max_edge_order": 8,
    "max_edge_weight": 6.748265931800977,
    "max_vertex_degree": 20,
    "min_edge_order": 4.529411764705882,
    "min_edge_weight": 0.0011250645533217307,
    "n_qubits": 8,
    "total_pstrings": 122
}