{
    "avg_edge_order": 1,
    "avg_edge_weight": 31.496139721699496,
    "avg_vertex_degree": 15.0,
    "edge_order_std_dev": 1.9621416870348585,
    "edge_weight_std_dev": 60.875976876448945,
    "induced_norm": 3842.529046047339,
    "max_edge_order": 8,
    "max_edge_weight": 673.3459714675796,
    "max_vertex_degree": 20,
    "min_edge_order": 4.5,
    "min_edge_weight": 0.16588596446296955,
    "n_qubits": 8,
    "total_pstrings": 122
}