{
    "avg_edge_order": 1,
    "avg_edge_weight": 34.25630713424608,
    "avg_vertex_degree": 40.142857142857146,
    "edge_order_std_dev": 3.3343581543705274,
    "edge_weight_std_dev": 77.97750184467807,
    "induced_norm": 13873.804389369663,
    "max_edge_order": 14,
    "max_edge_weight": 1474.6899692099064,
    "max_vertex_degree": 56,
    "min_edge_order": 7.480427046263345,
    "min_edge_weight": 0.07515132634660127,
    "n_qubits": 14,
    "total_pstrings": 405
}