{
    "avg_edge_order": 1,
    "avg_edge_weight": 33.53934367189782,
    "avg_vertex_degree": 5.0,
    "clustering_coefficient": 0.4220077730200311,
    "edge_order_std_dev": 1.02469507659596,
    "edge_weight_std_dev": 53.67839097051905,
    "induced_norm": 972.6409664850366,
    "max_edge_order": 4,
    "max_edge_weight": 301.186635293534,
    "max_vertex_degree": 6,
    "min_edge_order": 2.5,
    "min_edge_weight": 1.2015435991979462,
    "n_qubits": 4,
    "total_pstrings": 29
}