{
    "avg_edge_order": 1,
    "avg_edge_weight": 37.127095263288275,
    "avg_vertex_degree": 22.0,
    "edge_order_std_dev": 2.4186773244895647,
    "edge_weight_std_dev": 111.46325030591969,
    "induced_norm": 7091.275195288062,
    "max_edge_order": 10,
    "max_edge_weight": 1189.104390111946,
    "max_vertex_degree": 30,
    "min_edge_order": 5.5,
    "min_edge_weight": 0.13046145114939378,
    "n_qubits": 10,
    "total_pstrings": 191
}