{
    "avg_edge_order": 1,
    "avg_edge_weight": 0.3317115166862168,
    "avg_vertex_degree": 14.875,
    "clustering_coefficient": 0.4134067645102325,
    "edge_order_std_dev": 1.9438484284539173,
    "edge_weight_std_dev": 0.612004358260378,
    "induced_norm": 41.46393958577711,
    "max_edge_order": 8,
    "max_edge_weight": 6.723756833382845,
    "max_vertex_degree": 20,
    "min_edge_order": 4.529411764705882,
    "min_edge_weight": 0.0013872467473081684,
    "n_qubits": 8,
    "total_pstrings": 125
}