{
    "avg_edge_order": 1,
    "avg_edge_weight": 30.878017739018002,
    "avg_vertex_degree": 63.333333333333336,
    "edge_order_std_dev": 4.224926034855522,
    "edge_weight_std_dev": 105.13111881728526,
    "induced_norm": 19484.029193320348,
    "max_edge_order": 18,
    "max_edge_weight": 2326.1419511295185,
    "max_vertex_degree": 90,
    "min_edge_order": 9.5,
    "min_edge_weight": 0.06336710920371758,
    "n_qubits": 18,
    "total_pstrings": 631
}