{
    "avg_edge_order": 1,
    "avg_edge_weight": 34.94939339282151,
    "avg_vertex_degree": 15.0,
    "edge_order_std_dev": 1.9621416870348585,
    "edge_weight_std_dev": 59.69767131625978,
    "induced_norm": 4368.674174102689,
    "max_edge_order": 8,
    "max_edge_weight": 638.0080807899985,
    "max_vertex_degree": 20,
    "min_edge_order": 4.5,
    "min_edge_weight": 0.05900813794210791,
    "n_qubits": 8,
    "total_pstrings": 125
}