{
    "avg_edge_order": 1,
    "avg_edge_weight": 34.13324245257961,
    "avg_vertex_degree": 15.0,
    "edge_order_std_dev": 1.9621416870348585,
    "edge_weight_std_dev": 61.82494098463971,
    "induced_norm": 4266.65530657245,
    "max_edge_order": 8,
    "max_edge_weight": 654.5196311863126,
    "max_vertex_degree": 20,
    "min_edge_order": 4.5,
    "min_edge_weight": 0.03320718714554616,
    "n_qubits": 8,
    "total_pstrings": 125
}