{
    "avg_edge_order": 1,
    "avg_edge_weight": 33.53492707499321,
    "avg_vertex_degree": 15.0,
    "edge_order_std_dev": 1.9621416870348585,
    "edge_weight_std_dev": 65.99873207380067,
    "induced_norm": 4191.865884374152,
    "max_edge_order": 8,
    "max_edge_weight": 687.3361693353846,
    "max_vertex_degree": 20,
    "min_edge_order": 4.5,
    "min_edge_weight": 0.7324753931058083,
    "n_qubits": 8,
    "total_pstrings": 125
}