{
    "avg_edge_order": 1,
    "avg_edge_weight": 29.842718143049055,
    "avg_vertex_degree": 63.333333333333336,
    "edge_order_std_dev": 4.224926034855522,
    "edge_weight_std_dev": 105.43239376254573,
    "induced_norm": 18830.75514826397,
    "max_edge_order": 18,
    "max_edge_weight": 2601.1223578995887,
    "max_vertex_degree": 90,
    "min_edge_order": 9.5,
    "min_edge_weight": 0.06848903856927535,
    "n_qubits": 18,
    "total_pstrings": 631
}