{
    "avg_edge_order": 1,
    "avg_edge_weight": 35.44979389997255,
    "avg_vertex_degree": 15.0,
    "edge_order_std_dev": 1.9621416870348585,
    "edge_weight_std_dev": 63.9092490315715,
    "induced_norm": 4431.22423749657,
    "max_edge_order": 8,
    "max_edge_weight": 664.4586255945458,
    "max_vertex_degree": 20,
    "min_edge_order": 4.5,
    "min_edge_weight": 0.4740255489312126,
    "n_qubits": 8,
    "total_pstrings": 125
}