{
    "avg_edge_order": 1,
    "avg_edge_weight": 0.3357327909549835,
    "avg_vertex_degree": 14.875,
    "clustering_coefficient": 0.4134067645102325,
    "edge_order_std_dev": 1.9438484284539173,
    "edge_weight_std_dev": 0.6311236535627239,
    "induced_norm": 41.96659886937292,
    "max_edge_order": 8,
    "max_edge_weight": 6.630998951130574,
    "max_vertex_degree": 20,
    "min_edge_order": 4.529411764705882,
    "min_edge_weight": 0.003603289587430558,
    "n_qubits": 8,
    "total_pstrings": 125
}