{
    "avg_edge_order": 1,
    "avg_edge_weight": 31.048918977829064,
    "avg_vertex_degree": 63.333333333333336,
    "edge_order_std_dev": 4.224926034855522,
    "edge_weight_std_dev": 107.55298929484997,
    "induced_norm": 19591.867875010143,
    "max_edge_order": 18,
    "max_edge_weight": 2537.4819551801456,
    "max_vertex_degree": 90,
    "min_edge_order": 9.5,
    "min_edge_weight": 0.0002920940962809482,
    "n_qubits": 18,
    "total_pstrings": 631
}