{
    "avg_edge_order": 1,
    "avg_edge_weight": 34.739271837550206,
    "avg_vertex_degree": 15.0,
    "edge_order_std_dev": 1.9621416870348585,
    "edge_weight_std_dev": 60.65233261621186,
    "induced_norm": 4342.408979693777,
    "max_edge_order": 8,
    "max_edge_weight": 652.1375264440203,
    "max_vertex_degree": 20,
    "min_edge_order": 4.5,
    "min_edge_weight": 0.14776210320963656,
    "n_qubits": 8,
    "total_pstrings": 125
}