{
    "avg_edge_order": 1,
    "avg_edge_weight": 31.912049288596393,
    "avg_vertex_degree": 63.333333333333336,
    "edge_order_std_dev": 4.224926034855522,
    "edge_weight_std_dev": 110.17165668835554,
    "induced_norm": 20136.503101104325,
    "max_edge_order": 18,
    "max_edge_weight": 2557.6361405452135,
    "max_vertex_degree": 90,
    "min_edge_order": 9.5,
    "min_edge_weight": 0.14823768751237054,
    "n_qubits": 18,
    "total_pstrings": 631
}