{
    "avg_edge_order": 1,
    "avg_edge_weight": 36.01383283628924,
    "avg_vertex_degree": 15.0,
    "edge_order_std_dev": 1.9621416870348585,
    "edge_weight_std_dev": 66.13467621810321,
    "induced_norm": 4501.729104536154,
    "max_edge_order": 8,
    "max_edge_weight": 718.2566371050023,
    "max_vertex_degree": 20,
    "min_edge_order": 4.5,
    "min_edge_weight": 0.05159989265421938,
    "n_qubits": 8,
    "total_pstrings": 125
}