{
    "avg_edge_order": 1,
    "avg_edge_weight": 32.16078509719445,
    "avg_vertex_degree": 63.333333333333336,
    "edge_order_std_dev": 4.224926034855522,
    "edge_weight_std_dev": 133.9449424777632,
    "induced_norm": 20293.455396329682,
    "max_edge_order": 18,
    "max_edge_weight": 2922.1277251385955,
    "max_vertex_degree": 90,
    "min_edge_order": 9.5,
    "min_edge_weight": 0.08706183246207089,
    "n_qubits": 18,
    "total_pstrings": 631
}