{
    "avg_edge_order": 1,
    "avg_edge_weight": 35.94908212585245,
    "avg_vertex_degree": 15.0,
    "edge_order_std_dev": 1.9621416870348585,
    "edge_weight_std_dev": 65.68728499179086,
    "induced_norm": 4493.6352657315565,
    "max_edge_order": 8,
    "max_edge_weight": 720.0690940816035,
    "max_vertex_degree": 20,
    "min_edge_order": 4.5,
    "min_edge_weight": 0.321228504320336,
    "n_qubits": 8,
    "total_pstrings": 125
}