{
    "avg_edge_order": 1,
    "avg_edge_weight": 39.33848321283804,
    "avg_vertex_degree": 40.857142857142854,
    "edge_order_std_dev": 3.3670312019449935,
    "edge_weight_std_dev": 78.64139307985823,
    "induced_norm": 17151.578680797385,
    "max_edge_order": 14,
    "max_edge_weight": 1471.2510778325498,
    "max_vertex_degree": 56,
    "min_edge_order": 7.395104895104895,
    "min_edge_weight": 0.010002084426613322,
    "n_qubits": 14,
    "total_pstrings": 436
}