{
    "avg_edge_order": 1,
    "avg_edge_weight": 0.3590687813712935,
    "avg_vertex_degree": 14.875,
    "clustering_coefficient": 0.4134067645102325,
    "edge_order_std_dev": 1.9438484284539173,
    "edge_weight_std_dev": 0.6049594809436337,
    "induced_norm": 44.88359767141166,
    "max_edge_order": 8,
    "max_edge_weight": 6.471426625667179,
    "max_vertex_degree": 20,
    "min_edge_order": 4.529411764705882,
    "min_edge_weight": 0.00425027254803978,
    "n_qubits": 8,
    "total_pstrings": 125
}