{
    "avg_edge_order": 1,
    "avg_edge_weight": 32.62415638699245,
    "avg_vertex_degree": 15.0,
    "edge_order_std_dev": 1.9621416870348585,
    "edge_weight_std_dev": 66.04633268246637,
    "induced_norm": 4078.0195483740576,
    "max_edge_order": 8,
    "max_edge_weight": 730.2527436454044,
    "max_vertex_degree": 20,
    "min_edge_order": 4.5,
    "min_edge_weight": 0.05615202589917545,
    "n_qubits": 8,
    "total_pstrings": 125
}