{
    "avg_edge_order": 1,
    "avg_edge_weight": 29.749478203650277,
    "avg_vertex_degree": 63.333333333333336,
    "edge_order_std_dev": 4.224926034855522,
    "edge_weight_std_dev": 87.23464327234176,
    "induced_norm": 18771.920746503307,
    "max_edge_order": 18,
    "max_edge_weight": 2117.917938630768,
    "max_vertex_degree": 90,
    "min_edge_order": 9.5,
    "min_edge_weight": 0.08661344066305077,
    "n_qubits": 18,
    "total_pstrings": 631
}