{
    "avg_edge_order": 1,
    "avg_edge_weight": 33.60355647054236,
    "avg_vertex_degree": 15.0,
    "edge_order_std_dev": 1.9621416870348585,
    "edge_weight_std_dev": 66.26385041219285,
    "induced_norm": 4200.444558817794,
    "max_edge_order": 8,
    "max_edge_weight": 721.7192110964626,
    "max_vertex_degree": 20,
    "min_edge_order": 4.5,
    "min_edge_weight": 0.16374054895288914,
    "n_qubits": 8,
    "total_pstrings": 125
}