{
    "avg_edge_order": 1,
    "avg_edge_weight": 29.252740579826558,
    "avg_vertex_degree": 63.333333333333336,
    "edge_order_std_dev": 4.224926034855522,
    "edge_weight_std_dev": 91.03680047875191,
    "induced_norm": 18458.47930587054,
    "max_edge_order": 18,
    "max_edge_weight": 2235.971747376659,
    "max_vertex_degree": 90,
    "min_edge_order": 9.5,
    "min_edge_weight": 0.057012391000895946,
    "n_qubits": 18,
    "total_pstrings": 631
}