{
    "avg_edge_order": 1,
    "avg_edge_weight": 29.92352430168061,
    "avg_vertex_degree": 15.0,
    "edge_order_std_dev": 1.9621416870348585,
    "edge_weight_std_dev": 56.45726373071113,
    "induced_norm": 3740.4405377100766,
    "max_edge_order": 8,
    "max_edge_weight": 598.1931118561131,
    "max_vertex_degree": 20,
    "min_edge_order": 4.5,
    "min_edge_weight": 0.22194595619441726,
    "n_qubits": 8,
    "total_pstrings": 125
}