{
    "avg_edge_order": 1,
    "avg_edge_weight": 0.32287065727741127,
    "avg_vertex_degree": 14.875,
    "clustering_coefficient": 0.4134067645102325,
    "edge_order_std_dev": 1.9438484284539173,
    "edge_weight_std_dev": 0.5952000247048395,
    "induced_norm": 40.358832159676446,
    "max_edge_order": 8,
    "max_edge_weight": 6.31939271067349,
    "max_vertex_degree": 20,
    "min_edge_order": 4.529411764705882,
    "min_edge_weight": 0.00201185842552265,
    "n_qubits": 8,
    "total_pstrings": 125
}