{
    "avg_edge_order": 1,
    "avg_edge_weight": 31.402705731090467,
    "avg_vertex_degree": 63.333333333333336,
    "edge_order_std_dev": 4.224926034855522,
    "edge_weight_std_dev": 99.41809347548522,
    "induced_norm": 19815.107316318088,
    "max_edge_order": 18,
    "max_edge_weight": 2259.8868611163393,
    "max_vertex_degree": 90,
    "min_edge_order": 9.5,
    "min_edge_weight": 0.06123023693452723,
    "n_qubits": 18,
    "total_pstrings": 631
}