{
    "avg_edge_order": 1,
    "avg_edge_weight": 32.7417673147898,
    "avg_vertex_degree": 15.0,
    "edge_order_std_dev": 1.9621416870348585,
    "edge_weight_std_dev": 63.52731605346331,
    "induced_norm": 4092.7209143487253,
    "max_edge_order": 8,
    "max_edge_weight": 655.9658460803211,
    "max_vertex_degree": 20,
    "min_edge_order": 4.5,
    "min_edge_weight": 0.21591114937049571,
    "n_qubits": 8,
    "total_pstrings": 125
}