{
    "avg_edge_order": 1,
    "avg_edge_weight": 34.9848930577712,
    "avg_vertex_degree": 15.0,
    "edge_order_std_dev": 1.9621416870348585,
    "edge_weight_std_dev": 61.37491115878274,
    "induced_norm": 4373.1116322214,
    "max_edge_order": 8,
    "max_edge_weight": 648.2386467733168,
    "max_vertex_degree": 20,
    "min_edge_order": 4.5,
    "min_edge_weight": 0.04050768200057342,
    "n_qubits": 8,
    "total_pstrings": 125
}