{
    "avg_edge_order": 1,
    "avg_edge_weight": 33.22968758539186,
    "avg_vertex_degree": 15.0,
    "edge_order_std_dev": 1.9621416870348585,
    "edge_weight_std_dev": 65.19850969911343,
    "induced_norm": 4153.710948173981,
    "max_edge_order": 8,
    "max_edge_weight": 684.6777691878459,
    "max_vertex_degree": 20,
    "min_edge_order": 4.5,
    "min_edge_weight": 0.9464857782772924,
    "n_qubits": 8,
    "total_pstrings": 125
}