{
    "avg_edge_order": 1,
    "avg_edge_weight": 31.78029257862781,
    "avg_vertex_degree": 63.333333333333336,
    "edge_order_std_dev": 4.224926034855522,
    "edge_weight_std_dev": 107.76307293757608,
    "induced_norm": 20053.364617114163,
    "max_edge_order": 18,
    "max_edge_weight": 2510.734100014615,
    "max_vertex_degree": 90,
    "min_edge_order": 9.5,
    "min_edge_weight": 0.0009374267962769522,
    "n_qubits": 18,
    "total_pstrings": 631
}