{
    "avg_edge_order": 1,
    "avg_edge_weight": 34.18400753219975,
    "avg_vertex_degree": 15.0,
    "edge_order_std_dev": 1.9621416870348585,
    "edge_weight_std_dev": 63.257002516441105,
    "induced_norm": 4273.000941524969,
    "max_edge_order": 8,
    "max_edge_weight": 653.2617196978514,
    "max_vertex_degree": 20,
    "min_edge_order": 4.5,
    "min_edge_weight": 0.40864489725959174,
    "n_qubits": 8,
    "total_pstrings": 125
}