{
    "avg_edge_order": 1,
    "avg_edge_weight": 33.87597282532941,
    "avg_vertex_degree": 15.0,
    "edge_order_std_dev": 1.9621416870348585,
    "edge_weight_std_dev": 66.09661174486868,
    "induced_norm": 4234.49660316618,
    "max_edge_order": 8,
    "max_edge_weight": 719.2585622963146,
    "max_vertex_degree": 20,
    "min_edge_order": 4.5,
    "min_edge_weight": 0.6455691833480728,
    "n_qubits": 8,
    "total_pstrings": 125
}