{
    "avg_edge_order": 1,
    "avg_edge_weight": 0.36069202515474724,
    "avg_vertex_degree": 14.875,
    "clustering_coefficient": 0.4134067645102325,
    "edge_order_std_dev": 1.9438484284539173,
    "edge_weight_std_dev": 0.6401048802869541,
    "induced_norm": 45.086503144343396,
    "max_edge_order": 8,
    "max_edge_weight": 6.94496470831269,
    "max_vertex_degree": 20,
    "min_edge_order": 4.529411764705882,
    "min_edge_weight": 0.004020507478493973,
    "n_qubits": 8,
    "total_pstrings": 125
}