{
    "avg_edge_order": 1,
    "avg_edge_weight": 33.653192375103366,
    "avg_vertex_degree": 15.0,
    "edge_order_std_dev": 1.9621416870348585,
    "edge_weight_std_dev": 63.512044920529775,
    "induced_norm": 4206.649046887919,
    "max_edge_order": 8,
    "max_edge_weight": 677.2844350893412,
    "max_vertex_degree": 20,
    "min_edge_order": 4.5,
    "min_edge_weight": 0.8612022679954592,
    "n_qubits": 8,
    "total_pstrings": 125
}