{
    "avg_edge_order": 1,
    "avg_edge_weight": 36.18087054344572,
    "avg_vertex_degree": 5.0,
    "clustering_coefficient": 0.4220077730200311,
    "edge_order_std_dev": 1.02469507659596,
    "edge_weight_std_dev": 46.75120647500335,
    "induced_norm": 1049.2452457599259,
    "max_edge_order": 4,
    "max_edge_weight": 259.7898497366382,
    "max_vertex_degree": 6,
    "min_edge_order": 2.5,
    "min_edge_weight": 0.8296628975047515,
    "n_qubits": 4,
    "total_pstrings": 29
}