{
    "avg_edge_order": 1,
    "avg_edge_weight": 35.85538550953886,
    "avg_vertex_degree": 15.25,
    "edge_order_std_dev": 1.971716157637461,
    "edge_weight_std_dev": 61.156893672413766,
    "induced_norm": 4732.91088725913,
    "max_edge_order": 8,
    "max_edge_weight": 665.8919709442564,
    "max_vertex_degree": 20,
    "min_edge_order": 4.459016393442623,
    "min_edge_weight": 1.995825347741114,
    "n_qubits": 8,
    "total_pstrings": 132
}