{
    "avg_edge_order": 1,
    "avg_edge_weight": 28.706886903966673,
    "avg_vertex_degree": 70.0,
    "edge_order_std_dev": 4.449719092257398,
    "edge_weight_std_dev": 97.44684861732192,
    "induced_norm": 20209.648380392555,
    "max_edge_order": 19,
    "max_edge_weight": 2578.9968953695507,
    "max_vertex_degree": 100,
    "min_edge_order": 10.0,
    "min_edge_weight": 0.09524208029468362,
    "n_qubits": 19,
    "total_pstrings": 704
}