{
    "avg_edge_order": 1,
    "avg_edge_weight": 29.91086162546314,
    "avg_vertex_degree": 70.0,
    "edge_order_std_dev": 4.449719092257398,
    "edge_weight_std_dev": 106.23803625622487,
    "induced_norm": 21057.246584326032,
    "max_edge_order": 19,
    "max_edge_weight": 2820.429559050126,
    "max_vertex_degree": 100,
    "min_edge_order": 10.0,
    "min_edge_weight": 0.047961469282414626,
    "n_qubits": 19,
    "total_pstrings": 704
}