{
    "avg_edge_order": 1,
    "avg_edge_weight": 38.25521255384702,
    "avg_vertex_degree": 15.25,
    "edge_order_std_dev": 1.971716157637461,
    "edge_weight_std_dev": 62.01157443682677,
    "induced_norm": 5049.688057107808,
    "max_edge_order": 8,
    "max_edge_weight": 650.405137839223,
    "max_vertex_degree": 20,
    "min_edge_order": 4.459016393442623,
    "min_edge_weight": 0.6089638162625874,
    "n_qubits": 8,
    "total_pstrings": 132
}