{
    "avg_edge_order": 1,
    "avg_edge_weight": 37.64701566683212,
    "avg_vertex_degree": 15.25,
    "edge_order_std_dev": 1.971716157637461,
    "edge_weight_std_dev": 66.53219139571719,
    "induced_norm": 4969.406068021842,
    "max_edge_order": 8,
    "max_edge_weight": 711.9433590178576,
    "max_vertex_degree": 20,
    "min_edge_order": 4.459016393442623,
    "min_edge_weight": 0.10944968806751443,
    "n_qubits": 8,
    "total_pstrings": 132
}