{
    "avg_edge_order": 1,
    "avg_edge_weight": 29.66802043395489,
    "avg_vertex_degree": 70.0,
    "edge_order_std_dev": 4.449719092257398,
    "edge_weight_std_dev": 100.5615261656177,
    "induced_norm": 20886.28638550424,
    "max_edge_order": 19,
    "max_edge_weight": 2572.449374427892,
    "max_vertex_degree": 100,
    "min_edge_order": 10.0,
    "min_edge_weight": 0.0054102979804611095,
    "n_qubits": 19,
    "total_pstrings": 704
}