{
    "avg_edge_order": 1,
    "avg_edge_weight": 39.85354087078849,
    "avg_vertex_degree": 15.25,
    "edge_order_std_dev": 1.971716157637461,
    "edge_weight_std_dev": 64.0748129258728,
    "induced_norm": 5260.667394944084,
    "max_edge_order": 8,
    "max_edge_weight": 620.1439820884452,
    "max_vertex_degree": 20,
    "min_edge_order": 4.459016393442623,
    "min_edge_weight": 0.4732147966950039,
    "n_qubits": 8,
    "total_pstrings": 132
}