{
    "avg_edge_order": 1,
    "avg_edge_weight": 30.367642105796936,
    "avg_vertex_degree": 70.0,
    "edge_order_std_dev": 4.449719092257398,
    "edge_weight_std_dev": 99.18698402969514,
    "induced_norm": 21378.820042481057,
    "max_edge_order": 19,
    "max_edge_weight": 2507.829701753707,
    "max_vertex_degree": 100,
    "min_edge_order": 10.0,
    "min_edge_weight": 0.05955336993618232,
    "n_qubits": 19,
    "total_pstrings": 704
}