{
    "avg_edge_order": 1,
    "avg_edge_weight": 29.771525285191707,
    "avg_vertex_degree": 70.0,
    "edge_order_std_dev": 4.449719092257398,
    "edge_weight_std_dev": 92.57414294730779,
    "induced_norm": 20959.153800774948,
    "max_edge_order": 19,
    "max_edge_weight": 2344.5832766401413,
    "max_vertex_degree": 100,
    "min_edge_order": 10.0,
    "min_edge_weight": 0.13836020922610714,
    "n_qubits": 19,
    "total_pstrings": 704
}