{
    "avg_edge_order": 1,
    "avg_edge_weight": 35.183738918202835,
    "avg_vertex_degree": 15.25,
    "edge_order_std_dev": 1.971716157637461,
    "edge_weight_std_dev": 61.55885832768224,
    "induced_norm": 4644.253537202773,
    "max_edge_order": 8,
    "max_edge_weight": 660.9262434690443,
    "max_vertex_degree": 20,
    "min_edge_order": 4.459016393442623,
    "min_edge_weight": 0.06968443569692795,
    "n_qubits": 8,
    "total_pstrings": 132
}