{
    "avg_edge_order": 1,
    "avg_edge_weight": 37.777426280851714,
    "avg_vertex_degree": 15.25,
    "edge_order_std_dev": 1.971716157637461,
    "edge_weight_std_dev": 66.51230963040611,
    "induced_norm": 4986.6202690724285,
    "max_edge_order": 8,
    "max_edge_weight": 705.714458226103,
    "max_vertex_degree": 20,
    "min_edge_order": 4.459016393442623,
    "min_edge_weight": 0.255735528496686,
    "n_qubits": 8,
    "total_pstrings": 132
}