{
    "avg_edge_order": 1,
    "avg_edge_weight": 30.562664952490195,
    "avg_vertex_degree": 70.0,
    "edge_order_std_dev": 4.449719092257398,
    "edge_weight_std_dev": 122.89123941334142,
    "induced_norm": 21516.116126553115,
    "max_edge_order": 19,
    "max_edge_weight": 3161.979496139329,
    "max_vertex_degree": 100,
    "min_edge_order": 10.0,
    "min_edge_weight": 0.1552445757629748,
    "n_qubits": 19,
    "total_pstrings": 704
}