{
    "avg_edge_order": 1,
    "avg_edge_weight": 35.17957595806101,
    "avg_vertex_degree": 15.25,
    "edge_order_std_dev": 1.971716157637461,
    "edge_weight_std_dev": 61.71975141303419,
    "induced_norm": 4643.704026464052,
    "max_edge_order": 8,
    "max_edge_weight": 662.7725727843425,
    "max_vertex_degree": 20,
    "min_edge_order": 4.459016393442623,
    "min_edge_weight": 1.9013629879862606,
    "n_qubits": 8,
    "total_pstrings": 132
}