{
    "avg_edge_order": 1,
    "avg_edge_weight": 28.43539115395796,
    "avg_vertex_degree": 70.0,
    "edge_order_std_dev": 4.449719092257398,
    "edge_weight_std_dev": 108.94415703112196,
    "induced_norm": 20018.515372386384,
    "max_edge_order": 19,
    "max_edge_weight": 2873.8946620727356,
    "max_vertex_degree": 100,
    "min_edge_order": 10.0,
    "min_edge_weight": 0.006957799777113749,
    "n_qubits": 19,
    "total_pstrings": 704
}