{
    "avg_edge_order": 1,
    "avg_edge_weight": 29.708117155828326,
    "avg_vertex_degree": 70.0,
    "edge_order_std_dev": 4.449719092257398,
    "edge_weight_std_dev": 106.50190096318583,
    "induced_norm": 20914.514477703124,
    "max_edge_order": 19,
    "max_edge_weight": 2824.9439027474605,
    "max_vertex_degree": 100,
    "min_edge_order": 10.0,
    "min_edge_weight": 0.041146659788765305,
    "n_qubits": 19,
    "total_pstrings": 704
}