{
    "avg_edge_order": 1,
    "avg_edge_weight": 0.36867182520618713,
    "avg_vertex_degree": 15.125,
    "clustering_coefficient": 0.41895814351767824,
    "edge_order_std_dev": 1.9545061411663147,
    "edge_weight_std_dev": 0.658116164039748,
    "induced_norm": 48.66468092721672,
    "max_edge_order": 8,
    "max_edge_weight": 6.7552302902692976,
    "max_vertex_degree": 20,
    "min_edge_order": 4.487603305785124,
    "min_edge_weight": 0.001153919680935367,
    "n_qubits": 8,
    "total_pstrings": 132
}