{
    "avg_edge_order": 1,
    "avg_edge_weight": 30.660009446776268,
    "avg_vertex_degree": 70.0,
    "edge_order_std_dev": 4.449719092257398,
    "edge_weight_std_dev": 114.36684877159749,
    "induced_norm": 21584.64665053049,
    "max_edge_order": 19,
    "max_edge_weight": 2928.9350555319015,
    "max_vertex_degree": 100,
    "min_edge_order": 10.0,
    "min_edge_weight": 0.05105781504423135,
    "n_qubits": 19,
    "total_pstrings": 704
}