{
    "avg_edge_order": 1,
    "avg_edge_weight": 38.50021522746344,
    "avg_vertex_degree": 15.25,
    "edge_order_std_dev": 1.971716157637461,
    "edge_weight_std_dev": 66.64577390453901,
    "induced_norm": 5082.028410025175,
    "max_edge_order": 8,
    "max_edge_weight": 669.401605751182,
    "max_vertex_degree": 20,
    "min_edge_order": 4.459016393442623,
    "min_edge_weight": 1.486622087991307,
    "n_qubits": 8,
    "total_pstrings": 132
}