{
    "avg_edge_order": 1,
    "avg_edge_weight": 39.101482259058095,
    "avg_vertex_degree": 15.25,
    "edge_order_std_dev": 1.971716157637461,
    "edge_weight_std_dev": 66.20607793384735,
    "induced_norm": 5161.395658195668,
    "max_edge_order": 8,
    "max_edge_weight": 674.8322036480768,
    "max_vertex_degree": 20,
    "min_edge_order": 4.459016393442623,
    "min_edge_weight": 0.273817093013184,
    "n_qubits": 8,
    "total_pstrings": 132
}