{
    "avg_edge_order": 1,
    "avg_edge_weight": 28.499368260475872,
    "avg_vertex_degree": 70.0,
    "edge_order_std_dev": 4.449719092257398,
    "edge_weight_std_dev": 99.31353362451905,
    "induced_norm": 20063.555255375024,
    "max_edge_order": 19,
    "max_edge_weight": 2633.24306074067,
    "max_vertex_degree": 100,
    "min_edge_order": 10.0,
    "min_edge_weight": 0.012885502582060226,
    "n_qubits": 19,
    "total_pstrings": 704
}