{
    "avg_edge_order": 1,
    "avg_edge_weight": 28.8677439083345,
    "avg_vertex_degree": 51.0,
    "edge_order_std_dev": 3.774917217635375,
    "edge_weight_std_dev": 81.5810099788606,
    "induced_norm": 14347.26872244224,
    "max_edge_order": 16,
    "max_edge_weight": 1818.0104460682535,
    "max_vertex_degree": 72,
    "min_edge_order": 8.5,
    "min_edge_weight": 0.055632885443229974,
    "n_qubits": 16,
    "total_pstrings": 497
}