{
    "avg_edge_order": 1,
    "avg_edge_weight": 36.78473591986926,
    "avg_vertex_degree": 22.0,
    "edge_order_std_dev": 2.4186773244895647,
    "edge_weight_std_dev": 117.21145803477923,
    "induced_norm": 7025.884560695032,
    "max_edge_order": 10,
    "max_edge_weight": 1579.2042268038285,
    "max_vertex_degree": 30,
    "min_edge_order": 5.5,
    "min_edge_weight": 0.3796241573532342,
    "n_qubits": 10,
    "total_pstrings": 191
}