{
    "avg_edge_order": 1,
    "avg_edge_weight": 39.44668253280818,
    "avg_vertex_degree": 15.25,
    "edge_order_std_dev": 1.971716157637461,
    "edge_weight_std_dev": 69.72186885870615,
    "induced_norm": 5206.962094330681,
    "max_edge_order": 8,
    "max_edge_weight": 702.3605738309869,
    "max_vertex_degree": 20,
    "min_edge_order": 4.459016393442623,
    "min_edge_weight": 0.18875144416688472,
    "n_qubits": 8,
    "total_pstrings": 132
}