{
    "avg_edge_order": 1,
    "avg_edge_weight": 38.30251472289284,
    "avg_vertex_degree": 15.25,
    "edge_order_std_dev": 1.971716157637461,
    "edge_weight_std_dev": 68.9572198370879,
    "induced_norm": 5055.931943421853,
    "max_edge_order": 8,
    "max_edge_weight": 734.1391675720129,
    "max_vertex_degree": 20,
    "min_edge_order": 4.459016393442623,
    "min_edge_weight": 0.126368326467464,
    "n_qubits": 8,
    "total_pstrings": 132
}