{
    "avg_edge_order": 1,
    "avg_edge_weight": 29.597572000971965,
    "avg_vertex_degree": 70.0,
    "edge_order_std_dev": 4.449719092257398,
    "edge_weight_std_dev": 101.8754200536512,
    "induced_norm": 20836.690688684273,
    "max_edge_order": 19,
    "max_edge_weight": 2610.566422585343,
    "max_vertex_degree": 100,
    "min_edge_order": 10.0,
    "min_edge_weight": 0.08758657882918541,
    "n_qubits": 19,
    "total_pstrings": 704
}