{
    "avg_edge_order": 1,
    "avg_edge_weight": 36.06207864585634,
    "avg_vertex_degree": 15.25,
    "edge_order_std_dev": 1.971716157637461,
    "edge_weight_std_dev": 64.32361431210673,
    "induced_norm": 4760.194381253034,
    "max_edge_order": 8,
    "max_edge_weight": 682.3796265925338,
    "max_vertex_degree": 20,
    "min_edge_order": 4.459016393442623,
    "min_edge_weight": 0.38488230067770246,
    "n_qubits": 8,
    "total_pstrings": 132
}