{
    "avg_edge_order": 1,
    "avg_edge_weight": 28.318212033229994,
    "avg_vertex_degree": 70.0,
    "edge_order_std_dev": 4.449719092257398,
    "edge_weight_std_dev": 97.75630400264397,
    "induced_norm": 19936.021271393907,
    "max_edge_order": 19,
    "max_edge_weight": 2586.7914424798046,
    "max_vertex_degree": 100,
    "min_edge_order": 10.0,
    "min_edge_weight": 0.0013686475378698049,
    "n_qubits": 19,
    "total_pstrings": 704
}