{
    "avg_edge_order": 1,
    "avg_edge_weight": 28.92360886970171,
    "avg_vertex_degree": 70.0,
    "edge_order_std_dev": 4.449719092257398,
    "edge_weight_std_dev": 89.09831757333677,
    "induced_norm": 20362.220644269993,
    "max_edge_order": 19,
    "max_edge_weight": 2301.1498626060516,
    "max_vertex_degree": 100,
    "min_edge_order": 10.0,
    "min_edge_weight": 0.06859693503322717,
    "n_qubits": 19,
    "total_pstrings": 704
}