{
    "avg_edge_order": 1,
    "avg_edge_weight": 35.52744852061197,
    "avg_vertex_degree": 15.25,
    "edge_order_std_dev": 1.971716157637461,
    "edge_weight_std_dev": 63.15676706689367,
    "induced_norm": 4689.62320472078,
    "max_edge_order": 8,
    "max_edge_weight": 621.8298293135842,
    "max_vertex_degree": 20,
    "min_edge_order": 4.459016393442623,
    "min_edge_weight": 0.36861047730290153,
    "n_qubits": 8,
    "total_pstrings": 132
}