{
    "avg_edge_order": 1,
    "avg_edge_weight": 27.841791764952653,
    "avg_vertex_degree": 70.0,
    "edge_order_std_dev": 4.449719092257398,
    "edge_weight_std_dev": 82.15373718142048,
    "induced_norm": 19600.621402526664,
    "max_edge_order": 19,
    "max_edge_weight": 2117.621988215934,
    "max_vertex_degree": 100,
    "min_edge_order": 10.0,
    "min_edge_weight": 0.052473600371317985,
    "n_qubits": 19,
    "total_pstrings": 704
}