{
    "avg_edge_order": 1,
    "avg_edge_weight": 38.53559373955081,
    "avg_vertex_degree": 15.25,
    "edge_order_std_dev": 1.971716157637461,
    "edge_weight_std_dev": 65.48672256691847,
    "induced_norm": 5086.698373620707,
    "max_edge_order": 8,
    "max_edge_weight": 657.6433713868622,
    "max_vertex_degree": 20,
    "min_edge_order": 4.459016393442623,
    "min_edge_weight": 0.19624561230785487,
    "n_qubits": 8,
    "total_pstrings": 132
}