{
    "avg_edge_order": 1,
    "avg_edge_weight": 27.88196691405826,
    "avg_vertex_degree": 70.0,
    "edge_order_std_dev": 4.449719092257398,
    "edge_weight_std_dev": 93.08383320545242,
    "induced_norm": 19628.904707497033,
    "max_edge_order": 19,
    "max_edge_weight": 2450.4031311479857,
    "max_vertex_degree": 100,
    "min_edge_order": 10.0,
    "min_edge_weight": 0.04777372936560198,
    "n_qubits": 19,
    "total_pstrings": 704
}