{
    "avg_edge_order": 1,
    "avg_edge_weight": 38.42370815285935,
    "avg_vertex_degree": 15.25,
    "edge_order_std_dev": 1.971716157637461,
    "edge_weight_std_dev": 64.04845495637603,
    "induced_norm": 5071.929476177435,
    "max_edge_order": 8,
    "max_edge_weight": 667.878626730115,
    "max_vertex_degree": 20,
    "min_edge_order": 4.459016393442623,
    "min_edge_weight": 0.08809356972115934,
    "n_qubits": 8,
    "total_pstrings": 132
}