{
    "avg_edge_order": 1,
    "avg_edge_weight": 0.38147773030322996,
    "avg_vertex_degree": 15.125,
    "clustering_coefficient": 0.41895814351767824,
    "edge_order_std_dev": 1.9545061411663147,
    "edge_weight_std_dev": 0.66916580903365,
    "induced_norm": 50.35506040002638,
    "max_edge_order": 8,
    "max_edge_weight": 7.087342817409719,
    "max_vertex_degree": 20,
    "min_edge_order": 4.487603305785124,
    "min_edge_weight": 0.0007078708337395767,
    "n_qubits": 8,
    "total_pstrings": 132
}