{
    "avg_edge_order": 1,
    "avg_edge_weight": 38.175996382644506,
    "avg_vertex_degree": 15.25,
    "edge_order_std_dev": 1.971716157637461,
    "edge_weight_std_dev": 70.3320771249032,
    "induced_norm": 5039.231522509077,
    "max_edge_order": 8,
    "max_edge_weight": 718.1739951396511,
    "max_vertex_degree": 20,
    "min_edge_order": 4.459016393442623,
    "min_edge_weight": 0.14651194632194375,
    "n_qubits": 8,
    "total_pstrings": 132
}