{
    "avg_edge_order": 1,
    "avg_edge_weight": 38.11171518989561,
    "avg_vertex_degree": 15.25,
    "edge_order_std_dev": 1.971716157637461,
    "edge_weight_std_dev": 65.96876948045895,
    "induced_norm": 5030.746405066223,
    "max_edge_order": 8,
    "max_edge_weight": 700.7390901749179,
    "max_vertex_degree": 20,
    "min_edge_order": 4.459016393442623,
    "min_edge_weight": 0.287244890912314,
    "n_qubits": 8,
    "total_pstrings": 132
}