{
    "avg_edge_order": 1,
    "avg_edge_weight": 28.675429425620276,
    "avg_vertex_degree": 70.0,
    "edge_order_std_dev": 4.449719092257398,
    "edge_weight_std_dev": 95.86208556954907,
    "induced_norm": 20187.50231563666,
    "max_edge_order": 19,
    "max_edge_weight": 2528.4446125930754,
    "max_vertex_degree": 100,
    "min_edge_order": 10.0,
    "min_edge_weight": 0.03546434901667839,
    "n_qubits": 19,
    "total_pstrings": 704
}