{
    "avg_edge_order": 1,
    "avg_edge_weight": 38.52483921450277,
    "avg_vertex_degree": 22.0,
    "edge_order_std_dev": 2.4186773244895647,
    "edge_weight_std_dev": 106.4731188711892,
    "induced_norm": 7358.244289970028,
    "max_edge_order": 10,
    "max_edge_weight": 1001.0269380500249,
    "max_vertex_degree": 30,
    "min_edge_order": 5.5,
    "min_edge_weight": 0.3476648709096253,
    "n_qubits": 10,
    "total_pstrings": 191
}