{
    "avg_edge_order": 1,
    "avg_edge_weight": 28.119309413044515,
    "avg_vertex_degree": 51.0,
    "edge_order_std_dev": 3.774917217635375,
    "edge_weight_std_dev": 78.13698630095804,
    "induced_norm": 13975.296778283126,
    "max_edge_order": 16,
    "max_edge_weight": 1736.9920135777522,
    "max_vertex_degree": 72,
    "min_edge_order": 8.5,
    "min_edge_weight": 0.06611684594898803,
    "n_qubits": 16,
    "total_pstrings": 497
}