{
    "avg_edge_order": 1,
    "avg_edge_weight": 34.14815566354718,
    "avg_vertex_degree": 5.0,
    "clustering_coefficient": 0.4220077730200311,
    "edge_order_std_dev": 1.02469507659596,
    "edge_weight_std_dev": 45.08884153909106,
    "induced_norm": 990.2965142428684,
    "max_edge_order": 4,
    "max_edge_weight": 259.37014634560626,
    "max_vertex_degree": 6,
    "min_edge_order": 2.5,
    "min_edge_weight": 1.1348282394111397,
    "n_qubits": 4,
    "total_pstrings": 29
}