{
    "avg_edge_order": 1,
    "avg_edge_weight": 29.234067599946112,
    "avg_vertex_degree": 18.333333333333332,
    "edge_order_std_dev": 2.1908902300206643,
    "edge_weight_std_dev": 64.07480531561454,
    "induced_norm": 4502.046410391703,
    "max_edge_order": 9,
    "max_edge_weight": 800.965788307304,
    "max_vertex_degree": 25,
    "min_edge_order": 5.0,
    "min_edge_weight": 0.004407376741705216,
    "n_qubits": 9,
    "total_pstrings": 154
}