{
    "avg_edge_order": 1,
    "avg_edge_weight": 31.32444520801662,
    "avg_vertex_degree": 70.0,
    "edge_order_std_dev": 4.449719092257398,
    "edge_weight_std_dev": 123.58366551531793,
    "induced_norm": 22052.409426443737,
    "max_edge_order": 19,
    "max_edge_weight": 2833.161742929602,
    "max_vertex_degree": 100,
    "min_edge_order": 10.0,
    "min_edge_weight": 0.05754610346662692,
    "n_qubits": 19,
    "total_pstrings": 704
}