{
    "avg_edge_order": 1,
    "avg_edge_weight": 29.226133885991263,
    "avg_vertex_degree": 70.0,
    "edge_order_std_dev": 4.449719092257398,
    "edge_weight_std_dev": 93.00823657529789,
    "induced_norm": 20575.19825573783,
    "max_edge_order": 19,
    "max_edge_weight": 2291.0063930147558,
    "max_vertex_degree": 100,
    "min_edge_order": 10.0,
    "min_edge_weight": 0.04331962395778821,
    "n_qubits": 19,
    "total_pstrings": 704
}