{
    "avg_edge_order": 1,
    "avg_edge_weight": 29.61171973085352,
    "avg_vertex_degree": 18.333333333333332,
    "edge_order_std_dev": 2.1908902300206643,
    "edge_weight_std_dev": 67.75159656536795,
    "induced_norm": 4560.2048385514445,
    "max_edge_order": 9,
    "max_edge_weight": 845.0473644086909,
    "max_vertex_degree": 25,
    "min_edge_order": 5.0,
    "min_edge_weight": 0.06718426597789318,
    "n_qubits": 9,
    "total_pstrings": 154
}