{
    "avg_edge_order": 1,
    "avg_edge_weight": 32.337996183752416,
    "avg_vertex_degree": 70.0,
    "edge_order_std_dev": 4.449719092257398,
    "edge_weight_std_dev": 122.71830580596068,
    "induced_norm": 22765.949313361696,
    "max_edge_order": 19,
    "max_edge_weight": 2975.966029064597,
    "max_vertex_degree": 100,
    "min_edge_order": 10.0,
    "min_edge_weight": 0.010654547613505372,
    "n_qubits": 19,
    "total_pstrings": 704
}