{
    "avg_edge_order": 1,
    "avg_edge_weight": 26.13143375206691,
    "avg_vertex_degree": 18.333333333333332,
    "edge_order_std_dev": 2.1908902300206643,
    "edge_weight_std_dev": 56.826278759514636,
    "induced_norm": 4024.2407978183037,
    "max_edge_order": 9,
    "max_edge_weight": 707.478247480372,
    "max_vertex_degree": 25,
    "min_edge_order": 5.0,
    "min_edge_weight": 0.8993771612917367,
    "n_qubits": 9,
    "total_pstrings": 154
}