{
    "avg_edge_order": 1,
    "avg_edge_weight": 31.299545938561323,
    "avg_vertex_degree": 70.0,
    "edge_order_std_dev": 4.449719092257398,
    "edge_weight_std_dev": 107.66906466233591,
    "induced_norm": 22034.880340747146,
    "max_edge_order": 19,
    "max_edge_weight": 2208.340600756054,
    "max_vertex_degree": 100,
    "min_edge_order": 10.0,
    "min_edge_weight": 0.12364082874029059,
    "n_qubits": 19,
    "total_pstrings": 704
}