{
    "avg_edge_order": 1,
    "avg_edge_weight": 0.499145639662507,
    "avg_vertex_degree": 15.125,
    "clustering_coefficient": 0.38150974710082836,
    "edge_order_std_dev": 1.9545061411663147,
    "edge_weight_std_dev": 0.7560220026561539,
    "induced_norm": 73.37440903038855,
    "max_edge_order": 8,
    "max_edge_weight": 7.187868651880047,
    "max_vertex_degree": 20,
    "min_edge_order": 4.487603305785124,
    "min_edge_weight": 0.00012357085823339053,
    "n_qubits": 8,
    "total_pstrings": 147
}