{
    "avg_edge_order": 1,
    "avg_edge_weight": 31.071957560148203,
    "avg_vertex_degree": 70.0,
    "edge_order_std_dev": 4.449719092257398,
    "edge_weight_std_dev": 115.67437905573283,
    "induced_norm": 21874.658122344346,
    "max_edge_order": 19,
    "max_edge_weight": 2838.9493132296125,
    "max_vertex_degree": 100,
    "min_edge_order": 10.0,
    "min_edge_weight": 0.025796359249184775,
    "n_qubits": 19,
    "total_pstrings": 704
}