{
    "avg_edge_order": 1,
    "avg_edge_weight": 29.859989824203545,
    "avg_vertex_degree": 18.333333333333332,
    "edge_order_std_dev": 2.1908902300206643,
    "edge_weight_std_dev": 63.2847564540215,
    "induced_norm": 4598.438432927348,
    "max_edge_order": 9,
    "max_edge_weight": 792.7449337461973,
    "max_vertex_degree": 25,
    "min_edge_order": 5.0,
    "min_edge_weight": 0.19428172960069823,
    "n_qubits": 9,
    "total_pstrings": 154
}