{
    "avg_edge_order": 1,
    "avg_edge_weight": 31.460541510429696,
    "avg_vertex_degree": 18.333333333333332,
    "edge_order_std_dev": 2.1908902300206643,
    "edge_weight_std_dev": 68.11747300971844,
    "induced_norm": 4844.923392606175,
    "max_edge_order": 9,
    "max_edge_weight": 856.4227263202905,
    "max_vertex_degree": 25,
    "min_edge_order": 5.0,
    "min_edge_weight": 0.13265359004488997,
    "n_qubits": 9,
    "total_pstrings": 154
}