{
    "avg_edge_order": 1,
    "avg_edge_weight": 32.16540337070638,
    "avg_vertex_degree": 70.0,
    "edge_order_std_dev": 4.449719092257398,
    "edge_weight_std_dev": 128.66622123970518,
    "induced_norm": 22644.443972977275,
    "max_edge_order": 19,
    "max_edge_weight": 3154.003747888934,
    "max_vertex_degree": 100,
    "min_edge_order": 10.0,
    "min_edge_weight": 0.032313420193047504,
    "n_qubits": 19,
    "total_pstrings": 704
}