{
    "avg_edge_order": 1,
    "avg_edge_weight": 31.47574297073099,
    "avg_vertex_degree": 70.0,
    "edge_order_std_dev": 4.449719092257398,
    "edge_weight_std_dev": 117.36048391183502,
    "induced_norm": 22158.923051394613,
    "max_edge_order": 19,
    "max_edge_weight": 2825.796479649205,
    "max_vertex_degree": 100,
    "min_edge_order": 10.0,
    "min_edge_weight": 0.022567382006151604,
    "n_qubits": 19,
    "total_pstrings": 704
}