{
    "avg_edge_order": 1,
    "avg_edge_weight": 32.16385417726026,
    "avg_vertex_degree": 18.333333333333332,
    "edge_order_std_dev": 2.1908902300206643,
    "edge_weight_std_dev": 71.95768384746427,
    "induced_norm": 4953.233543298077,
    "max_edge_order": 9,
    "max_edge_weight": 903.2572493399257,
    "max_vertex_degree": 25,
    "min_edge_order": 5.0,
    "min_edge_weight": 0.22608500911018292,
    "n_qubits": 9,
    "total_pstrings": 154
}