{
    "avg_edge_order": 1,
    "avg_edge_weight": 30.94799772494756,
    "avg_vertex_degree": 70.0,
    "edge_order_std_dev": 4.449719092257398,
    "edge_weight_std_dev": 109.16975154224065,
    "induced_norm": 21787.390398363077,
    "max_edge_order": 19,
    "max_edge_weight": 2683.82397523257,
    "max_vertex_degree": 100,
    "min_edge_order": 10.0,
    "min_edge_weight": 0.012557999968160871,
    "n_qubits": 19,
    "total_pstrings": 704
}