{
    "avg_edge_order": 1,
    "avg_edge_weight": 30.824199606134076,
    "avg_vertex_degree": 18.333333333333332,
    "edge_order_std_dev": 2.1908902300206643,
    "edge_weight_std_dev": 66.56883358604513,
    "induced_norm": 4746.926739344648,
    "max_edge_order": 9,
    "max_edge_weight": 833.3380859308093,
    "max_vertex_degree": 25,
    "min_edge_order": 5.0,
    "min_edge_weight": 0.009675618159338262,
    "n_qubits": 9,
    "total_pstrings": 154
}