{
    "avg_edge_order": 1,
    "avg_edge_weight": 0.440969629274488,
    "avg_vertex_degree": 15.125,
    "clustering_coefficient": 0.38150974710082836,
    "edge_order_std_dev": 1.9545061411663147,
    "edge_weight_std_dev": 0.6967415696190119,
    "induced_norm": 64.82253550334971,
    "max_edge_order": 8,
    "max_edge_weight": 6.9231554664755395,
    "max_vertex_degree": 20,
    "min_edge_order": 4.487603305785124,
    "min_edge_weight": 0.01642427035648819,
    "n_qubits": 8,
    "total_pstrings": 147
}