{
    "avg_edge_order": 1,
    "avg_edge_weight": 33.27279725011001,
    "avg_vertex_degree": 70.0,
    "edge_order_std_dev": 4.449719092257398,
    "edge_weight_std_dev": 133.48160457328999,
    "induced_norm": 23424.04926407744,
    "max_edge_order": 19,
    "max_edge_weight": 3035.1850578720178,
    "max_vertex_degree": 100,
    "min_edge_order": 10.0,
    "min_edge_weight": 0.1492146797997691,
    "n_qubits": 19,
    "total_pstrings": 704
}