{
    "avg_edge_order": 1,
    "avg_edge_weight": 27.735464138723398,
    "avg_vertex_degree": 51.0,
    "edge_order_std_dev": 3.774917217635375,
    "edge_weight_std_dev": 77.62947401427846,
    "induced_norm": 13812.26114108425,
    "max_edge_order": 16,
    "max_edge_weight": 1725.6845419016483,
    "max_vertex_degree": 72,
    "min_edge_order": 8.5,
    "min_edge_weight": 0.13545586609484128,
    "n_qubits": 16,
    "total_pstrings": 498
}