{
    "avg_edge_order": 1,
    "avg_edge_weight": 40.12696583906304,
    "avg_vertex_degree": 22.0,
    "edge_order_std_dev": 2.4186773244895647,
    "edge_weight_std_dev": 123.06596369663262,
    "induced_norm": 7664.250475261038,
    "max_edge_order": 10,
    "max_edge_weight": 1398.3280949401367,
    "max_vertex_degree": 30,
    "min_edge_order": 5.5,
    "min_edge_weight": 0.3374416144288017,
    "n_qubits": 10,
    "total_pstrings": 191
}