{
    "avg_edge_order": 1,
    "avg_edge_weight": 28.92837086673904,
    "avg_vertex_degree": 70.0,
    "edge_order_std_dev": 4.449719092257398,
    "edge_weight_std_dev": 101.84925729431656,
    "induced_norm": 20365.573090184265,
    "max_edge_order": 19,
    "max_edge_weight": 2627.4622786258305,
    "max_vertex_degree": 100,
    "min_edge_order": 10.0,
    "min_edge_weight": 0.07019776904135,
    "n_qubits": 19,
    "total_pstrings": 704
}