{
    "avg_edge_order": 1,
    "avg_edge_weight": 27.437861333941587,
    "avg_vertex_degree": 18.333333333333332,
    "edge_order_std_dev": 2.1908902300206643,
    "edge_weight_std_dev": 60.95067217879754,
    "induced_norm": 4225.4306454270045,
    "max_edge_order": 9,
    "max_edge_weight": 763.0706715805056,
    "max_vertex_degree": 25,
    "min_edge_order": 5.0,
    "min_edge_weight": 0.45129019817748883,
    "n_qubits": 9,
    "total_pstrings": 154
}