{
    "avg_edge_order": 1,
    "avg_edge_weight": 30.706964017066277,
    "avg_vertex_degree": 70.0,
    "edge_order_std_dev": 4.449719092257398,
    "edge_weight_std_dev": 117.59338899598616,
    "induced_norm": 21617.702668014645,
    "max_edge_order": 19,
    "max_edge_weight": 2930.5976278891285,
    "max_vertex_degree": 100,
    "min_edge_order": 10.0,
    "min_edge_weight": 0.1046711317977227,
    "n_qubits": 19,
    "total_pstrings": 704
}