{
    "avg_edge_order": 1,
    "avg_edge_weight": 29.561502412284426,
    "avg_vertex_degree": 70.0,
    "edge_order_std_dev": 4.449719092257398,
    "edge_weight_std_dev": 90.73632129865405,
    "induced_norm": 20811.297698248232,
    "max_edge_order": 19,
    "max_edge_weight": 2214.319908962758,
    "max_vertex_degree": 100,
    "min_edge_order": 10.0,
    "min_edge_weight": 0.2284546319196279,
    "n_qubits": 19,
    "total_pstrings": 704
}