{
    "avg_edge_order": 1,
    "avg_edge_weight": 31.978025746393612,
    "avg_vertex_degree": 18.333333333333332,
    "edge_order_std_dev": 2.1908902300206643,
    "edge_weight_std_dev": 71.00699244484703,
    "induced_norm": 4924.615964944609,
    "max_edge_order": 9,
    "max_edge_weight": 891.2570900001538,
    "max_vertex_degree": 25,
    "min_edge_order": 5.0,
    "min_edge_weight": 0.034789057475748564,
    "n_qubits": 9,
    "total_pstrings": 154
}