{
    "avg_edge_order": 1,
    "avg_edge_weight": 0.4402851837057365,
    "avg_vertex_degree": 15.125,
    "clustering_coefficient": 0.38150974710082836,
    "edge_order_std_dev": 1.9545061411663147,
    "edge_weight_std_dev": 0.7036768837068439,
    "induced_norm": 64.72192200474328,
    "max_edge_order": 8,
    "max_edge_weight": 6.720304971626065,
    "max_vertex_degree": 20,
    "min_edge_order": 4.487603305785124,
    "min_edge_weight": 0.004575770549130442,
    "n_qubits": 8,
    "total_pstrings": 147
}