{
    "avg_edge_order": 1,
    "avg_edge_weight": 31.483706674584333,
    "avg_vertex_degree": 70.0,
    "edge_order_std_dev": 4.449719092257398,
    "edge_weight_std_dev": 123.43107547996304,
    "induced_norm": 22164.52949890738,
    "max_edge_order": 19,
    "max_edge_weight": 3010.543548129736,
    "max_vertex_degree": 100,
    "min_edge_order": 10.0,
    "min_edge_weight": 0.07403664888618344,
    "n_qubits": 19,
    "total_pstrings": 704
}