{
    "avg_edge_order": 1,
    "avg_edge_weight": 30.225191087159377,
    "avg_vertex_degree": 70.0,
    "edge_order_std_dev": 4.449719092257398,
    "edge_weight_std_dev": 116.4852894005247,
    "induced_norm": 21278.534525360203,
    "max_edge_order": 19,
    "max_edge_weight": 3042.8070478485656,
    "max_vertex_degree": 100,
    "min_edge_order": 10.0,
    "min_edge_weight": 0.14631376513935535,
    "n_qubits": 19,
    "total_pstrings": 704
}