{
    "avg_edge_order": 1,
    "avg_edge_weight": 30.339739878127034,
    "avg_vertex_degree": 18.333333333333332,
    "edge_order_std_dev": 2.1908902300206643,
    "edge_weight_std_dev": 68.39532634351463,
    "induced_norm": 4672.319941231566,
    "max_edge_order": 9,
    "max_edge_weight": 858.2167081164814,
    "max_vertex_degree": 25,
    "min_edge_order": 5.0,
    "min_edge_weight": 0.5944629745731456,
    "n_qubits": 9,
    "total_pstrings": 154
}