{
    "avg_edge_order": 1,
    "avg_edge_weight": 0.455267107280484,
    "avg_vertex_degree": 15.125,
    "clustering_coefficient": 0.38150974710082836,
    "edge_order_std_dev": 1.9545061411663147,
    "edge_weight_std_dev": 0.7391940416024604,
    "induced_norm": 66.92426477023115,
    "max_edge_order": 8,
    "max_edge_weight": 6.818842844600923,
    "max_vertex_degree": 20,
    "min_edge_order": 4.487603305785124,
    "min_edge_weight": 0.006860529945856064,
    "n_qubits": 8,
    "total_pstrings": 147
}