{
    "avg_edge_order": 1,
    "avg_edge_weight": 29.91606131593479,
    "avg_vertex_degree": 18.333333333333332,
    "edge_order_std_dev": 2.1908902300206643,
    "edge_weight_std_dev": 61.98027569704934,
    "induced_norm": 4607.073442653957,
    "max_edge_order": 9,
    "max_edge_weight": 776.1881929067862,
    "max_vertex_degree": 25,
    "min_edge_order": 5.0,
    "min_edge_weight": 0.8376164823468173,
    "n_qubits": 9,
    "total_pstrings": 154
}