{
    "avg_edge_order": 1,
    "avg_edge_weight": 31.221825302412995,
    "avg_vertex_degree": 70.0,
    "edge_order_std_dev": 4.449719092257398,
    "edge_weight_std_dev": 96.6647357174403,
    "induced_norm": 21980.16501289873,
    "max_edge_order": 19,
    "max_edge_weight": 2227.8025769268957,
    "max_vertex_degree": 100,
    "min_edge_order": 10.0,
    "min_edge_weight": 0.12770343081147106,
    "n_qubits": 19,
    "total_pstrings": 704
}