{
    "avg_edge_order": 1,
    "avg_edge_weight": 31.40511272942964,
    "avg_vertex_degree": 18.333333333333332,
    "edge_order_std_dev": 2.1908902300206643,
    "edge_weight_std_dev": 67.66528402530273,
    "induced_norm": 4836.387360332164,
    "max_edge_order": 9,
    "max_edge_weight": 846.4711169348202,
    "max_vertex_degree": 25,
    "min_edge_order": 5.0,
    "min_edge_weight": 0.11300531853702367,
    "n_qubits": 9,
    "total_pstrings": 154
}