{
    "avg_edge_order": 1,
    "avg_edge_weight": 30.236951953522393,
    "avg_vertex_degree": 18.333333333333332,
    "edge_order_std_dev": 2.1908902300206643,
    "edge_weight_std_dev": 62.2469128122167,
    "induced_norm": 4656.490600842449,
    "max_edge_order": 9,
    "max_edge_weight": 780.725886914213,
    "max_vertex_degree": 25,
    "min_edge_order": 5.0,
    "min_edge_weight": 0.53007095657936,
    "n_qubits": 9,
    "total_pstrings": 154
}