{
    "avg_edge_order": 1,
    "avg_edge_weight": 30.318786134865388,
    "avg_vertex_degree": 70.0,
    "edge_order_std_dev": 4.449719092257398,
    "edge_weight_std_dev": 110.80716307139438,
    "induced_norm": 21344.425438945233,
    "max_edge_order": 19,
    "max_edge_weight": 2786.3071790175227,
    "max_vertex_degree": 100,
    "min_edge_order": 10.0,
    "min_edge_weight": 0.002597754459666035,
    "n_qubits": 19,
    "total_pstrings": 704
}