{
    "avg_edge_order": 1,
    "avg_edge_weight": 30.992659007651422,
    "avg_vertex_degree": 70.0,
    "edge_order_std_dev": 4.449719092257398,
    "edge_weight_std_dev": 95.37754428055236,
    "induced_norm": 21818.83194138661,
    "max_edge_order": 19,
    "max_edge_weight": 2276.441717561325,
    "max_vertex_degree": 100,
    "min_edge_order": 10.0,
    "min_edge_weight": 0.007582002241552033,
    "n_qubits": 19,
    "total_pstrings": 704
}