{
    "avg_edge_order": 1,
    "avg_edge_weight": 30.063230163705636,
    "avg_vertex_degree": 18.333333333333332,
    "edge_order_std_dev": 2.1908902300206643,
    "edge_weight_std_dev": 64.99175959466865,
    "induced_norm": 4629.737445210667,
    "max_edge_order": 9,
    "max_edge_weight": 811.2179075490409,
    "max_vertex_degree": 25,
    "min_edge_order": 5.0,
    "min_edge_weight": 0.8375097213006342,
    "n_qubits": 9,
    "total_pstrings": 154
}