{
    "avg_edge_order": 1,
    "avg_edge_weight": 29.733816351046915,
    "avg_vertex_degree": 70.0,
    "edge_order_std_dev": 4.449719092257398,
    "edge_weight_std_dev": 91.49269645850639,
    "induced_norm": 20932.60671113701,
    "max_edge_order": 19,
    "max_edge_weight": 2244.1824521783606,
    "max_vertex_degree": 100,
    "min_edge_order": 10.0,
    "min_edge_weight": 0.01986001366263146,
    "n_qubits": 19,
    "total_pstrings": 704
}