{
    "avg_edge_order": 1,
    "avg_edge_weight": 29.707753470809223,
    "avg_vertex_degree": 51.0,
    "edge_order_std_dev": 3.774917217635375,
    "edge_weight_std_dev": 80.65886598542654,
    "induced_norm": 14883.584488875424,
    "max_edge_order": 16,
    "max_edge_weight": 1779.757911303976,
    "max_vertex_degree": 72,
    "min_edge_order": 8.5,
    "min_edge_weight": 0.13514186542032403,
    "n_qubits": 16,
    "total_pstrings": 501
}