{
    "avg_edge_order": 1,
    "avg_edge_weight": 37.47116574620186,
    "avg_vertex_degree": 22.0,
    "edge_order_std_dev": 2.4186773244895647,
    "edge_weight_std_dev": 114.19320088421156,
    "induced_norm": 7156.992657524555,
    "max_edge_order": 10,
    "max_edge_weight": 1141.6825739536775,
    "max_vertex_degree": 30,
    "min_edge_order": 5.5,
    "min_edge_weight": 1.0916009307195493,
    "n_qubits": 10,
    "total_pstrings": 191
}