{
    "avg_edge_order": 1,
    "avg_edge_weight": 34.6179153251352,
    "avg_vertex_degree": 22.0,
    "edge_order_std_dev": 2.4186773244895647,
    "edge_weight_std_dev": 120.16729258955547,
    "induced_norm": 6612.0218271008225,
    "max_edge_order": 10,
    "max_edge_weight": 1679.620150608557,
    "max_vertex_degree": 30,
    "min_edge_order": 5.5,
    "min_edge_weight": 0.24721050860475557,
    "n_qubits": 10,
    "total_pstrings": 191
}