{
    "avg_edge_order": 1,
    "avg_edge_weight": 33.70822168759067,
    "avg_vertex_degree": 9.333333333333334,
    "edge_order_std_dev": 1.5,
    "edge_weight_std_dev": 56.347923679032185,
    "induced_norm": 2258.450853068575,
    "max_edge_order": 6,
    "max_edge_weight": 473.63330675728514,
    "max_vertex_degree": 12,
    "min_edge_order": 3.5,
    "min_edge_weight": 0.19048978161673347,
    "n_qubits": 6,
    "total_pstrings": 67
}