{
    "avg_edge_order": 1,
    "avg_edge_weight": 30.405145275976025,
    "avg_vertex_degree": 18.333333333333332,
    "edge_order_std_dev": 2.1908902300206643,
    "edge_weight_std_dev": 67.8599929281635,
    "induced_norm": 4682.392372500309,
    "max_edge_order": 9,
    "max_edge_weight": 840.2886503275475,
    "max_vertex_degree": 25,
    "min_edge_order": 5.0,
    "min_edge_weight": 0.40001687008817666,
    "n_qubits": 9,
    "total_pstrings": 154
}