{
    "avg_edge_order": 1,
    "avg_edge_weight": 31.054120368137312,
    "avg_vertex_degree": 18.333333333333332,
    "edge_order_std_dev": 2.1908902300206643,
    "edge_weight_std_dev": 67.45880620492268,
    "induced_norm": 4782.334536693149,
    "max_edge_order": 9,
    "max_edge_weight": 844.3966319552569,
    "max_vertex_degree": 25,
    "min_edge_order": 5.0,
    "min_edge_weight": 0.8036529117896123,
    "n_qubits": 9,
    "total_pstrings": 154
}