{
    "avg_edge_order": 1,
    "avg_edge_weight": 29.971003754399252,
    "avg_vertex_degree": 18.333333333333332,
    "edge_order_std_dev": 2.1908902300206643,
    "edge_weight_std_dev": 64.98099837004054,
    "induced_norm": 4615.534578177487,
    "max_edge_order": 9,
    "max_edge_weight": 811.9881134135408,
    "max_vertex_degree": 25,
    "min_edge_order": 5.0,
    "min_edge_weight": 0.16528808950777574,
    "n_qubits": 9,
    "total_pstrings": 154
}