{
    "avg_edge_order": 1,
    "avg_edge_weight": 33.466436717175505,
    "avg_vertex_degree": 18.333333333333332,
    "edge_order_std_dev": 2.1908902300206643,
    "edge_weight_std_dev": 67.18917486026216,
    "induced_norm": 5153.831254445026,
    "max_edge_order": 9,
    "max_edge_weight": 843.2453280110431,
    "max_vertex_degree": 25,
    "min_edge_order": 5.0,
    "min_edge_weight": 0.06855540928160053,
    "n_qubits": 9,
    "total_pstrings": 154
}