{
    "avg_edge_order": 1,
    "avg_edge_weight": 32.31272090999912,
    "avg_vertex_degree": 18.333333333333332,
    "edge_order_std_dev": 2.1908902300206643,
    "edge_weight_std_dev": 64.91745108449126,
    "induced_norm": 4976.159020139867,
    "max_edge_order": 9,
    "max_edge_weight": 809.1808011150438,
    "max_vertex_degree": 25,
    "min_edge_order": 5.0,
    "min_edge_weight": 0.23623397654226608,
    "n_qubits": 9,
    "total_pstrings": 154
}