{
    "avg_edge_order": 1,
    "avg_edge_weight": 28.217866805266496,
    "avg_vertex_degree": 18.333333333333332,
    "edge_order_std_dev": 2.1908902300206643,
    "edge_weight_std_dev": 61.855947079114635,
    "induced_norm": 4345.5514880110395,
    "max_edge_order": 9,
    "max_edge_weight": 764.3726850885033,
    "max_vertex_degree": 25,
    "min_edge_order": 5.0,
    "min_edge_weight": 0.3426176886337018,
    "n_qubits": 9,
    "total_pstrings": 154
}