{
    "avg_edge_order": 1,
    "avg_edge_weight": 0.2812849816686256,
    "avg_vertex_degree": 18.22222222222222,
    "clustering_coefficient": 0.3940297837089769,
    "edge_order_std_dev": 2.1751120506942967,
    "edge_weight_std_dev": 0.610707926016403,
    "induced_norm": 43.31788717696835,
    "max_edge_order": 9,
    "max_edge_weight": 7.628381818848891,
    "max_vertex_degree": 25,
    "min_edge_order": 5.024390243902439,
    "min_edge_weight": 0.010568417646899808,
    "n_qubits": 9,
    "total_pstrings": 154
}