{
    "avg_edge_order": 1,
    "avg_edge_weight": 30.756771696768933,
    "avg_vertex_degree": 18.333333333333332,
    "edge_order_std_dev": 2.1908902300206643,
    "edge_weight_std_dev": 66.65462488656402,
    "induced_norm": 4736.542841302414,
    "max_edge_order": 9,
    "max_edge_weight": 834.9113621220205,
    "max_vertex_degree": 25,
    "min_edge_order": 5.0,
    "min_edge_weight": 0.2628220413415593,
    "n_qubits": 9,
    "total_pstrings": 154
}