{
    "avg_edge_order": 1,
    "avg_edge_weight": 29.217795028066426,
    "avg_vertex_degree": 18.333333333333332,
    "edge_order_std_dev": 2.1908902300206643,
    "edge_weight_std_dev": 63.53426742452327,
    "induced_norm": 4499.540434322231,
    "max_edge_order": 9,
    "max_edge_weight": 792.6035502866433,
    "max_vertex_degree": 25,
    "min_edge_order": 5.0,
    "min_edge_weight": 0.12173097847865755,
    "n_qubits": 9,
    "total_pstrings": 154
}