{
    "avg_edge_order": 1,
    "avg_edge_weight": 28.064530169068988,
    "avg_vertex_degree": 18.333333333333332,
    "edge_order_std_dev": 2.1908902300206643,
    "edge_weight_std_dev": 66.48868875355893,
    "induced_norm": 4321.937646036623,
    "max_edge_order": 9,
    "max_edge_weight": 831.3671600954244,
    "max_vertex_degree": 25,
    "min_edge_order": 5.0,
    "min_edge_weight": 0.03515217271421989,
    "n_qubits": 9,
    "total_pstrings": 154
}