{
    "avg_edge_order": 1,
    "avg_edge_weight": 32.460703907008025,
    "avg_vertex_degree": 26.0,
    "edge_order_std_dev": 2.6457513110645907,
    "edge_weight_std_dev": 120.9211608503863,
    "induced_norm": 7530.883306425864,
    "max_edge_order": 11,
    "max_edge_weight": 1856.6918233601,
    "max_vertex_degree": 36,
    "min_edge_order": 6.0,
    "min_edge_weight": 0.228022633881654,
    "n_qubits": 11,
    "total_pstrings": 232
}