{
    "avg_edge_order": 1,
    "avg_edge_weight": 0.32194051540047197,
    "avg_vertex_degree": 18.22222222222222,
    "clustering_coefficient": 0.3940297837089769,
    "edge_order_std_dev": 2.1751120506942967,
    "edge_weight_std_dev": 0.6638785757375161,
    "induced_norm": 49.57883937167272,
    "max_edge_order": 9,
    "max_edge_weight": 8.359756176497333,
    "max_vertex_degree": 25,
    "min_edge_order": 5.024390243902439,
    "min_edge_weight": 0.005997278138094031,
    "n_qubits": 9,
    "total_pstrings": 154
}