{
    "avg_edge_order": 1,
    "avg_edge_weight": 29.867094349998492,
    "avg_vertex_degree": 18.333333333333332,
    "edge_order_std_dev": 2.1908902300206643,
    "edge_weight_std_dev": 66.57437223139843,
    "induced_norm": 4599.532529899766,
    "max_edge_order": 9,
    "max_edge_weight": 829.6660071259389,
    "max_vertex_degree": 25,
    "min_edge_order": 5.0,
    "min_edge_weight": 0.8050638311433573,
    "n_qubits": 9,
    "total_pstrings": 154
}