{
    "avg_edge_order": 1,
    "avg_edge_weight": 31.48276186811927,
    "avg_vertex_degree": 18.333333333333332,
    "edge_order_std_dev": 2.1908902300206643,
    "edge_weight_std_dev": 64.1396014241355,
    "induced_norm": 4848.345327690368,
    "max_edge_order": 9,
    "max_edge_weight": 803.5708760542416,
    "max_vertex_degree": 25,
    "min_edge_order": 5.0,
    "min_edge_weight": 0.289596825547612,
    "n_qubits": 9,
    "total_pstrings": 154
}