{
    "avg_edge_order": 1,
    "avg_edge_weight": 0.3059238218440916,
    "avg_vertex_degree": 18.22222222222222,
    "clustering_coefficient": 0.3940297837089769,
    "edge_order_std_dev": 2.1751120506942967,
    "edge_weight_std_dev": 0.6442959286780462,
    "induced_norm": 47.11226856399012,
    "max_edge_order": 9,
    "max_edge_weight": 8.075463103068499,
    "max_vertex_degree": 25,
    "min_edge_order": 5.024390243902439,
    "min_edge_weight": 0.0027119597428962305,
    "n_qubits": 9,
    "total_pstrings": 154
}