{
    "avg_edge_order": 1,
    "avg_edge_weight": 30.824395548189834,
    "avg_vertex_degree": 18.333333333333332,
    "edge_order_std_dev": 2.1908902300206643,
    "edge_weight_std_dev": 67.70635895196723,
    "induced_norm": 4746.956914421235,
    "max_edge_order": 9,
    "max_edge_weight": 846.9094820692297,
    "max_vertex_degree": 25,
    "min_edge_order": 5.0,
    "min_edge_weight": 1.159936209808027,
    "n_qubits": 9,
    "total_pstrings": 154
}