{
    "avg_edge_order": 1,
    "avg_edge_weight": 28.746701942348892,
    "avg_vertex_degree": 18.333333333333332,
    "edge_order_std_dev": 2.1908902300206643,
    "edge_weight_std_dev": 60.640184771782266,
    "induced_norm": 4426.99209912173,
    "max_edge_order": 9,
    "max_edge_weight": 753.3681809054247,
    "max_vertex_degree": 25,
    "min_edge_order": 5.0,
    "min_edge_weight": 0.5301067562334651,
    "n_qubits": 9,
    "total_pstrings": 154
}