{
    "avg_edge_order": 1,
    "avg_edge_weight": 33.33755729360425,
    "avg_vertex_degree": 18.333333333333332,
    "edge_order_std_dev": 2.1908902300206643,
    "edge_weight_std_dev": 67.82817384308551,
    "induced_norm": 5133.983823215054,
    "max_edge_order": 9,
    "max_edge_weight": 850.3330490060102,
    "max_vertex_degree": 25,
    "min_edge_order": 5.0,
    "min_edge_weight": 0.40792480619535887,
    "n_qubits": 9,
    "total_pstrings": 154
}