{
    "avg_edge_order": 1,
    "avg_edge_weight": 31.266241498782005,
    "avg_vertex_degree": 18.333333333333332,
    "edge_order_std_dev": 2.1908902300206643,
    "edge_weight_std_dev": 68.32898390396656,
    "induced_norm": 4815.001190812426,
    "max_edge_order": 9,
    "max_edge_weight": 859.3218875469054,
    "max_vertex_degree": 25,
    "min_edge_order": 5.0,
    "min_edge_weight": 0.13714331678021385,
    "n_qubits": 9,
    "total_pstrings": 154
}