{
    "avg_edge_order": 1,
    "avg_edge_weight": 29.455904076442447,
    "avg_vertex_degree": 18.333333333333332,
    "edge_order_std_dev": 2.1908902300206643,
    "edge_weight_std_dev": 59.24981717249566,
    "induced_norm": 4536.209227772138,
    "max_edge_order": 9,
    "max_edge_weight": 742.0962483586892,
    "max_vertex_degree": 25,
    "min_edge_order": 5.0,
    "min_edge_weight": 0.6173431142135701,
    "n_qubits": 9,
    "total_pstrings": 154
}