{
    "avg_edge_order": 1,
    "avg_edge_weight": 29.58887009540354,
    "avg_vertex_degree": 26.0,
    "edge_order_std_dev": 2.6457513110645907,
    "edge_weight_std_dev": 77.44012919511071,
    "induced_norm": 6864.617862133624,
    "max_edge_order": 11,
    "max_edge_weight": 1184.7666584898827,
    "max_vertex_degree": 36,
    "min_edge_order": 6.0,
    "min_edge_weight": 0.1279963189674993,
    "n_qubits": 11,
    "total_pstrings": 232
}