{
    "avg_edge_order": 1,
    "avg_edge_weight": 32.42326540889613,
    "avg_vertex_degree": 51.125,
    "edge_order_std_dev": 3.7839406824990203,
    "edge_weight_std_dev": 79.00908296404418,
    "induced_norm": 16957.36780885268,
    "max_edge_order": 16,
    "max_edge_weight": 1706.8555657932502,
    "max_vertex_degree": 72,
    "min_edge_order": 8.484107579462103,
    "min_edge_weight": 0.039554860248749435,
    "n_qubits": 16,
    "total_pstrings": 523
}