{
    "avg_edge_order": 1,
    "avg_edge_weight": 30.706848951968627,
    "avg_vertex_degree": 18.333333333333332,
    "edge_order_std_dev": 2.1908902300206643,
    "edge_weight_std_dev": 61.671192406922486,
    "induced_norm": 4759.561587555136,
    "max_edge_order": 9,
    "max_edge_weight": 769.1753185649214,
    "max_vertex_degree": 25,
    "min_edge_order": 5.0,
    "min_edge_weight": 0.8056840624021149,
    "n_qubits": 9,
    "total_pstrings": 155
}