{
    "avg_edge_order": 1,
    "avg_edge_weight": 31.926549790152087,
    "avg_vertex_degree": 18.333333333333332,
    "edge_order_std_dev": 2.1908902300206643,
    "edge_weight_std_dev": 69.38453979631907,
    "induced_norm": 4948.6152174735735,
    "max_edge_order": 9,
    "max_edge_weight": 860.3066367682947,
    "max_vertex_degree": 25,
    "min_edge_order": 5.0,
    "min_edge_weight": 0.16972065488513977,
    "n_qubits": 9,
    "total_pstrings": 155
}