{
    "avg_edge_order": 1,
    "avg_edge_weight": 30.4788469262112,
    "avg_vertex_degree": 18.333333333333332,
    "edge_order_std_dev": 2.1908902300206643,
    "edge_weight_std_dev": 62.737998870372806,
    "induced_norm": 4724.221273562739,
    "max_edge_order": 9,
    "max_edge_weight": 774.8357698409192,
    "max_vertex_degree": 25,
    "min_edge_order": 5.0,
    "min_edge_weight": 0.22615036934992538,
    "n_qubits": 9,
    "total_pstrings": 155
}