{
    "avg_edge_order": 1,
    "avg_edge_weight": 29.28974080367462,
    "avg_vertex_degree": 18.333333333333332,
    "edge_order_std_dev": 2.1908902300206643,
    "edge_weight_std_dev": 62.75362458243791,
    "induced_norm": 4539.909824569565,
    "max_edge_order": 9,
    "max_edge_weight": 785.4902096743285,
    "max_vertex_degree": 25,
    "min_edge_order": 5.0,
    "min_edge_weight": 0.33162478742644197,
    "n_qubits": 9,
    "total_pstrings": 155
}