{
    "avg_edge_order": 1,
    "avg_edge_weight": 30.952308385787987,
    "avg_vertex_degree": 18.333333333333332,
    "edge_order_std_dev": 2.1908902300206643,
    "edge_weight_std_dev": 62.6366549413645,
    "induced_norm": 4797.607799797141,
    "max_edge_order": 9,
    "max_edge_weight": 766.3974930030802,
    "max_vertex_degree": 25,
    "min_edge_order": 5.0,
    "min_edge_weight": 0.2247155346350671,
    "n_qubits": 9,
    "total_pstrings": 155
}