{
    "avg_edge_order": 1,
    "avg_edge_weight": 29.934311319845424,
    "avg_vertex_degree": 18.333333333333332,
    "edge_order_std_dev": 2.1908902300206643,
    "edge_weight_std_dev": 62.99753778483369,
    "induced_norm": 4639.818254576037,
    "max_edge_order": 9,
    "max_edge_weight": 785.9710170417932,
    "max_vertex_degree": 25,
    "min_edge_order": 5.0,
    "min_edge_weight": 1.1921948585703817,
    "n_qubits": 9,
    "total_pstrings": 155
}