{
    "avg_edge_order": 1,
    "avg_edge_weight": 30.065815949542735,
    "avg_vertex_degree": 18.333333333333332,
    "edge_order_std_dev": 2.1908902300206643,
    "edge_weight_std_dev": 63.741268380801436,
    "induced_norm": 4660.201472179122,
    "max_edge_order": 9,
    "max_edge_weight": 797.856872518329,
    "max_vertex_degree": 25,
    "min_edge_order": 5.0,
    "min_edge_weight": 0.05559586904772118,
    "n_qubits": 9,
    "total_pstrings": 155
}