{
    "avg_edge_order": 1,
    "avg_edge_weight": 31.669161287988572,
    "avg_vertex_degree": 18.333333333333332,
    "edge_order_std_dev": 2.1908902300206643,
    "edge_weight_std_dev": 67.6852328700899,
    "induced_norm": 4908.719999638233,
    "max_edge_order": 9,
    "max_edge_weight": 845.7631688579928,
    "max_vertex_degree": 25,
    "min_edge_order": 5.0,
    "min_edge_weight": 0.09356418687990598,
    "n_qubits": 9,
    "total_pstrings": 155
}