{
    "avg_edge_order": 1,
    "avg_edge_weight": 0.28918302872906254,
    "avg_vertex_degree": 18.22222222222222,
    "clustering_coefficient": 0.3940297837089769,
    "edge_order_std_dev": 2.1751120506942967,
    "edge_weight_std_dev": 0.5982444488500533,
    "induced_norm": 44.534186424275674,
    "max_edge_order": 9,
    "max_edge_weight": 7.449063381261752,
    "max_vertex_degree": 25,
    "min_edge_order": 5.024390243902439,
    "min_edge_weight": 0.0003657871134721824,
    "n_qubits": 9,
    "total_pstrings": 154
}