{
    "avg_edge_order": 1,
    "avg_edge_weight": 31.814043535178556,
    "avg_vertex_degree": 18.333333333333332,
    "edge_order_std_dev": 2.1908902300206643,
    "edge_weight_std_dev": 67.668499909264,
    "induced_norm": 4931.176747952676,
    "max_edge_order": 9,
    "max_edge_weight": 838.5386269430157,
    "max_vertex_degree": 25,
    "min_edge_order": 5.0,
    "min_edge_weight": 0.4376897253361314,
    "n_qubits": 9,
    "total_pstrings": 155
}