{
    "avg_edge_order": 1,
    "avg_edge_weight": 31.731213534763324,
    "avg_vertex_degree": 18.333333333333332,
    "edge_order_std_dev": 2.1908902300206643,
    "edge_weight_std_dev": 64.46987106734167,
    "induced_norm": 4918.338097888311,
    "max_edge_order": 9,
    "max_edge_weight": 799.3991484618072,
    "max_vertex_degree": 25,
    "min_edge_order": 5.0,
    "min_edge_weight": 0.0925855104767006,
    "n_qubits": 9,
    "total_pstrings": 155
}