{
    "avg_edge_order": 1,
    "avg_edge_weight": 36.8479446835707,
    "avg_vertex_degree": 51.75,
    "edge_order_std_dev": 3.815924415267833,
    "edge_weight_std_dev": 80.50538934470556,
    "induced_norm": 20413.761354698174,
    "max_edge_order": 16,
    "max_edge_weight": 1731.4895737435065,
    "max_vertex_degree": 72,
    "min_edge_order": 8.41304347826087,
    "min_edge_weight": 0.29958431083894066,
    "n_qubits": 16,
    "total_pstrings": 554
}