{
    "avg_edge_order": 1,
    "avg_edge_weight": 32.83527750905083,
    "avg_vertex_degree": 7.0,
    "clustering_coefficient": 0.40579755745685286,
    "edge_order_std_dev": 1.2649110640673518,
    "edge_weight_std_dev": 53.19469868907742,
    "induced_norm": 1510.4227654163387,
    "max_edge_order": 5,
    "max_edge_weight": 378.4835209169923,
    "max_vertex_degree": 9,
    "min_edge_order": 3.0,
    "min_edge_weight": 0.07793499414049943,
    "n_qubits": 5,
    "total_pstrings": 46
}