{
    "avg_edge_order": 1,
    "avg_edge_weight": 31.728252101216263,
    "avg_vertex_degree": 26.0,
    "edge_order_std_dev": 2.6457513110645907,
    "edge_weight_std_dev": 72.58767494866325,
    "induced_norm": 7360.954487482173,
    "max_edge_order": 11,
    "max_edge_weight": 1067.0972328453565,
    "max_vertex_degree": 36,
    "min_edge_order": 6.0,
    "min_edge_weight": 0.19410297175575497,
    "n_qubits": 11,
    "total_pstrings": 232
}