{
    "avg_edge_order": 1,
    "avg_edge_weight": 30.109363948949525,
    "avg_vertex_degree": 18.333333333333332,
    "edge_order_std_dev": 2.1908902300206643,
    "edge_weight_std_dev": 66.80570762600377,
    "induced_norm": 4666.951412087174,
    "max_edge_order": 9,
    "max_edge_weight": 823.4537835918352,
    "max_vertex_degree": 25,
    "min_edge_order": 5.0,
    "min_edge_weight": 0.07008931504721616,
    "n_qubits": 9,
    "total_pstrings": 155
}