{
    "avg_edge_order": 1,
    "avg_edge_weight": 32.978755873610396,
    "avg_vertex_degree": 18.333333333333332,
    "edge_order_std_dev": 2.1908902300206643,
    "edge_weight_std_dev": 63.84552706469589,
    "induced_norm": 5111.707160409615,
    "max_edge_order": 9,
    "max_edge_weight": 803.0635343471253,
    "max_vertex_degree": 25,
    "min_edge_order": 5.0,
    "min_edge_weight": 0.08790225827832643,
    "n_qubits": 9,
    "total_pstrings": 155
}