{
    "avg_edge_order": 1,
    "avg_edge_weight": 31.026037987891264,
    "avg_vertex_degree": 18.333333333333332,
    "edge_order_std_dev": 2.1908902300206643,
    "edge_weight_std_dev": 65.253404174075,
    "induced_norm": 4809.035888123149,
    "max_edge_order": 9,
    "max_edge_weight": 817.6591681376983,
    "max_vertex_degree": 25,
    "min_edge_order": 5.0,
    "min_edge_weight": 0.5106731383939636,
    "n_qubits": 9,
    "total_pstrings": 155
}