{
    "avg_edge_order": 1,
    "avg_edge_weight": 0.3174851653260751,
    "avg_vertex_degree": 18.22222222222222,
    "clustering_coefficient": 0.3940297837089769,
    "edge_order_std_dev": 2.1751120506942967,
    "edge_weight_std_dev": 0.6639819794383692,
    "induced_norm": 48.892715460215555,
    "max_edge_order": 9,
    "max_edge_weight": 8.321760053849285,
    "max_vertex_degree": 25,
    "min_edge_order": 5.024390243902439,
    "min_edge_weight": 0.0027948972474413636,
    "n_qubits": 9,
    "total_pstrings": 154
}