{
    "avg_edge_order": 1,
    "avg_edge_weight": 29.438790774139584,
    "avg_vertex_degree": 18.333333333333332,
    "edge_order_std_dev": 2.1908902300206643,
    "edge_weight_std_dev": 61.53233018774393,
    "induced_norm": 4563.012569991634,
    "max_edge_order": 9,
    "max_edge_weight": 766.6571471664975,
    "max_vertex_degree": 25,
    "min_edge_order": 5.0,
    "min_edge_weight": 0.1432851575292986,
    "n_qubits": 9,
    "total_pstrings": 155
}