{
    "avg_edge_order": 1,
    "avg_edge_weight": 29.659585024156,
    "avg_vertex_degree": 18.333333333333332,
    "edge_order_std_dev": 2.1908902300206643,
    "edge_weight_std_dev": 62.10983715448556,
    "induced_norm": 4597.235678744179,
    "max_edge_order": 9,
    "max_edge_weight": 755.9143823893396,
    "max_vertex_degree": 25,
    "min_edge_order": 5.0,
    "min_edge_weight": 0.18143527463108455,
    "n_qubits": 9,
    "total_pstrings": 155
}