{
    "avg_edge_order": 1,
    "avg_edge_weight": 30.557265601077948,
    "avg_vertex_degree": 18.333333333333332,
    "edge_order_std_dev": 2.1908902300206643,
    "edge_weight_std_dev": 66.61787293518944,
    "induced_norm": 4736.376168167083,
    "max_edge_order": 9,
    "max_edge_weight": 827.3806844962781,
    "max_vertex_degree": 25,
    "min_edge_order": 5.0,
    "min_edge_weight": 0.15679847133830993,
    "n_qubits": 9,
    "total_pstrings": 155
}