{
    "avg_edge_order": 1,
    "avg_edge_weight": 43.45769778699451,
    "avg_vertex_degree": 51.75,
    "edge_order_std_dev": 3.815924415267833,
    "edge_weight_std_dev": 85.08548982543137,
    "induced_norm": 26813.39953457562,
    "max_edge_order": 16,
    "max_edge_weight": 1778.156285625549,
    "max_vertex_degree": 72,
    "min_edge_order": 8.41304347826087,
    "min_edge_weight": 0.11754814342351949,
    "n_qubits": 16,
    "total_pstrings": 617
}