{
    "avg_edge_order": 1,
    "avg_edge_weight": 33.45517688382425,
    "avg_vertex_degree": 26.0,
    "edge_order_std_dev": 2.6457513110645907,
    "edge_weight_std_dev": 87.24249833365876,
    "induced_norm": 7761.601037047222,
    "max_edge_order": 11,
    "max_edge_weight": 1139.6817531489655,
    "max_vertex_degree": 36,
    "min_edge_order": 6.0,
    "min_edge_weight": 0.07846927090544398,
    "n_qubits": 11,
    "total_pstrings": 232
}