{
    "avg_edge_order": 1,
    "avg_edge_weight": 31.021887372302043,
    "avg_vertex_degree": 18.333333333333332,
    "edge_order_std_dev": 2.1908902300206643,
    "edge_weight_std_dev": 62.36618036629538,
    "induced_norm": 4901.458204823719,
    "max_edge_order": 9,
    "max_edge_weight": 777.4370654934319,
    "max_vertex_degree": 25,
    "min_edge_order": 5.0,
    "min_edge_weight": 0.19392968808667632,
    "n_qubits": 9,
    "total_pstrings": 158
}