{
    "avg_edge_order": 1,
    "avg_edge_weight": 36.56395504282034,
    "avg_vertex_degree": 18.333333333333332,
    "edge_order_std_dev": 2.1908902300206643,
    "edge_weight_std_dev": 68.27990934201213,
    "induced_norm": 5777.104896765615,
    "max_edge_order": 9,
    "max_edge_weight": 836.481070292124,
    "max_vertex_degree": 25,
    "min_edge_order": 5.0,
    "min_edge_weight": 1.0092964400658744,
    "n_qubits": 9,
    "total_pstrings": 158
}