{
    "avg_edge_order": 1,
    "avg_edge_weight": 0.30301350582938963,
    "avg_vertex_degree": 18.22222222222222,
    "clustering_coefficient": 0.3940297837089769,
    "edge_order_std_dev": 2.1751120506942967,
    "edge_weight_std_dev": 0.6577337987208707,
    "induced_norm": 46.967093403555374,
    "max_edge_order": 9,
    "max_edge_weight": 8.12760320858828,
    "max_vertex_degree": 25,
    "min_edge_order": 5.024390243902439,
    "min_edge_weight": 0.002943458274894395,
    "n_qubits": 9,
    "total_pstrings": 155
}