{
    "avg_edge_order": 1,
    "avg_edge_weight": 34.04240708322965,
    "avg_vertex_degree": 18.333333333333332,
    "edge_order_std_dev": 2.1908902300206643,
    "edge_weight_std_dev": 69.44062730515141,
    "induced_norm": 5378.700319150284,
    "max_edge_order": 9,
    "max_edge_weight": 834.2903285698519,
    "max_vertex_degree": 25,
    "min_edge_order": 5.0,
    "min_edge_weight": 0.1771073376682586,
    "n_qubits": 9,
    "total_pstrings": 158
}