{
    "avg_edge_order": 1,
    "avg_edge_weight": 33.76169192832632,
    "avg_vertex_degree": 18.333333333333332,
    "edge_order_std_dev": 2.1908902300206643,
    "edge_weight_std_dev": 70.11649063034378,
    "induced_norm": 5334.347324675559,
    "max_edge_order": 9,
    "max_edge_weight": 876.5731162937484,
    "max_vertex_degree": 25,
    "min_edge_order": 5.0,
    "min_edge_weight": 0.47461050936778904,
    "n_qubits": 9,
    "total_pstrings": 158
}