{
    "avg_edge_order": 1,
    "avg_edge_weight": 34.4230913740244,
    "avg_vertex_degree": 18.333333333333332,
    "edge_order_std_dev": 2.1908902300206643,
    "edge_weight_std_dev": 71.00069276286455,
    "induced_norm": 5438.848437095853,
    "max_edge_order": 9,
    "max_edge_weight": 855.332011442551,
    "max_vertex_degree": 25,
    "min_edge_order": 5.0,
    "min_edge_weight": 0.055735733423986744,
    "n_qubits": 9,
    "total_pstrings": 158
}