{
    "avg_edge_order": 1,
    "avg_edge_weight": 32.0829095333079,
    "avg_vertex_degree": 18.333333333333332,
    "edge_order_std_dev": 2.1908902300206643,
    "edge_weight_std_dev": 63.82399353569675,
    "induced_norm": 5069.099706262644,
    "max_edge_order": 9,
    "max_edge_weight": 773.5369016090928,
    "max_vertex_degree": 25,
    "min_edge_order": 5.0,
    "min_edge_weight": 0.409350446783574,
    "n_qubits": 9,
    "total_pstrings": 158
}