{
    "avg_edge_order": 1,
    "avg_edge_weight": 32.56521126133773,
    "avg_vertex_degree": 18.333333333333332,
    "edge_order_std_dev": 2.1908902300206643,
    "edge_weight_std_dev": 64.48633464274207,
    "induced_norm": 5145.303379291361,
    "max_edge_order": 9,
    "max_edge_weight": 739.9153147115886,
    "max_vertex_degree": 25,
    "min_edge_order": 5.0,
    "min_edge_weight": 0.6030681714245034,
    "n_qubits": 9,
    "total_pstrings": 158
}