{
    "avg_edge_order": 1,
    "avg_edge_weight": 33.679385751102906,
    "avg_vertex_degree": 18.333333333333332,
    "edge_order_std_dev": 2.1908902300206643,
    "edge_weight_std_dev": 66.0752748978699,
    "induced_norm": 5321.342948674258,
    "max_edge_order": 9,
    "max_edge_weight": 832.2212430530309,
    "max_vertex_degree": 25,
    "min_edge_order": 5.0,
    "min_edge_weight": 0.4911477934323756,
    "n_qubits": 9,
    "total_pstrings": 158
}