{
    "avg_edge_order": 1,
    "avg_edge_weight": 31.920580645077315,
    "avg_vertex_degree": 18.333333333333332,
    "edge_order_std_dev": 2.1908902300206643,
    "edge_weight_std_dev": 70.07158790129853,
    "induced_norm": 5043.451741922218,
    "max_edge_order": 9,
    "max_edge_weight": 855.0984217262123,
    "max_vertex_degree": 25,
    "min_edge_order": 5.0,
    "min_edge_weight": 0.01794963437863828,
    "n_qubits": 9,
    "total_pstrings": 158
}