{
    "avg_edge_order": 1,
    "avg_edge_weight": 35.79996210948176,
    "avg_vertex_degree": 18.333333333333332,
    "edge_order_std_dev": 2.1908902300206643,
    "edge_weight_std_dev": 67.9063430807866,
    "induced_norm": 5656.394013298119,
    "max_edge_order": 9,
    "max_edge_weight": 831.1608263554893,
    "max_vertex_degree": 25,
    "min_edge_order": 5.0,
    "min_edge_weight": 0.9887637533324991,
    "n_qubits": 9,
    "total_pstrings": 158
}