{
    "avg_edge_order": 1,
    "avg_edge_weight": 31.543296044340565,
    "avg_vertex_degree": 26.0,
    "edge_order_std_dev": 2.6457513110645907,
    "edge_weight_std_dev": 88.54201913943965,
    "induced_norm": 7318.044682287011,
    "max_edge_order": 11,
    "max_edge_weight": 1323.5051090381567,
    "max_vertex_degree": 36,
    "min_edge_order": 6.0,
    "min_edge_weight": 0.5213107645451687,
    "n_qubits": 11,
    "total_pstrings": 232
}