{
    "avg_edge_order": 1,
    "avg_edge_weight": 27.399037835612972,
    "avg_vertex_degree": 63.333333333333336,
    "edge_order_std_dev": 4.224926034855522,
    "edge_weight_std_dev": 77.6503727967546,
    "induced_norm": 17288.792874271792,
    "max_edge_order": 18,
    "max_edge_weight": 1943.8477047368535,
    "max_vertex_degree": 90,
    "min_edge_order": 9.5,
    "min_edge_weight": 0.014533165015218064,
    "n_qubits": 18,
    "total_pstrings": 631
}