{
    "avg_edge_order": 1,
    "avg_edge_weight": 29.353188058487284,
    "avg_vertex_degree": 7.0,
    "clustering_coefficient": 0.40579755745685286,
    "edge_order_std_dev": 1.2649110640673518,
    "edge_weight_std_dev": 47.550398965941035,
    "induced_norm": 1350.2466506904145,
    "max_edge_order": 5,
    "max_edge_weight": 333.1743848913556,
    "max_vertex_degree": 9,
    "min_edge_order": 3.0,
    "min_edge_weight": 0.48345427594903,
    "n_qubits": 5,
    "total_pstrings": 46
}