{
    "avg_edge_order": 1,
    "avg_edge_weight": 30.255346849418135,
    "avg_vertex_degree": 18.333333333333332,
    "edge_order_std_dev": 2.1908902300206643,
    "edge_weight_std_dev": 66.73970396329818,
    "induced_norm": 4780.344802208062,
    "max_edge_order": 9,
    "max_edge_weight": 825.9884114531067,
    "max_vertex_degree": 25,
    "min_edge_order": 5.0,
    "min_edge_weight": 0.22569757323906448,
    "n_qubits": 9,
    "total_pstrings": 158
}