{
    "avg_edge_order": 1,
    "avg_edge_weight": 32.225788916163054,
    "avg_vertex_degree": 18.333333333333332,
    "edge_order_std_dev": 2.1908902300206643,
    "edge_weight_std_dev": 67.78661392218193,
    "induced_norm": 5091.67464875376,
    "max_edge_order": 9,
    "max_edge_weight": 852.0518776196623,
    "max_vertex_degree": 25,
    "min_edge_order": 5.0,
    "min_edge_weight": 0.021794586400536442,
    "n_qubits": 9,
    "total_pstrings": 158
}