{
    "avg_edge_order": 1,
    "avg_edge_weight": 30.550207895425835,
    "avg_vertex_degree": 18.333333333333332,
    "edge_order_std_dev": 2.1908902300206643,
    "edge_weight_std_dev": 64.2682095810359,
    "induced_norm": 4826.932847477284,
    "max_edge_order": 9,
    "max_edge_weight": 772.9633731460606,
    "max_vertex_degree": 25,
    "min_edge_order": 5.0,
    "min_edge_weight": 0.2578226317566532,
    "n_qubits": 9,
    "total_pstrings": 158
}