{
    "avg_edge_order": 1,
    "avg_edge_weight": 31.69493337784028,
    "avg_vertex_degree": 18.333333333333332,
    "edge_order_std_dev": 2.1908902300206643,
    "edge_weight_std_dev": 61.88457641455244,
    "induced_norm": 5007.799473698767,
    "max_edge_order": 9,
    "max_edge_weight": 772.4744416208874,
    "max_vertex_degree": 25,
    "min_edge_order": 5.0,
    "min_edge_weight": 0.32841947237234725,
    "n_qubits": 9,
    "total_pstrings": 158
}