{
    "avg_edge_order": 1,
    "avg_edge_weight": 33.852947445792445,
    "avg_vertex_degree": 18.333333333333332,
    "edge_order_std_dev": 2.1908902300206643,
    "edge_weight_std_dev": 67.3780716397726,
    "induced_norm": 5348.765696435208,
    "max_edge_order": 9,
    "max_edge_weight": 803.6264464419924,
    "max_vertex_degree": 25,
    "min_edge_order": 5.0,
    "min_edge_weight": 0.013024451559076056,
    "n_qubits": 9,
    "total_pstrings": 158
}