{
    "avg_edge_order": 1,
    "avg_edge_weight": 0.29758019957309145,
    "avg_vertex_degree": 18.22222222222222,
    "clustering_coefficient": 0.3940297837089769,
    "edge_order_std_dev": 2.1751120506942967,
    "edge_weight_std_dev": 0.6506030572973192,
    "induced_norm": 46.124930933829184,
    "max_edge_order": 9,
    "max_edge_weight": 8.074663353093289,
    "max_vertex_degree": 25,
    "min_edge_order": 5.024390243902439,
    "min_edge_weight": 0.0006052483444713985,
    "n_qubits": 9,
    "total_pstrings": 155
}