{
    "avg_edge_order": 1,
    "avg_edge_weight": 30.884087913451573,
    "avg_vertex_degree": 18.333333333333332,
    "edge_order_std_dev": 2.1908902300206643,
    "edge_weight_std_dev": 68.56953742582503,
    "induced_norm": 4879.68589032535,
    "max_edge_order": 9,
    "max_edge_weight": 859.7275040170603,
    "max_vertex_degree": 25,
    "min_edge_order": 5.0,
    "min_edge_weight": 0.2149812591242526,
    "n_qubits": 9,
    "total_pstrings": 158
}