{
    "avg_edge_order": 1,
    "avg_edge_weight": 34.913031370395366,
    "avg_vertex_degree": 18.333333333333332,
    "edge_order_std_dev": 2.1908902300206643,
    "edge_weight_std_dev": 69.0480846274913,
    "induced_norm": 5516.258956522472,
    "max_edge_order": 9,
    "max_edge_weight": 843.6065146858518,
    "max_vertex_degree": 25,
    "min_edge_order": 5.0,
    "min_edge_weight": 0.29165390724011075,
    "n_qubits": 9,
    "total_pstrings": 158
}