{
    "avg_edge_order": 1,
    "avg_edge_weight": 31.637196205510342,
    "avg_vertex_degree": 18.333333333333332,
    "edge_order_std_dev": 2.1908902300206643,
    "edge_weight_std_dev": 66.1154614305679,
    "induced_norm": 4998.677000470635,
    "max_edge_order": 9,
    "max_edge_weight": 798.6449129631449,
    "max_vertex_degree": 25,
    "min_edge_order": 5.0,
    "min_edge_weight": 0.7440402184820282,
    "n_qubits": 9,
    "total_pstrings": 158
}