{
    "avg_edge_order": 1,
    "avg_edge_weight": 31.415037558928027,
    "avg_vertex_degree": 18.333333333333332,
    "edge_order_std_dev": 2.1908902300206643,
    "edge_weight_std_dev": 65.68710795636294,
    "induced_norm": 4963.57593431063,
    "max_edge_order": 9,
    "max_edge_weight": 809.3430747248769,
    "max_vertex_degree": 25,
    "min_edge_order": 5.0,
    "min_edge_weight": 0.40633077984892374,
    "n_qubits": 9,
    "total_pstrings": 158
}