{
    "avg_edge_order": 1,
    "avg_edge_weight": 33.56218757787226,
    "avg_vertex_degree": 7.0,
    "clustering_coefficient": 0.40579755745685286,
    "edge_order_std_dev": 1.2649110640673518,
    "edge_weight_std_dev": 49.12790412668532,
    "induced_norm": 1543.8606285821236,
    "max_edge_order": 5,
    "max_edge_weight": 350.0478598591225,
    "max_vertex_degree": 9,
    "min_edge_order": 3.0,
    "min_edge_weight": 0.3386253802135002,
    "n_qubits": 5,
    "total_pstrings": 46
}