{
    "avg_edge_order": 1,
    "avg_edge_weight": 33.81756709238975,
    "avg_vertex_degree": 26.0,
    "edge_order_std_dev": 2.6457513110645907,
    "edge_weight_std_dev": 99.0111494142701,
    "induced_norm": 7845.675565434421,
    "max_edge_order": 11,
    "max_edge_weight": 1412.5094523800803,
    "max_vertex_degree": 36,
    "min_edge_order": 6.0,
    "min_edge_weight": 0.38217371764996955,
    "n_qubits": 11,
    "total_pstrings": 232
}