{
    "avg_edge_order": 1,
    "avg_edge_weight": 36.574019610414844,
    "avg_vertex_degree": 18.555555555555557,
    "edge_order_std_dev": 2.202046450392675,
    "edge_weight_std_dev": 68.09869911554627,
    "induced_norm": 6034.713235718453,
    "max_edge_order": 9,
    "max_edge_weight": 825.6995625986802,
    "max_vertex_degree": 25,
    "min_edge_order": 4.9640718562874255,
    "min_edge_weight": 0.2294840907878637,
    "n_qubits": 9,
    "total_pstrings": 165
}