{
    "avg_edge_order": 1,
    "avg_edge_weight": 0.3203312909104678,
    "avg_vertex_degree": 18.22222222222222,
    "clustering_coefficient": 0.3944903086902307,
    "edge_order_std_dev": 2.1751120506942967,
    "edge_weight_std_dev": 0.6571360114452114,
    "induced_norm": 50.61234396385392,
    "max_edge_order": 9,
    "max_edge_weight": 7.984222638588328,
    "max_vertex_degree": 25,
    "min_edge_order": 5.024390243902439,
    "min_edge_weight": 0.0032667596021023204,
    "n_qubits": 9,
    "total_pstrings": 158
}