{
    "avg_edge_order": 1,
    "avg_edge_weight": 35.360274323813584,
    "avg_vertex_degree": 18.555555555555557,
    "edge_order_std_dev": 2.202046450392675,
    "edge_weight_std_dev": 62.47928163899312,
    "induced_norm": 5834.445263429242,
    "max_edge_order": 9,
    "max_edge_weight": 761.3938004728881,
    "max_vertex_degree": 25,
    "min_edge_order": 4.9640718562874255,
    "min_edge_weight": 0.45978070565455553,
    "n_qubits": 9,
    "total_pstrings": 165
}