{
    "avg_edge_order": 1,
    "avg_edge_weight": 38.91561392178471,
    "avg_vertex_degree": 18.555555555555557,
    "edge_order_std_dev": 2.202046450392675,
    "edge_weight_std_dev": 73.13274654323243,
    "induced_norm": 6421.076297094478,
    "max_edge_order": 9,
    "max_edge_weight": 829.1398612213163,
    "max_vertex_degree": 25,
    "min_edge_order": 4.9640718562874255,
    "min_edge_weight": 0.2559799907432163,
    "n_qubits": 9,
    "total_pstrings": 165
}