{
    "avg_edge_order": 1,
    "avg_edge_weight": 37.33278669970004,
    "avg_vertex_degree": 18.555555555555557,
    "edge_order_std_dev": 2.202046450392675,
    "edge_weight_std_dev": 67.67424865480402,
    "induced_norm": 6159.909805450504,
    "max_edge_order": 9,
    "max_edge_weight": 777.0128561949055,
    "max_vertex_degree": 25,
    "min_edge_order": 4.9640718562874255,
    "min_edge_weight": 0.754025624788051,
    "n_qubits": 9,
    "total_pstrings": 165
}