{
    "avg_edge_order": 1,
    "avg_edge_weight": 33.582944962949774,
    "avg_vertex_degree": 18.555555555555557,
    "edge_order_std_dev": 2.202046450392675,
    "edge_weight_std_dev": 66.8299045485809,
    "induced_norm": 5541.185918886711,
    "max_edge_order": 9,
    "max_edge_weight": 830.9801429867985,
    "max_vertex_degree": 25,
    "min_edge_order": 4.9640718562874255,
    "min_edge_weight": 0.4239184834346901,
    "n_qubits": 9,
    "total_pstrings": 165
}