{
    "avg_edge_order": 1,
    "avg_edge_weight": 38.24143821775056,
    "avg_vertex_degree": 18.555555555555557,
    "edge_order_std_dev": 2.202046450392675,
    "edge_weight_std_dev": 70.62701075312067,
    "induced_norm": 6309.83730592884,
    "max_edge_order": 9,
    "max_edge_weight": 859.0421225980931,
    "max_vertex_degree": 25,
    "min_edge_order": 4.9640718562874255,
    "min_edge_weight": 0.8368770147548226,
    "n_qubits": 9,
    "total_pstrings": 165
}