{
    "avg_edge_order": 1,
    "avg_edge_weight": 37.547025156619895,
    "avg_vertex_degree": 18.555555555555557,
    "edge_order_std_dev": 2.202046450392675,
    "edge_weight_std_dev": 70.60339707225722,
    "induced_norm": 6195.259150842282,
    "max_edge_order": 9,
    "max_edge_weight": 850.7083196122043,
    "max_vertex_degree": 25,
    "min_edge_order": 4.9640718562874255,
    "min_edge_weight": 0.1057053054653565,
    "n_qubits": 9,
    "total_pstrings": 165
}