{
    "avg_edge_order": 1,
    "avg_edge_weight": 36.08065894075545,
    "avg_vertex_degree": 18.555555555555557,
    "edge_order_std_dev": 2.202046450392675,
    "edge_weight_std_dev": 69.05603018733602,
    "induced_norm": 5953.308725224651,
    "max_edge_order": 9,
    "max_edge_weight": 795.0252638438494,
    "max_vertex_degree": 25,
    "min_edge_order": 4.9640718562874255,
    "min_edge_weight": 0.17523739634403057,
    "n_qubits": 9,
    "total_pstrings": 165
}