{
    "avg_edge_order": 1,
    "avg_edge_weight": 33.73063661681358,
    "avg_vertex_degree": 18.555555555555557,
    "edge_order_std_dev": 2.202046450392675,
    "edge_weight_std_dev": 65.11291799192836,
    "induced_norm": 5565.555041774241,
    "max_edge_order": 9,
    "max_edge_weight": 778.7174123035784,
    "max_vertex_degree": 25,
    "min_edge_order": 4.9640718562874255,
    "min_edge_weight": 0.042991155220143185,
    "n_qubits": 9,
    "total_pstrings": 165
}