{
    "avg_edge_order": 1,
    "avg_edge_weight": 0.33364928597823484,
    "avg_vertex_degree": 18.22222222222222,
    "clustering_coefficient": 0.3944903086902307,
    "edge_order_std_dev": 2.1751120506942967,
    "edge_weight_std_dev": 0.6676685378875642,
    "induced_norm": 52.71658718456112,
    "max_edge_order": 9,
    "max_edge_weight": 8.291823470527849,
    "max_vertex_degree": 25,
    "min_edge_order": 5.024390243902439,
    "min_edge_weight": 0.0002630064762906281,
    "n_qubits": 9,
    "total_pstrings": 158
}