{
    "avg_edge_order": 1,
    "avg_edge_weight": 28.012869987793916,
    "avg_vertex_degree": 63.333333333333336,
    "edge_order_std_dev": 4.224926034855522,
    "edge_weight_std_dev": 83.18860570044484,
    "induced_norm": 17704.133832285755,
    "max_edge_order": 18,
    "max_edge_weight": 2072.2724284839314,
    "max_vertex_degree": 90,
    "min_edge_order": 9.5,
    "min_edge_weight": 0.06264075642600786,
    "n_qubits": 18,
    "total_pstrings": 632
}