{
    "avg_edge_order": 1,
    "avg_edge_weight": 34.14457589108228,
    "avg_vertex_degree": 26.0,
    "edge_order_std_dev": 2.6457513110645907,
    "edge_weight_std_dev": 127.95898794123615,
    "induced_norm": 7921.541606731087,
    "max_edge_order": 11,
    "max_edge_weight": 1954.4399234448474,
    "max_vertex_degree": 36,
    "min_edge_order": 6.0,
    "min_edge_weight": 0.8782258331256898,
    "n_qubits": 11,
    "total_pstrings": 232
}