{
    "avg_edge_order": 1,
    "avg_edge_weight": 35.581134920917,
    "avg_vertex_degree": 18.555555555555557,
    "edge_order_std_dev": 2.202046450392675,
    "edge_weight_std_dev": 64.9308809860186,
    "induced_norm": 5870.887261951302,
    "max_edge_order": 9,
    "max_edge_weight": 786.9378524234504,
    "max_vertex_degree": 25,
    "min_edge_order": 4.9640718562874255,
    "min_edge_weight": 0.5519435125420191,
    "n_qubits": 9,
    "total_pstrings": 165
}