{
    "avg_edge_order": 1,
    "avg_edge_weight": 34.51882553758452,
    "avg_vertex_degree": 18.555555555555557,
    "edge_order_std_dev": 2.202046450392675,
    "edge_weight_std_dev": 68.45361462733018,
    "induced_norm": 5695.606213701448,
    "max_edge_order": 9,
    "max_edge_weight": 841.736093338272,
    "max_vertex_degree": 25,
    "min_edge_order": 4.9640718562874255,
    "min_edge_weight": 0.22699179323903973,
    "n_qubits": 9,
    "total_pstrings": 165
}