{
    "avg_edge_order": 1,
    "avg_edge_weight": 36.64240830312749,
    "avg_vertex_degree": 18.555555555555557,
    "edge_order_std_dev": 2.202046450392675,
    "edge_weight_std_dev": 73.71367356949838,
    "induced_norm": 6045.997370016036,
    "max_edge_order": 9,
    "max_edge_weight": 893.4184066381815,
    "max_vertex_degree": 25,
    "min_edge_order": 4.9640718562874255,
    "min_edge_weight": 0.3326615190456461,
    "n_qubits": 9,
    "total_pstrings": 165
}