{
    "avg_edge_order": 1,
    "avg_edge_weight": 0.3155711529443454,
    "avg_vertex_degree": 18.22222222222222,
    "clustering_coefficient": 0.3944903086902307,
    "edge_order_std_dev": 2.1751120506942967,
    "edge_weight_std_dev": 0.6202563521808918,
    "induced_norm": 49.86024216520657,
    "max_edge_order": 9,
    "max_edge_weight": 7.50800814712203,
    "max_vertex_degree": 25,
    "min_edge_order": 5.024390243902439,
    "min_edge_weight": 0.0013260193235422602,
    "n_qubits": 9,
    "total_pstrings": 158
}