{
    "avg_edge_order": 1,
    "avg_edge_weight": 0.32802314700566826,
    "avg_vertex_degree": 18.22222222222222,
    "clustering_coefficient": 0.3944903086902307,
    "edge_order_std_dev": 2.1751120506942967,
    "edge_weight_std_dev": 0.691785166327529,
    "induced_norm": 51.82765722689558,
    "max_edge_order": 9,
    "max_edge_weight": 8.5437533044,
    "max_vertex_degree": 25,
    "min_edge_order": 5.024390243902439,
    "min_edge_weight": 0.004979516072089463,
    "n_qubits": 9,
    "total_pstrings": 158
}