{
    "avg_edge_order": 1,
    "avg_edge_weight": 37.550269331901404,
    "avg_vertex_degree": 18.555555555555557,
    "edge_order_std_dev": 2.202046450392675,
    "edge_weight_std_dev": 69.28623823731523,
    "induced_norm": 6195.79443976373,
    "max_edge_order": 9,
    "max_edge_weight": 823.4447070478951,
    "max_vertex_degree": 25,
    "min_edge_order": 4.9640718562874255,
    "min_edge_weight": 0.18255837997448454,
    "n_qubits": 9,
    "total_pstrings": 165
}