{
    "avg_edge_order": 1,
    "avg_edge_weight": 33.28215443597333,
    "avg_vertex_degree": 18.555555555555557,
    "edge_order_std_dev": 2.202046450392675,
    "edge_weight_std_dev": 59.826574006181666,
    "induced_norm": 5491.555481935598,
    "max_edge_order": 9,
    "max_edge_weight": 702.4652126351531,
    "max_vertex_degree": 25,
    "min_edge_order": 4.9640718562874255,
    "min_edge_weight": 0.05447223064472162,
    "n_qubits": 9,
    "total_pstrings": 165
}