{
    "avg_edge_order": 1,
    "avg_edge_weight": 34.56942725283983,
    "avg_vertex_degree": 18.555555555555557,
    "edge_order_std_dev": 2.202046450392675,
    "edge_weight_std_dev": 64.57608541318498,
    "induced_norm": 5703.95549671857,
    "max_edge_order": 9,
    "max_edge_weight": 766.6126170031604,
    "max_vertex_degree": 25,
    "min_edge_order": 4.9640718562874255,
    "min_edge_weight": 0.07391110997093087,
    "n_qubits": 9,
    "total_pstrings": 165
}