{
    "avg_edge_order": 1,
    "avg_edge_weight": 35.73697675209255,
    "avg_vertex_degree": 18.555555555555557,
    "edge_order_std_dev": 2.202046450392675,
    "edge_weight_std_dev": 63.338659166859784,
    "induced_norm": 5896.60116409527,
    "max_edge_order": 9,
    "max_edge_weight": 779.187676985318,
    "max_vertex_degree": 25,
    "min_edge_order": 4.9640718562874255,
    "min_edge_weight": 0.06816913854125772,
    "n_qubits": 9,
    "total_pstrings": 165
}