{
    "avg_edge_order": 1,
    "avg_edge_weight": 35.79047592598215,
    "avg_vertex_degree": 18.555555555555557,
    "edge_order_std_dev": 2.202046450392675,
    "edge_weight_std_dev": 67.50556393757411,
    "induced_norm": 5905.428527787057,
    "max_edge_order": 9,
    "max_edge_weight": 822.3080061624789,
    "max_vertex_degree": 25,
    "min_edge_order": 4.9640718562874255,
    "min_edge_weight": 0.3511294817177877,
    "n_qubits": 9,
    "total_pstrings": 165
}