{
    "avg_edge_order": 1,
    "avg_edge_weight": 31.145847026575602,
    "avg_vertex_degree": 26.0,
    "edge_order_std_dev": 2.6457513110645907,
    "edge_weight_std_dev": 98.42111736894545,
    "induced_norm": 7225.836510165539,
    "max_edge_order": 11,
    "max_edge_weight": 1379.1980238980327,
    "max_vertex_degree": 36,
    "min_edge_order": 6.0,
    "min_edge_weight": 0.4132099323920335,
    "n_qubits": 11,
    "total_pstrings": 232
}