{
    "avg_edge_order": 1,
    "avg_edge_weight": 0.369670873839045,
    "avg_vertex_degree": 18.444444444444443,
    "clustering_coefficient": 0.3978557808856851,
    "edge_order_std_dev": 2.187004200080886,
    "edge_weight_std_dev": 0.6824141138060843,
    "induced_norm": 60.995694183442424,
    "max_edge_order": 9,
    "max_edge_weight": 8.068892295583233,
    "max_vertex_degree": 25,
    "min_edge_order": 4.9879518072289155,
    "min_edge_weight": 0.0017677288082246223,
    "n_qubits": 9,
    "total_pstrings": 165
}