{
    "avg_edge_order": 1,
    "avg_edge_weight": 30.957655112822845,
    "avg_vertex_degree": 30.333333333333332,
    "edge_order_std_dev": 2.8722813232690143,
    "edge_weight_std_dev": 75.84267311301026,
    "induced_norm": 8575.270466251926,
    "max_edge_order": 12,
    "max_edge_weight": 1266.6258128538002,
    "max_vertex_degree": 42,
    "min_edge_order": 6.5,
    "min_edge_weight": 0.20283496812270596,
    "n_qubits": 12,
    "total_pstrings": 277
}