{
    "avg_edge_order": 1,
    "avg_edge_weight": 0.3609454765931084,
    "avg_vertex_degree": 18.444444444444443,
    "clustering_coefficient": 0.3978557808856851,
    "edge_order_std_dev": 2.187004200080886,
    "edge_weight_std_dev": 0.6825747200778791,
    "induced_norm": 59.5560036378629,
    "max_edge_order": 9,
    "max_edge_weight": 8.290233867695228,
    "max_vertex_degree": 25,
    "min_edge_order": 4.9879518072289155,
    "min_edge_weight": 0.0016790558521226906,
    "n_qubits": 9,
    "total_pstrings": 165
}