{
    "avg_edge_order": 1,
    "avg_edge_weight": 29.2892531722627,
    "avg_vertex_degree": 30.333333333333332,
    "edge_order_std_dev": 2.8722813232690143,
    "edge_weight_std_dev": 73.38041056871351,
    "induced_norm": 8113.123128716767,
    "max_edge_order": 12,
    "max_edge_weight": 1216.6365378875932,
    "max_vertex_degree": 42,
    "min_edge_order": 6.5,
    "min_edge_weight": 0.06835120382960369,
    "n_qubits": 12,
    "total_pstrings": 277
}