{
    "avg_edge_order": 1,
    "avg_edge_weight": 28.54459128218643,
    "avg_vertex_degree": 30.333333333333332,
    "edge_order_std_dev": 2.8722813232690143,
    "edge_weight_std_dev": 70.47139216765314,
    "induced_norm": 7906.851785165641,
    "max_edge_order": 12,
    "max_edge_weight": 1173.668601066265,
    "max_vertex_degree": 42,
    "min_edge_order": 6.5,
    "min_edge_weight": 0.0275599294731812,
    "n_qubits": 12,
    "total_pstrings": 277
}