{
    "avg_edge_order": 1,
    "avg_edge_weight": 28.800109127043942,
    "avg_vertex_degree": 30.333333333333332,
    "edge_order_std_dev": 2.8722813232690143,
    "edge_weight_std_dev": 71.70137736767174,
    "induced_norm": 7977.630228191174,
    "max_edge_order": 12,
    "max_edge_weight": 1191.7695189642186,
    "max_vertex_degree": 42,
    "min_edge_order": 6.5,
    "min_edge_weight": 0.03326623583212296,
    "n_qubits": 12,
    "total_pstrings": 277
}