{
    "avg_edge_order": 1,
    "avg_edge_weight": 0.3373598564909569,
    "avg_vertex_degree": 18.444444444444443,
    "clustering_coefficient": 0.3978557808856851,
    "edge_order_std_dev": 2.187004200080886,
    "edge_weight_std_dev": 0.6262771868484623,
    "induced_norm": 55.66437632100793,
    "max_edge_order": 9,
    "max_edge_weight": 7.626669234825435,
    "max_vertex_degree": 25,
    "min_edge_order": 4.9879518072289155,
    "min_edge_weight": 0.01353869107950778,
    "n_qubits": 9,
    "total_pstrings": 165
}