{
    "avg_edge_order": 1,
    "avg_edge_weight": 30.139656156067538,
    "avg_vertex_degree": 30.333333333333332,
    "edge_order_std_dev": 2.8722813232690143,
    "edge_weight_std_dev": 70.41993709364478,
    "induced_norm": 8348.684755230708,
    "max_edge_order": 12,
    "max_edge_weight": 1174.6383780915621,
    "max_vertex_degree": 42,
    "min_edge_order": 6.5,
    "min_edge_weight": 0.026746421498419215,
    "n_qubits": 12,
    "total_pstrings": 277
}