{
    "avg_edge_order": 1,
    "avg_edge_weight": 29.073791216337487,
    "avg_vertex_degree": 30.333333333333332,
    "edge_order_std_dev": 2.8722813232690143,
    "edge_weight_std_dev": 70.87572779917303,
    "induced_norm": 8053.440166925489,
    "max_edge_order": 12,
    "max_edge_weight": 1179.5237636875313,
    "max_vertex_degree": 42,
    "min_edge_order": 6.5,
    "min_edge_weight": 0.007738917320654792,
    "n_qubits": 12,
    "total_pstrings": 277
}