{
    "avg_edge_order": 1,
    "avg_edge_weight": 29.446891668979305,
    "avg_vertex_degree": 30.333333333333332,
    "edge_order_std_dev": 2.8722813232690143,
    "edge_weight_std_dev": 69.59722974835546,
    "induced_norm": 8156.788992307263,
    "max_edge_order": 12,
    "max_edge_weight": 1158.1860158814407,
    "max_vertex_degree": 42,
    "min_edge_order": 6.5,
    "min_edge_weight": 0.03394627788190263,
    "n_qubits": 12,
    "total_pstrings": 277
}