{
    "avg_edge_order": 1,
    "avg_edge_weight": 31.490976467688984,
    "avg_vertex_degree": 30.333333333333332,
    "edge_order_std_dev": 2.8722813232690143,
    "edge_weight_std_dev": 72.58640436004303,
    "induced_norm": 8723.000481549847,
    "max_edge_order": 12,
    "max_edge_weight": 1206.2889491806714,
    "max_vertex_degree": 42,
    "min_edge_order": 6.5,
    "min_edge_weight": 0.23040012511420827,
    "n_qubits": 12,
    "total_pstrings": 277
}