{
    "avg_edge_order": 1,
    "avg_edge_weight": 29.427499410839708,
    "avg_vertex_degree": 30.333333333333332,
    "edge_order_std_dev": 2.8722813232690143,
    "edge_weight_std_dev": 71.65094852989931,
    "induced_norm": 8151.417336802601,
    "max_edge_order": 12,
    "max_edge_weight": 1189.2321670625204,
    "max_vertex_degree": 42,
    "min_edge_order": 6.5,
    "min_edge_weight": 0.1451657640410109,
    "n_qubits": 12,
    "total_pstrings": 277
}