{
    "avg_edge_order": 1,
    "avg_edge_weight": 33.92614989223918,
    "avg_vertex_degree": 26.0,
    "edge_order_std_dev": 2.6457513110645907,
    "edge_weight_std_dev": 110.45433202371754,
    "induced_norm": 7870.866774999493,
    "max_edge_order": 11,
    "max_edge_weight": 1682.3855338015335,
    "max_vertex_degree": 36,
    "min_edge_order": 6.0,
    "min_edge_weight": 0.7837330897661977,
    "n_qubits": 11,
    "total_pstrings": 232
}