{
    "avg_edge_order": 1,
    "avg_edge_weight": 29.215629926731946,
    "avg_vertex_degree": 63.44444444444444,
    "edge_order_std_dev": 4.232856944607736,
    "edge_weight_std_dev": 82.64364358612023,
    "induced_norm": 18756.43441296191,
    "max_edge_order": 18,
    "max_edge_weight": 2059.921866244435,
    "max_vertex_degree": 90,
    "min_edge_order": 9.486865148861646,
    "min_edge_weight": 0.10317110164974608,
    "n_qubits": 18,
    "total_pstrings": 642
}