{
    "avg_edge_order": 1,
    "avg_edge_weight": 29.789741064244957,
    "avg_vertex_degree": 30.333333333333332,
    "edge_order_std_dev": 2.8722813232690143,
    "edge_weight_std_dev": 72.1630099980353,
    "induced_norm": 8251.758274795851,
    "max_edge_order": 12,
    "max_edge_weight": 1201.4189113035522,
    "max_vertex_degree": 42,
    "min_edge_order": 6.5,
    "min_edge_weight": 0.035374290179135404,
    "n_qubits": 12,
    "total_pstrings": 277
}