{
    "avg_edge_order": 1,
    "avg_edge_weight": 30.4152592487348,
    "avg_vertex_degree": 30.333333333333332,
    "edge_order_std_dev": 2.8722813232690143,
    "edge_weight_std_dev": 68.82849791951452,
    "induced_norm": 8425.02681189954,
    "max_edge_order": 12,
    "max_edge_weight": 1144.270435193556,
    "max_vertex_degree": 42,
    "min_edge_order": 6.5,
    "min_edge_weight": 0.4446124672595957,
    "n_qubits": 12,
    "total_pstrings": 277
}