{
    "avg_edge_order": 1,
    "avg_edge_weight": 28.871635369266237,
    "avg_vertex_degree": 30.333333333333332,
    "edge_order_std_dev": 2.8722813232690143,
    "edge_weight_std_dev": 68.54293106810434,
    "induced_norm": 7997.4429972867465,
    "max_edge_order": 12,
    "max_edge_weight": 1141.103407926315,
    "max_vertex_degree": 42,
    "min_edge_order": 6.5,
    "min_edge_weight": 0.046294521885151596,
    "n_qubits": 12,
    "total_pstrings": 277
}