{
    "avg_edge_order": 1,
    "avg_edge_weight": 29.520854206504595,
    "avg_vertex_degree": 30.333333333333332,
    "edge_order_std_dev": 2.8722813232690143,
    "edge_weight_std_dev": 72.69740530065279,
    "induced_norm": 8177.27661520177,
    "max_edge_order": 12,
    "max_edge_weight": 1210.3021014864105,
    "max_vertex_degree": 42,
    "min_edge_order": 6.5,
    "min_edge_weight": 0.023154629178023356,
    "n_qubits": 12,
    "total_pstrings": 277
}