{
    "avg_edge_order": 1,
    "avg_edge_weight": 0.34880360826780854,
    "avg_vertex_degree": 18.444444444444443,
    "clustering_coefficient": 0.3978557808856851,
    "edge_order_std_dev": 2.187004200080886,
    "edge_weight_std_dev": 0.7153292265166988,
    "induced_norm": 57.55259536418839,
    "max_edge_order": 9,
    "max_edge_weight": 8.860930950346553,
    "max_vertex_degree": 25,
    "min_edge_order": 4.9879518072289155,
    "min_edge_weight": 0.0003124233165116008,
    "n_qubits": 9,
    "total_pstrings": 165
}