{
    "avg_edge_order": 1,
    "avg_edge_weight": 29.756554976521535,
    "avg_vertex_degree": 30.333333333333332,
    "edge_order_std_dev": 2.8722813232690143,
    "edge_weight_std_dev": 73.80153634521326,
    "induced_norm": 8242.56572849647,
    "max_edge_order": 12,
    "max_edge_weight": 1230.4579992635508,
    "max_vertex_degree": 42,
    "min_edge_order": 6.5,
    "min_edge_weight": 0.2555228539500263,
    "n_qubits": 12,
    "total_pstrings": 277
}