{
    "avg_edge_order": 1,
    "avg_edge_weight": 28.705466138168944,
    "avg_vertex_degree": 30.333333333333332,
    "edge_order_std_dev": 2.8722813232690143,
    "edge_weight_std_dev": 66.70628369428395,
    "induced_norm": 7951.414120272795,
    "max_edge_order": 12,
    "max_edge_weight": 1113.542574498554,
    "max_vertex_degree": 42,
    "min_edge_order": 6.5,
    "min_edge_weight": 0.06904781239064905,
    "n_qubits": 12,
    "total_pstrings": 277
}