{
    "avg_edge_order": 1,
    "avg_edge_weight": 29.553046288716615,
    "avg_vertex_degree": 30.333333333333332,
    "edge_order_std_dev": 2.8722813232690143,
    "edge_weight_std_dev": 71.6632752134493,
    "induced_norm": 8186.1938219745025,
    "max_edge_order": 12,
    "max_edge_weight": 1192.8883781435839,
    "max_vertex_degree": 42,
    "min_edge_order": 6.5,
    "min_edge_weight": 0.5848383443496417,
    "n_qubits": 12,
    "total_pstrings": 277
}