{
    "avg_edge_order": 1,
    "avg_edge_weight": 27.029242049424198,
    "avg_vertex_degree": 30.333333333333332,
    "edge_order_std_dev": 2.8722813232690143,
    "edge_weight_std_dev": 67.822141495896,
    "induced_norm": 7487.100047690498,
    "max_edge_order": 12,
    "max_edge_weight": 1128.7955499438172,
    "max_vertex_degree": 42,
    "min_edge_order": 6.5,
    "min_edge_weight": 0.09258136298917918,
    "n_qubits": 12,
    "total_pstrings": 277
}