{
    "avg_edge_order": 1,
    "avg_edge_weight": 29.02258845194443,
    "avg_vertex_degree": 30.333333333333332,
    "edge_order_std_dev": 2.8722813232690143,
    "edge_weight_std_dev": 70.47262044505695,
    "induced_norm": 8039.257001188611,
    "max_edge_order": 12,
    "max_edge_weight": 1176.2150594432078,
    "max_vertex_degree": 42,
    "min_edge_order": 6.5,
    "min_edge_weight": 0.07866822176013089,
    "n_qubits": 12,
    "total_pstrings": 277
}