{
    "avg_edge_order": 1,
    "avg_edge_weight": 0.36963277821767676,
    "avg_vertex_degree": 18.444444444444443,
    "clustering_coefficient": 0.3978557808856851,
    "edge_order_std_dev": 2.187004200080886,
    "edge_weight_std_dev": 0.7012937130037156,
    "induced_norm": 60.98940840591664,
    "max_edge_order": 9,
    "max_edge_weight": 8.003509824083443,
    "max_vertex_degree": 25,
    "min_edge_order": 4.9879518072289155,
    "min_edge_weight": 0.0029630900797282256,
    "n_qubits": 9,
    "total_pstrings": 165
}