{
    "avg_edge_order": 1,
    "avg_edge_weight": 33.378411725634194,
    "avg_vertex_degree": 26.0,
    "edge_order_std_dev": 2.6457513110645907,
    "edge_weight_std_dev": 97.31427758349209,
    "induced_norm": 7743.791520347133,
    "max_edge_order": 11,
    "max_edge_weight": 1211.4839018316998,
    "max_vertex_degree": 36,
    "min_edge_order": 6.0,
    "min_edge_weight": 0.12831773372120026,
    "n_qubits": 11,
    "total_pstrings": 232
}