{
    "avg_edge_order": 1,
    "avg_edge_weight": 32.21007894418525,
    "avg_vertex_degree": 63.44444444444444,
    "edge_order_std_dev": 4.232856944607736,
    "edge_weight_std_dev": 85.33811823247865,
    "induced_norm": 21162.021866329687,
    "max_edge_order": 18,
    "max_edge_weight": 2111.9186436001255,
    "max_vertex_degree": 90,
    "min_edge_order": 9.486865148861646,
    "min_edge_weight": 0.015085900924802331,
    "n_qubits": 18,
    "total_pstrings": 657
}