{
    "avg_edge_order": 1,
    "avg_edge_weight": 32.75194082351597,
    "avg_vertex_degree": 9.333333333333334,
    "edge_order_std_dev": 1.5,
    "edge_weight_std_dev": 54.65360201478221,
    "induced_norm": 2227.1319759990856,
    "max_edge_order": 6,
    "max_edge_weight": 458.68495035939986,
    "max_vertex_degree": 12,
    "min_edge_order": 3.5,
    "min_edge_weight": 6.7942495522999025e-06,
    "n_qubits": 6,
    "total_pstrings": 68
}