{
    "avg_edge_order": 1,
    "avg_edge_weight": 36.675614833679084,
    "avg_vertex_degree": 5.0,
    "clustering_coefficient": 0.4220077730200311,
    "edge_order_std_dev": 1.02469507659596,
    "edge_weight_std_dev": 39.838738022335626,
    "induced_norm": 1063.5928301766935,
    "max_edge_order": 4,
    "max_edge_weight": 236.70188084962044,
    "max_vertex_degree": 6,
    "min_edge_order": 2.5,
    "min_edge_weight": 4.734042371668812,
    "n_qubits": 4,
    "total_pstrings": 29
}