{
    "avg_edge_order": 1,
    "avg_edge_weight": 35.47232300933909,
    "avg_vertex_degree": 22.0,
    "edge_order_std_dev": 2.4186773244895647,
    "edge_weight_std_dev": 121.04113398746136,
    "induced_norm": 6775.213694783767,
    "max_edge_order": 10,
    "max_edge_weight": 1663.9735618277496,
    "max_vertex_degree": 30,
    "min_edge_order": 5.5,
    "min_edge_weight": 0.70237097128161,
    "n_qubits": 10,
    "total_pstrings": 191
}