{
    "avg_edge_order": 1,
    "avg_edge_weight": 30.31304279127992,
    "avg_vertex_degree": 30.333333333333332,
    "edge_order_std_dev": 2.8722813232690143,
    "edge_weight_std_dev": 70.92392093931122,
    "induced_norm": 8427.025895975816,
    "max_edge_order": 12,
    "max_edge_weight": 1171.20926620876,
    "max_vertex_degree": 42,
    "min_edge_order": 6.5,
    "min_edge_weight": 0.4771469783128479,
    "n_qubits": 12,
    "total_pstrings": 278
}