{
    "avg_edge_order": 1,
    "avg_edge_weight": 30.05116615274504,
    "avg_vertex_degree": 30.333333333333332,
    "edge_order_std_dev": 2.8722813232690143,
    "edge_weight_std_dev": 71.73760304661295,
    "induced_norm": 8354.224190463121,
    "max_edge_order": 12,
    "max_edge_weight": 1196.4048100985685,
    "max_vertex_degree": 42,
    "min_edge_order": 6.5,
    "min_edge_weight": 0.004282334307664781,
    "n_qubits": 12,
    "total_pstrings": 278
}