{
    "avg_edge_order": 1,
    "avg_edge_weight": 28.91204234227041,
    "avg_vertex_degree": 30.333333333333332,
    "edge_order_std_dev": 2.8722813232690143,
    "edge_weight_std_dev": 67.82939528556211,
    "induced_norm": 8037.547771151175,
    "max_edge_order": 12,
    "max_edge_weight": 1124.108024226736,
    "max_vertex_degree": 42,
    "min_edge_order": 6.5,
    "min_edge_weight": 0.0469069437854337,
    "n_qubits": 12,
    "total_pstrings": 278
}