{
    "avg_edge_order": 1,
    "avg_edge_weight": 29.620093856379484,
    "avg_vertex_degree": 30.333333333333332,
    "edge_order_std_dev": 2.8722813232690143,
    "edge_weight_std_dev": 68.89696360585607,
    "induced_norm": 8234.386092073499,
    "max_edge_order": 12,
    "max_edge_weight": 1149.7286678988976,
    "max_vertex_degree": 42,
    "min_edge_order": 6.5,
    "min_edge_weight": 0.05183669084753362,
    "n_qubits": 12,
    "total_pstrings": 278
}