{
    "avg_edge_order": 1,
    "avg_edge_weight": 30.427535041921093,
    "avg_vertex_degree": 30.333333333333332,
    "edge_order_std_dev": 2.8722813232690143,
    "edge_weight_std_dev": 74.81735107034105,
    "induced_norm": 8458.854741654062,
    "max_edge_order": 12,
    "max_edge_weight": 1245.9560406152818,
    "max_vertex_degree": 42,
    "min_edge_order": 6.5,
    "min_edge_weight": 0.006070668421223502,
    "n_qubits": 12,
    "total_pstrings": 278
}