{
    "avg_edge_order": 1,
    "avg_edge_weight": 28.771076084042907,
    "avg_vertex_degree": 30.333333333333332,
    "edge_order_std_dev": 2.8722813232690143,
    "edge_weight_std_dev": 72.80935970071366,
    "induced_norm": 7998.359151363928,
    "max_edge_order": 12,
    "max_edge_weight": 1215.291923695809,
    "max_vertex_degree": 42,
    "min_edge_order": 6.5,
    "min_edge_weight": 0.126213687193788,
    "n_qubits": 12,
    "total_pstrings": 278
}