{
    "avg_edge_order": 1,
    "avg_edge_weight": 28.773587030107826,
    "avg_vertex_degree": 30.333333333333332,
    "edge_order_std_dev": 2.8722813232690143,
    "edge_weight_std_dev": 70.29118593036084,
    "induced_norm": 7999.057194369973,
    "max_edge_order": 12,
    "max_edge_weight": 1172.8071059209476,
    "max_vertex_degree": 42,
    "min_edge_order": 6.5,
    "min_edge_weight": 0.1585498723031442,
    "n_qubits": 12,
    "total_pstrings": 278
}