{
    "avg_edge_order": 1,
    "avg_edge_weight": 29.888168839650213,
    "avg_vertex_degree": 30.333333333333332,
    "edge_order_std_dev": 2.8722813232690143,
    "edge_weight_std_dev": 69.25279992367116,
    "induced_norm": 8308.910937422757,
    "max_edge_order": 12,
    "max_edge_weight": 1149.6248972388007,
    "max_vertex_degree": 42,
    "min_edge_order": 6.5,
    "min_edge_weight": 0.11370219730614295,
    "n_qubits": 12,
    "total_pstrings": 278
}