{
    "avg_edge_order": 1,
    "avg_edge_weight": 29.56974613181355,
    "avg_vertex_degree": 30.333333333333332,
    "edge_order_std_dev": 2.8722813232690143,
    "edge_weight_std_dev": 68.02405052575835,
    "induced_norm": 8220.389424644165,
    "max_edge_order": 12,
    "max_edge_weight": 1132.3647343040006,
    "max_vertex_degree": 42,
    "min_edge_order": 6.5,
    "min_edge_weight": 0.155843670836326,
    "n_qubits": 12,
    "total_pstrings": 278
}