{
    "avg_edge_order": 1,
    "avg_edge_weight": 0.4302190782171835,
    "avg_vertex_degree": 18.444444444444443,
    "clustering_coefficient": 0.40457079097113363,
    "edge_order_std_dev": 2.187004200080886,
    "edge_weight_std_dev": 0.7224529907343015,
    "induced_norm": 77.43943407909299,
    "max_edge_order": 9,
    "max_edge_weight": 7.570591257944937,
    "max_vertex_degree": 25,
    "min_edge_order": 4.9879518072289155,
    "min_edge_weight": 0.003250183128002071,
    "n_qubits": 9,
    "total_pstrings": 180
}