{
    "avg_edge_order": 1,
    "avg_edge_weight": 29.621213089449256,
    "avg_vertex_degree": 30.333333333333332,
    "edge_order_std_dev": 2.8722813232690143,
    "edge_weight_std_dev": 70.28090202922616,
    "induced_norm": 8234.697238866893,
    "max_edge_order": 12,
    "max_edge_weight": 1156.3362293859716,
    "max_vertex_degree": 42,
    "min_edge_order": 6.5,
    "min_edge_weight": 0.2317547417813799,
    "n_qubits": 12,
    "total_pstrings": 278
}