{
    "avg_edge_order": 1,
    "avg_edge_weight": 37.42708042030344,
    "avg_vertex_degree": 26.0,
    "edge_order_std_dev": 2.6457513110645907,
    "edge_weight_std_dev": 133.11089932757184,
    "induced_norm": 8683.082657510397,
    "max_edge_order": 11,
    "max_edge_weight": 1818.5715369068234,
    "max_vertex_degree": 36,
    "min_edge_order": 6.0,
    "min_edge_weight": 0.21802681595404216,
    "n_qubits": 11,
    "total_pstrings": 232
}