{
    "avg_edge_order": 1,
    "avg_edge_weight": 34.43482472904439,
    "avg_vertex_degree": 64.0,
    "edge_order_std_dev": 4.262835499178399,
    "edge_weight_std_dev": 86.68059998898492,
    "induced_norm": 23691.159413582536,
    "max_edge_order": 18,
    "max_edge_weight": 2138.335859260692,
    "max_vertex_degree": 90,
    "min_edge_order": 9.427083333333334,
    "min_edge_weight": 0.00463120918470139,
    "n_qubits": 18,
    "total_pstrings": 688
}