{
    "avg_edge_order": 1,
    "avg_edge_weight": 28.57287304306628,
    "avg_vertex_degree": 30.333333333333332,
    "edge_order_std_dev": 2.8722813232690143,
    "edge_weight_std_dev": 71.1806274991688,
    "induced_norm": 7943.2587059724265,
    "max_edge_order": 12,
    "max_edge_weight": 1172.4791969361381,
    "max_vertex_degree": 42,
    "min_edge_order": 6.5,
    "min_edge_weight": 0.06525523182049353,
    "n_qubits": 12,
    "total_pstrings": 278
}