{
    "avg_edge_order": 1,
    "avg_edge_weight": 0.3873320622765244,
    "avg_vertex_degree": 18.444444444444443,
    "clustering_coefficient": 0.40457079097113363,
    "edge_order_std_dev": 2.187004200080886,
    "edge_weight_std_dev": 0.7151921278720462,
    "induced_norm": 69.71977120977436,
    "max_edge_order": 9,
    "max_edge_weight": 8.426877358048461,
    "max_vertex_degree": 25,
    "min_edge_order": 4.9879518072289155,
    "min_edge_weight": 0.004139380675729887,
    "n_qubits": 9,
    "total_pstrings": 180
}