{
    "avg_edge_order": 1,
    "avg_edge_weight": 30.49260126921869,
    "avg_vertex_degree": 30.333333333333332,
    "edge_order_std_dev": 2.8722813232690143,
    "edge_weight_std_dev": 74.95865822320869,
    "induced_norm": 8476.943152842796,
    "max_edge_order": 12,
    "max_edge_weight": 1245.658441522879,
    "max_vertex_degree": 42,
    "min_edge_order": 6.5,
    "min_edge_weight": 0.001309330576448886,
    "n_qubits": 12,
    "total_pstrings": 278
}