{
    "avg_edge_order": 1,
    "avg_edge_weight": 28.45488179485398,
    "avg_vertex_degree": 30.333333333333332,
    "edge_order_std_dev": 2.8722813232690143,
    "edge_weight_std_dev": 68.62835367632364,
    "induced_norm": 7910.45713896941,
    "max_edge_order": 12,
    "max_edge_weight": 1127.6022908483826,
    "max_vertex_degree": 42,
    "min_edge_order": 6.5,
    "min_edge_weight": 0.2581576171609825,
    "n_qubits": 12,
    "total_pstrings": 278
}