{
    "avg_edge_order": 1,
    "avg_edge_weight": 29.880372411200828,
    "avg_vertex_degree": 30.333333333333332,
    "edge_order_std_dev": 2.8722813232690143,
    "edge_weight_std_dev": 69.42251826130729,
    "induced_norm": 8306.743530313832,
    "max_edge_order": 12,
    "max_edge_weight": 1153.3960463121812,
    "max_vertex_degree": 42,
    "min_edge_order": 6.5,
    "min_edge_weight": 0.5304838341395168,
    "n_qubits": 12,
    "total_pstrings": 278
}