{
    "avg_edge_order": 1,
    "avg_edge_weight": 30.203015777906593,
    "avg_vertex_degree": 30.333333333333332,
    "edge_order_std_dev": 2.8722813232690143,
    "edge_weight_std_dev": 68.30671456046854,
    "induced_norm": 8396.438386258033,
    "max_edge_order": 12,
    "max_edge_weight": 1137.8459094940135,
    "max_vertex_degree": 42,
    "min_edge_order": 6.5,
    "min_edge_weight": 0.07817174169210972,
    "n_qubits": 12,
    "total_pstrings": 278
}