{
    "avg_edge_order": 1,
    "avg_edge_weight": 0.39044566504633443,
    "avg_vertex_degree": 18.444444444444443,
    "clustering_coefficient": 0.40457079097113363,
    "edge_order_std_dev": 2.187004200080886,
    "edge_weight_std_dev": 0.6856621869829933,
    "induced_norm": 70.2802197083402,
    "max_edge_order": 9,
    "max_edge_weight": 7.831320579252862,
    "max_vertex_degree": 25,
    "min_edge_order": 4.9879518072289155,
    "min_edge_weight": 0.001671807556781757,
    "n_qubits": 9,
    "total_pstrings": 180
}