{
    "avg_edge_order": 1,
    "avg_edge_weight": 27.338199903048814,
    "avg_vertex_degree": 30.333333333333332,
    "edge_order_std_dev": 2.8722813232690143,
    "edge_weight_std_dev": 65.01926833340208,
    "induced_norm": 7600.019573047572,
    "max_edge_order": 12,
    "max_edge_weight": 1081.6761154083933,
    "max_vertex_degree": 42,
    "min_edge_order": 6.5,
    "min_edge_weight": 0.07264502514796689,
    "n_qubits": 12,
    "total_pstrings": 278
}