{
    "avg_edge_order": 1,
    "avg_edge_weight": 30.727381081048577,
    "avg_vertex_degree": 30.333333333333332,
    "edge_order_std_dev": 2.8722813232690143,
    "edge_weight_std_dev": 77.8967832259585,
    "induced_norm": 8542.211940531493,
    "max_edge_order": 12,
    "max_edge_weight": 1301.2495568575785,
    "max_vertex_degree": 42,
    "min_edge_order": 6.5,
    "min_edge_weight": 0.6800727146988734,
    "n_qubits": 12,
    "total_pstrings": 278
}