{
    "avg_edge_order": 1,
    "avg_edge_weight": 29.806816741209765,
    "avg_vertex_degree": 30.333333333333332,
    "edge_order_std_dev": 2.8722813232690143,
    "edge_weight_std_dev": 72.8874419015566,
    "induced_norm": 8286.295054056316,
    "max_edge_order": 12,
    "max_edge_weight": 1204.642349996413,
    "max_vertex_degree": 42,
    "min_edge_order": 6.5,
    "min_edge_weight": 0.4749604877955782,
    "n_qubits": 12,
    "total_pstrings": 278
}