{
    "avg_edge_order": 1,
    "avg_edge_weight": 0.3988438011764152,
    "avg_vertex_degree": 18.444444444444443,
    "clustering_coefficient": 0.40457079097113363,
    "edge_order_std_dev": 2.187004200080886,
    "edge_weight_std_dev": 0.692635153004162,
    "induced_norm": 71.79188421175475,
    "max_edge_order": 9,
    "max_edge_weight": 8.040831386573554,
    "max_vertex_degree": 25,
    "min_edge_order": 4.9879518072289155,
    "min_edge_weight": 0.0031757352418855245,
    "n_qubits": 9,
    "total_pstrings": 180
}