{
    "avg_edge_order": 1,
    "avg_edge_weight": 30.22170716396906,
    "avg_vertex_degree": 30.333333333333332,
    "edge_order_std_dev": 2.8722813232690143,
    "edge_weight_std_dev": 72.45894632803116,
    "induced_norm": 8401.634591583394,
    "max_edge_order": 12,
    "max_edge_weight": 1205.374090940807,
    "max_vertex_degree": 42,
    "min_edge_order": 6.5,
    "min_edge_weight": 0.3316684060491686,
    "n_qubits": 12,
    "total_pstrings": 278
}