{
    "avg_edge_order": 1,
    "avg_edge_weight": 0.3860502544046726,
    "avg_vertex_degree": 18.444444444444443,
    "clustering_coefficient": 0.40457079097113363,
    "edge_order_std_dev": 2.187004200080886,
    "edge_weight_std_dev": 0.6655458573802323,
    "induced_norm": 69.48904579284108,
    "max_edge_order": 9,
    "max_edge_weight": 7.46450751325925,
    "max_vertex_degree": 25,
    "min_edge_order": 4.9879518072289155,
    "min_edge_weight": 0.00012317361855357367,
    "n_qubits": 9,
    "total_pstrings": 180
}