{
    "avg_edge_order": 1,
    "avg_edge_weight": 31.711687872905465,
    "avg_vertex_degree": 7.0,
    "clustering_coefficient": 0.40579755745685286,
    "edge_order_std_dev": 1.2649110640673518,
    "edge_weight_std_dev": 49.23621073287239,
    "induced_norm": 1458.7376421536517,
    "max_edge_order": 5,
    "max_edge_weight": 346.0649562898808,
    "max_vertex_degree": 9,
    "min_edge_order": 3.0,
    "min_edge_weight": 0.3269751135505372,
    "n_qubits": 5,
    "total_pstrings": 46
}