{
    "avg_edge_order": 1,
    "avg_edge_weight": 40.046611914686736,
    "avg_vertex_degree": 64.0,
    "edge_order_std_dev": 4.262835499178399,
    "edge_weight_std_dev": 86.62737630119429,
    "induced_norm": 30075.005547929708,
    "max_edge_order": 18,
    "max_edge_weight": 2101.4612368221965,
    "max_vertex_degree": 90,
    "min_edge_order": 9.427083333333334,
    "min_edge_weight": 0.10654820782768937,
    "n_qubits": 18,
    "total_pstrings": 751
}