{
    "avg_edge_order": 1,
    "avg_edge_weight": 35.254680037353914,
    "avg_vertex_degree": 26.0,
    "edge_order_std_dev": 2.6457513110645907,
    "edge_weight_std_dev": 113.99159794798643,
    "induced_norm": 8179.085768666108,
    "max_edge_order": 11,
    "max_edge_weight": 1611.1784649132496,
    "max_vertex_degree": 36,
    "min_edge_order": 6.0,
    "min_edge_weight": 0.49546165485326554,
    "n_qubits": 11,
    "total_pstrings": 232
}