{
    "avg_edge_order": 1,
    "avg_edge_weight": 27.89486926369181,
    "avg_vertex_degree": 35.0,
    "edge_order_std_dev": 3.0983866769659336,
    "edge_weight_std_dev": 69.55087081116947,
    "induced_norm": 9093.72737996353,
    "max_edge_order": 13,
    "max_edge_weight": 1252.2925937550183,
    "max_vertex_degree": 49,
    "min_edge_order": 7.0,
    "min_edge_weight": 0.27997505031839154,
    "n_qubits": 13,
    "total_pstrings": 326
}