{
    "avg_edge_order": 1,
    "avg_edge_weight": 27.719226079902764,
    "avg_vertex_degree": 35.0,
    "edge_order_std_dev": 3.0983866769659336,
    "edge_weight_std_dev": 73.87905208393978,
    "induced_norm": 9036.467702048303,
    "max_edge_order": 13,
    "max_edge_weight": 1332.79769995144,
    "max_vertex_degree": 49,
    "min_edge_order": 7.0,
    "min_edge_weight": 0.025621190484269363,
    "n_qubits": 13,
    "total_pstrings": 326
}