{
    "avg_edge_order": 1,
    "avg_edge_weight": 30.347968598190224,
    "avg_vertex_degree": 35.0,
    "edge_order_std_dev": 3.0983866769659336,
    "edge_weight_std_dev": 77.77362171915794,
    "induced_norm": 9893.437763010026,
    "max_edge_order": 13,
    "max_edge_weight": 1407.2442422821284,
    "max_vertex_degree": 49,
    "min_edge_order": 7.0,
    "min_edge_weight": 0.009602231220118274,
    "n_qubits": 13,
    "total_pstrings": 326
}