{
    "avg_edge_order": 1,
    "avg_edge_weight": 0.47512091815666535,
    "avg_vertex_degree": 19.555555555555557,
    "clustering_coefficient": 0.35053996525677567,
    "edge_order_std_dev": 2.197828332733312,
    "edge_weight_std_dev": 0.6851111841433701,
    "induced_norm": 100.25051373105636,
    "max_edge_order": 9,
    "max_edge_weight": 8.09508616455199,
    "max_vertex_degree": 28,
    "min_edge_order": 4.8522727272727275,
    "min_edge_weight": 0.0007628515872006303,
    "n_qubits": 9,
    "total_pstrings": 211
}