{
    "avg_edge_order": 1,
    "avg_edge_weight": 29.240017132867035,
    "avg_vertex_degree": 35.0,
    "edge_order_std_dev": 3.0983866769659336,
    "edge_weight_std_dev": 72.46306335902074,
    "induced_norm": 9532.245585314646,
    "max_edge_order": 13,
    "max_edge_weight": 1311.4635223212158,
    "max_vertex_degree": 49,
    "min_edge_order": 7.0,
    "min_edge_weight": 0.7570379751314888,
    "n_qubits": 13,
    "total_pstrings": 326
}