{
    "avg_edge_order": 1,
    "avg_edge_weight": 29.863820312021502,
    "avg_vertex_degree": 35.0,
    "edge_order_std_dev": 3.0983866769659336,
    "edge_weight_std_dev": 74.18018485169972,
    "induced_norm": 9735.60542171902,
    "max_edge_order": 13,
    "max_edge_weight": 1342.15924123926,
    "max_vertex_degree": 49,
    "min_edge_order": 7.0,
    "min_edge_weight": 0.11706836905662499,
    "n_qubits": 13,
    "total_pstrings": 326
}