{
    "avg_edge_order": 1,
    "avg_edge_weight": 0.5202291922108462,
    "avg_vertex_degree": 19.555555555555557,
    "clustering_coefficient": 0.35053996525677567,
    "edge_order_std_dev": 2.197828332733312,
    "edge_weight_std_dev": 0.8030222032262196,
    "induced_norm": 109.76835955648855,
    "max_edge_order": 9,
    "max_edge_weight": 8.309775345335101,
    "max_vertex_degree": 28,
    "min_edge_order": 4.8522727272727275,
    "min_edge_weight": 0.00025222538127639416,
    "n_qubits": 9,
    "total_pstrings": 211
}