{
    "avg_edge_order": 1,
    "avg_edge_weight": 30.307985235132822,
    "avg_vertex_degree": 35.0,
    "edge_order_std_dev": 3.0983866769659336,
    "edge_weight_std_dev": 76.94778933011823,
    "induced_norm": 9880.403186653306,
    "max_edge_order": 13,
    "max_edge_weight": 1391.9896804977866,
    "max_vertex_degree": 49,
    "min_edge_order": 7.0,
    "min_edge_weight": 0.13994662271068847,
    "n_qubits": 13,
    "total_pstrings": 326
}