{
    "avg_edge_order": 1,
    "avg_edge_weight": 29.87333465369413,
    "avg_vertex_degree": 35.0,
    "edge_order_std_dev": 3.0983866769659336,
    "edge_weight_std_dev": 75.9773218764146,
    "induced_norm": 9738.707097104285,
    "max_edge_order": 13,
    "max_edge_weight": 1373.5905466258669,
    "max_vertex_degree": 49,
    "min_edge_order": 7.0,
    "min_edge_weight": 0.012366098115670354,
    "n_qubits": 13,
    "total_pstrings": 326
}