{
    "avg_edge_order": 1,
    "avg_edge_weight": 30.11462092745227,
    "avg_vertex_degree": 35.0,
    "edge_order_std_dev": 3.0983866769659336,
    "edge_weight_std_dev": 76.17069168369983,
    "induced_norm": 9817.366422349442,
    "max_edge_order": 13,
    "max_edge_weight": 1378.5868871107311,
    "max_vertex_degree": 49,
    "min_edge_order": 7.0,
    "min_edge_weight": 0.15308059418773823,
    "n_qubits": 13,
    "total_pstrings": 326
}