{
    "avg_edge_order": 1,
    "avg_edge_weight": 29.10675887859539,
    "avg_vertex_degree": 35.0,
    "edge_order_std_dev": 3.0983866769659336,
    "edge_weight_std_dev": 73.01801145945355,
    "induced_norm": 9488.803394422097,
    "max_edge_order": 13,
    "max_edge_weight": 1320.4477598295327,
    "max_vertex_degree": 49,
    "min_edge_order": 7.0,
    "min_edge_weight": 0.041247159748486695,
    "n_qubits": 13,
    "total_pstrings": 326
}