{
    "avg_edge_order": 1,
    "avg_edge_weight": 29.327772119131712,
    "avg_vertex_degree": 35.0,
    "edge_order_std_dev": 3.0983866769659336,
    "edge_weight_std_dev": 76.96285403394582,
    "induced_norm": 9560.853710836944,
    "max_edge_order": 13,
    "max_edge_weight": 1393.8300923000113,
    "max_vertex_degree": 49,
    "min_edge_order": 7.0,
    "min_edge_weight": 0.0008795783448423133,
    "n_qubits": 13,
    "total_pstrings": 326
}