{
    "avg_edge_order": 1,
    "avg_edge_weight": 0.4990093087852166,
    "avg_vertex_degree": 19.555555555555557,
    "clustering_coefficient": 0.35053996525677567,
    "edge_order_std_dev": 2.197828332733312,
    "edge_weight_std_dev": 0.7366651913126341,
    "induced_norm": 105.2909641536807,
    "max_edge_order": 9,
    "max_edge_weight": 8.17238918504384,
    "max_vertex_degree": 28,
    "min_edge_order": 4.8522727272727275,
    "min_edge_weight": 0.0011127715564648866,
    "n_qubits": 9,
    "total_pstrings": 211
}