{
    "avg_edge_order": 1,
    "avg_edge_weight": 28.25817619743538,
    "avg_vertex_degree": 77.0,
    "edge_order_std_dev": 4.674398357008098,
    "edge_weight_std_dev": 85.79091752731075,
    "induced_norm": 22069.635610197034,
    "max_edge_order": 20,
    "max_edge_weight": 2388.985336713493,
    "max_vertex_degree": 110,
    "min_edge_order": 10.5,
    "min_edge_weight": 0.038914074730772796,
    "n_qubits": 20,
    "total_pstrings": 781
}