{
    "avg_edge_order": 1,
    "avg_edge_weight": 29.930547503511026,
    "avg_vertex_degree": 35.0,
    "edge_order_std_dev": 3.0983866769659336,
    "edge_weight_std_dev": 73.81142233334283,
    "induced_norm": 9757.3584861446,
    "max_edge_order": 13,
    "max_edge_weight": 1334.4722224052382,
    "max_vertex_degree": 49,
    "min_edge_order": 7.0,
    "min_edge_weight": 0.10454141565939268,
    "n_qubits": 13,
    "total_pstrings": 326
}