{
    "avg_edge_order": 1,
    "avg_edge_weight": 28.519741014830533,
    "avg_vertex_degree": 35.0,
    "edge_order_std_dev": 3.0983866769659336,
    "edge_weight_std_dev": 71.9792836653996,
    "induced_norm": 9297.435570834752,
    "max_edge_order": 13,
    "max_edge_weight": 1300.8882221997992,
    "max_vertex_degree": 49,
    "min_edge_order": 7.0,
    "min_edge_weight": 0.20419480183849004,
    "n_qubits": 13,
    "total_pstrings": 326
}