{
    "avg_edge_order": 1,
    "avg_edge_weight": 0.49717796947922904,
    "avg_vertex_degree": 19.555555555555557,
    "clustering_coefficient": 0.35053996525677567,
    "edge_order_std_dev": 2.197828332733312,
    "edge_weight_std_dev": 0.7265064461441121,
    "induced_norm": 104.90455156011728,
    "max_edge_order": 9,
    "max_edge_weight": 7.413548029129391,
    "max_vertex_degree": 28,
    "min_edge_order": 4.8522727272727275,
    "min_edge_weight": 0.003925717865897904,
    "n_qubits": 9,
    "total_pstrings": 211
}