{
    "avg_edge_order": 1,
    "avg_edge_weight": 29.386412905355094,
    "avg_vertex_degree": 35.0,
    "edge_order_std_dev": 3.0983866769659336,
    "edge_weight_std_dev": 71.57352595475889,
    "induced_norm": 9579.970607145766,
    "max_edge_order": 13,
    "max_edge_weight": 1291.343762067759,
    "max_vertex_degree": 49,
    "min_edge_order": 7.0,
    "min_edge_weight": 0.005686500967112096,
    "n_qubits": 13,
    "total_pstrings": 326
}