{
    "avg_edge_order": 1,
    "avg_edge_weight": 28.955140642933305,
    "avg_vertex_degree": 35.0,
    "edge_order_std_dev": 3.0983866769659336,
    "edge_weight_std_dev": 74.75595730063971,
    "induced_norm": 9439.37584959626,
    "max_edge_order": 13,
    "max_edge_weight": 1350.6442087809544,
    "max_vertex_degree": 49,
    "min_edge_order": 7.0,
    "min_edge_weight": 0.18409662445672126,
    "n_qubits": 13,
    "total_pstrings": 326
}