{
    "avg_edge_order": 1,
    "avg_edge_weight": 27.991819648228965,
    "avg_vertex_degree": 35.0,
    "edge_order_std_dev": 3.0983866769659336,
    "edge_weight_std_dev": 72.32459736388924,
    "induced_norm": 9125.333205322637,
    "max_edge_order": 13,
    "max_edge_weight": 1306.3763286422698,
    "max_vertex_degree": 49,
    "min_edge_order": 7.0,
    "min_edge_weight": 0.00844045270044802,
    "n_qubits": 13,
    "total_pstrings": 326
}