{
    "avg_edge_order": 1,
    "avg_edge_weight": 28.666439184547798,
    "avg_vertex_degree": 35.0,
    "edge_order_std_dev": 3.0983866769659336,
    "edge_weight_std_dev": 76.91220729229946,
    "induced_norm": 9345.259174162577,
    "max_edge_order": 13,
    "max_edge_weight": 1390.8020681328067,
    "max_vertex_degree": 49,
    "min_edge_order": 7.0,
    "min_edge_weight": 0.18024103982228823,
    "n_qubits": 13,
    "total_pstrings": 326
}