{
    "avg_edge_order": 1,
    "avg_edge_weight": 0.49707051727566903,
    "avg_vertex_degree": 19.555555555555557,
    "clustering_coefficient": 0.35053996525677567,
    "edge_order_std_dev": 2.197828332733312,
    "edge_weight_std_dev": 0.7525114680039435,
    "induced_norm": 104.88187914516618,
    "max_edge_order": 9,
    "max_edge_weight": 7.56660867591284,
    "max_vertex_degree": 28,
    "min_edge_order": 4.8522727272727275,
    "min_edge_weight": 0.002127826523556031,
    "n_qubits": 9,
    "total_pstrings": 211
}