{
    "avg_edge_order": 1,
    "avg_edge_weight": 29.740713826786667,
    "avg_vertex_degree": 35.0,
    "edge_order_std_dev": 3.0983866769659336,
    "edge_weight_std_dev": 74.20449515988068,
    "induced_norm": 9695.47270753245,
    "max_edge_order": 13,
    "max_edge_weight": 1343.9678798701248,
    "max_vertex_degree": 49,
    "min_edge_order": 7.0,
    "min_edge_weight": 0.12032764468726853,
    "n_qubits": 13,
    "total_pstrings": 326
}