{
    "avg_edge_order": 1,
    "avg_edge_weight": 28.436469991674816,
    "avg_vertex_degree": 35.0,
    "edge_order_std_dev": 3.0983866769659336,
    "edge_weight_std_dev": 74.45722598582933,
    "induced_norm": 9270.289217285983,
    "max_edge_order": 13,
    "max_edge_weight": 1345.6945546419756,
    "max_vertex_degree": 49,
    "min_edge_order": 7.0,
    "min_edge_weight": 0.1272842577496931,
    "n_qubits": 13,
    "total_pstrings": 326
}