{
    "avg_edge_order": 1,
    "avg_edge_weight": 29.75630140215391,
    "avg_vertex_degree": 35.0,
    "edge_order_std_dev": 3.0983866769659336,
    "edge_weight_std_dev": 75.21116696255882,
    "induced_norm": 9700.55425710219,
    "max_edge_order": 13,
    "max_edge_weight": 1361.2395368807108,
    "max_vertex_degree": 49,
    "min_edge_order": 7.0,
    "min_edge_weight": 0.30611335126388184,
    "n_qubits": 13,
    "total_pstrings": 326
}