{
    "avg_edge_order": 1,
    "avg_edge_weight": 29.05805818210997,
    "avg_vertex_degree": 35.0,
    "edge_order_std_dev": 3.0983866769659336,
    "edge_weight_std_dev": 72.24632399544888,
    "induced_norm": 9472.926967367854,
    "max_edge_order": 13,
    "max_edge_weight": 1305.7671257501281,
    "max_vertex_degree": 49,
    "min_edge_order": 7.0,
    "min_edge_weight": 0.00019458654367809913,
    "n_qubits": 13,
    "total_pstrings": 326
}