{
    "avg_edge_order": 1,
    "avg_edge_weight": 28.18622870667117,
    "avg_vertex_degree": 77.0,
    "edge_order_std_dev": 4.674398357008098,
    "edge_weight_std_dev": 86.05485275950647,
    "induced_norm": 22013.444619910177,
    "max_edge_order": 20,
    "max_edge_weight": 2396.4863780698424,
    "max_vertex_degree": 110,
    "min_edge_order": 10.5,
    "min_edge_weight": 0.061890983978857506,
    "n_qubits": 20,
    "total_pstrings": 781
}