{
    "avg_edge_order": 1,
    "avg_edge_weight": 35.19562022461682,
    "avg_vertex_degree": 26.0,
    "edge_order_std_dev": 2.6457513110645907,
    "edge_weight_std_dev": 118.29669969587084,
    "induced_norm": 8165.383892111096,
    "max_edge_order": 11,
    "max_edge_weight": 1816.673178559615,
    "max_vertex_degree": 36,
    "min_edge_order": 6.0,
    "min_edge_weight": 0.16673595489580806,
    "n_qubits": 11,
    "total_pstrings": 232
}