{
    "avg_edge_order": 1,
    "avg_edge_weight": 30.05777514766923,
    "avg_vertex_degree": 35.0,
    "edge_order_std_dev": 3.0983866769659336,
    "edge_weight_std_dev": 73.98287494528647,
    "induced_norm": 9798.834698140163,
    "max_edge_order": 13,
    "max_edge_weight": 1337.8113262767345,
    "max_vertex_degree": 49,
    "min_edge_order": 7.0,
    "min_edge_weight": 0.5827632992976106,
    "n_qubits": 13,
    "total_pstrings": 326
}