{
    "avg_edge_order": 1,
    "avg_edge_weight": 0.3117001351351561,
    "avg_vertex_degree": 21.9,
    "clustering_coefficient": 0.3880373923722996,
    "edge_order_std_dev": 2.40495828597718,
    "edge_weight_std_dev": 0.6974941589686345,
    "induced_norm": 59.53472581081484,
    "max_edge_order": 10,
    "max_edge_weight": 9.72615708254035,
    "max_vertex_degree": 30,
    "min_edge_order": 5.52054794520548,
    "min_edge_weight": 0.007670651938945061,
    "n_qubits": 10,
    "total_pstrings": 191
}