{
    "avg_edge_order": 1,
    "avg_edge_weight": 30.178535209658463,
    "avg_vertex_degree": 35.0,
    "edge_order_std_dev": 3.0983866769659336,
    "edge_weight_std_dev": 71.95959495920455,
    "induced_norm": 9838.202478348663,
    "max_edge_order": 13,
    "max_edge_weight": 1301.531330535817,
    "max_vertex_degree": 49,
    "min_edge_order": 7.0,
    "min_edge_weight": 0.18901962582939547,
    "n_qubits": 13,
    "total_pstrings": 326
}