{
    "avg_edge_order": 1,
    "avg_edge_weight": 28.486176638093582,
    "avg_vertex_degree": 35.0,
    "edge_order_std_dev": 3.0983866769659336,
    "edge_weight_std_dev": 73.24255250127048,
    "induced_norm": 9286.493584018504,
    "max_edge_order": 13,
    "max_edge_weight": 1320.9044128751057,
    "max_vertex_degree": 49,
    "min_edge_order": 7.0,
    "min_edge_weight": 0.02141119839453154,
    "n_qubits": 13,
    "total_pstrings": 326
}