{
    "avg_edge_order": 1,
    "avg_edge_weight": 28.593865835464182,
    "avg_vertex_degree": 35.0,
    "edge_order_std_dev": 3.0983866769659336,
    "edge_weight_std_dev": 70.06624874880414,
    "induced_norm": 9321.600262361333,
    "max_edge_order": 13,
    "max_edge_weight": 1262.8773762467597,
    "max_vertex_degree": 49,
    "min_edge_order": 7.0,
    "min_edge_weight": 0.12485992231035681,
    "n_qubits": 13,
    "total_pstrings": 326
}