{
    "avg_edge_order": 1,
    "avg_edge_weight": 0.2922468794876879,
    "avg_vertex_degree": 21.9,
    "clustering_coefficient": 0.3880373923722996,
    "edge_order_std_dev": 2.40495828597718,
    "edge_weight_std_dev": 0.6555208780112476,
    "induced_norm": 55.81915398214838,
    "max_edge_order": 10,
    "max_edge_weight": 9.09522469240796,
    "max_vertex_degree": 30,
    "min_edge_order": 5.52054794520548,
    "min_edge_weight": 0.0006868736085997584,
    "n_qubits": 10,
    "total_pstrings": 191
}