{
    "avg_edge_order": 1,
    "avg_edge_weight": 28.32314532053536,
    "avg_vertex_degree": 35.0,
    "edge_order_std_dev": 3.0983866769659336,
    "edge_weight_std_dev": 71.2805794348587,
    "induced_norm": 9233.345374494531,
    "max_edge_order": 13,
    "max_edge_weight": 1287.1518004306313,
    "max_vertex_degree": 49,
    "min_edge_order": 7.0,
    "min_edge_weight": 0.014702465029781564,
    "n_qubits": 13,
    "total_pstrings": 326
}