{
    "avg_edge_order": 1,
    "avg_edge_weight": 28.4793116695556,
    "avg_vertex_degree": 35.0,
    "edge_order_std_dev": 3.0983866769659336,
    "edge_weight_std_dev": 76.39461636578267,
    "induced_norm": 9284.255604275128,
    "max_edge_order": 13,
    "max_edge_weight": 1380.7187959152193,
    "max_vertex_degree": 49,
    "min_edge_order": 7.0,
    "min_edge_weight": 0.09536909589727394,
    "n_qubits": 13,
    "total_pstrings": 326
}