{
    "avg_edge_order": 1,
    "avg_edge_weight": 29.445914401091386,
    "avg_vertex_degree": 35.0,
    "edge_order_std_dev": 3.0983866769659336,
    "edge_weight_std_dev": 70.47214116224686,
    "induced_norm": 9599.368094755784,
    "max_edge_order": 13,
    "max_edge_weight": 1273.4098736749668,
    "max_vertex_degree": 49,
    "min_edge_order": 7.0,
    "min_edge_weight": 0.33123853417314564,
    "n_qubits": 13,
    "total_pstrings": 326
}