{
    "avg_edge_order": 1,
    "avg_edge_weight": 29.327786431730964,
    "avg_vertex_degree": 35.0,
    "edge_order_std_dev": 3.0983866769659336,
    "edge_weight_std_dev": 70.94553151954558,
    "induced_norm": 9560.858376744298,
    "max_edge_order": 13,
    "max_edge_weight": 1279.1147684026346,
    "max_vertex_degree": 49,
    "min_edge_order": 7.0,
    "min_edge_weight": 0.08451811644825113,
    "n_qubits": 13,
    "total_pstrings": 326
}