{
    "avg_edge_order": 1,
    "avg_edge_weight": 30.475557281341057,
    "avg_vertex_degree": 35.0,
    "edge_order_std_dev": 3.0983866769659336,
    "edge_weight_std_dev": 78.55098229623597,
    "induced_norm": 9935.031673717187,
    "max_edge_order": 13,
    "max_edge_weight": 1420.2829469493072,
    "max_vertex_degree": 49,
    "min_edge_order": 7.0,
    "min_edge_weight": 0.26183292815427084,
    "n_qubits": 13,
    "total_pstrings": 326
}