{
    "avg_edge_order": 1,
    "avg_edge_weight": 29.346802406778806,
    "avg_vertex_degree": 35.0,
    "edge_order_std_dev": 3.0983866769659336,
    "edge_weight_std_dev": 70.703628294835,
    "induced_norm": 9567.057584609895,
    "max_edge_order": 13,
    "max_edge_weight": 1278.522209899104,
    "max_vertex_degree": 49,
    "min_edge_order": 7.0,
    "min_edge_weight": 0.012895212972747316,
    "n_qubits": 13,
    "total_pstrings": 326
}