{
    "avg_edge_order": 1,
    "avg_edge_weight": 27.288304069627266,
    "avg_vertex_degree": 77.0,
    "edge_order_std_dev": 4.674398357008098,
    "edge_weight_std_dev": 84.14022224834147,
    "induced_norm": 21339.453782448534,
    "max_edge_order": 20,
    "max_edge_weight": 2344.689991512675,
    "max_vertex_degree": 110,
    "min_edge_order": 10.5,
    "min_edge_weight": 0.02326515153681097,
    "n_qubits": 20,
    "total_pstrings": 782
}