{
    "avg_edge_order": 1,
    "avg_edge_weight": 0.28348398981156686,
    "avg_vertex_degree": 21.9,
    "clustering_coefficient": 0.3880373923722996,
    "edge_order_std_dev": 2.40495828597718,
    "edge_weight_std_dev": 0.6338520543565621,
    "induced_norm": 54.14544205400927,
    "max_edge_order": 10,
    "max_edge_weight": 8.783462907299004,
    "max_vertex_degree": 30,
    "min_edge_order": 5.52054794520548,
    "min_edge_weight": 0.0010432807994582016,
    "n_qubits": 10,
    "total_pstrings": 191
}