{
    "avg_edge_order": 1,
    "avg_edge_weight": 29.976321245263065,
    "avg_vertex_degree": 35.0,
    "edge_order_std_dev": 3.0983866769659336,
    "edge_weight_std_dev": 73.38865568407225,
    "induced_norm": 9772.280725955747,
    "max_edge_order": 13,
    "max_edge_weight": 1326.0956640368404,
    "max_vertex_degree": 49,
    "min_edge_order": 7.0,
    "min_edge_weight": 0.06689365285381754,
    "n_qubits": 13,
    "total_pstrings": 326
}