{
    "avg_edge_order": 1,
    "avg_edge_weight": 28.837315834254714,
    "avg_vertex_degree": 35.0,
    "edge_order_std_dev": 3.0983866769659336,
    "edge_weight_std_dev": 73.76894079857996,
    "induced_norm": 9400.964961967042,
    "max_edge_order": 13,
    "max_edge_weight": 1331.3206911254404,
    "max_vertex_degree": 49,
    "min_edge_order": 7.0,
    "min_edge_weight": 0.40111222854697814,
    "n_qubits": 13,
    "total_pstrings": 326
}