{
    "avg_edge_order": 1,
    "avg_edge_weight": 29.522812248841497,
    "avg_vertex_degree": 35.0,
    "edge_order_std_dev": 3.0983866769659336,
    "edge_weight_std_dev": 71.52587915000818,
    "induced_norm": 9624.436793122326,
    "max_edge_order": 13,
    "max_edge_weight": 1294.4818831332004,
    "max_vertex_degree": 49,
    "min_edge_order": 7.0,
    "min_edge_weight": 0.25752350157433046,
    "n_qubits": 13,
    "total_pstrings": 326
}