{
    "avg_edge_order": 1,
    "avg_edge_weight": 0.28784438183706595,
    "avg_vertex_degree": 21.9,
    "clustering_coefficient": 0.3880373923722996,
    "edge_order_std_dev": 2.40495828597718,
    "edge_weight_std_dev": 0.6765998995040177,
    "induced_norm": 54.978276930879645,
    "max_edge_order": 10,
    "max_edge_weight": 9.411640650037864,
    "max_vertex_degree": 30,
    "min_edge_order": 5.52054794520548,
    "min_edge_weight": 1.4047071982048465e-05,
    "n_qubits": 10,
    "total_pstrings": 191
}