{
    "avg_edge_order": 1,
    "avg_edge_weight": 28.44435155128856,
    "avg_vertex_degree": 35.0,
    "edge_order_std_dev": 3.0983866769659336,
    "edge_weight_std_dev": 71.37536043280046,
    "induced_norm": 9272.858605720068,
    "max_edge_order": 13,
    "max_edge_weight": 1288.9188885678598,
    "max_vertex_degree": 49,
    "min_edge_order": 7.0,
    "min_edge_weight": 0.08921933723319864,
    "n_qubits": 13,
    "total_pstrings": 326
}