{
    "avg_edge_order": 1,
    "avg_edge_weight": 28.610828087784558,
    "avg_vertex_degree": 35.0,
    "edge_order_std_dev": 3.0983866769659336,
    "edge_weight_std_dev": 74.71275759802077,
    "induced_norm": 9327.12995661777,
    "max_edge_order": 13,
    "max_edge_weight": 1351.6001672447119,
    "max_vertex_degree": 49,
    "min_edge_order": 7.0,
    "min_edge_weight": 0.026629327599293262,
    "n_qubits": 13,
    "total_pstrings": 326
}