{
    "avg_edge_order": 1,
    "avg_edge_weight": 29.3646180531003,
    "avg_vertex_degree": 35.0,
    "edge_order_std_dev": 3.0983866769659336,
    "edge_weight_std_dev": 76.39796213391185,
    "induced_norm": 9572.865485310704,
    "max_edge_order": 13,
    "max_edge_weight": 1380.2527756741545,
    "max_vertex_degree": 49,
    "min_edge_order": 7.0,
    "min_edge_weight": 0.10980293979329048,
    "n_qubits": 13,
    "total_pstrings": 326
}