{
    "avg_edge_order": 1,
    "avg_edge_weight": 27.019742891528225,
    "avg_vertex_degree": 35.0,
    "edge_order_std_dev": 3.0983866769659336,
    "edge_weight_std_dev": 70.91243836913956,
    "induced_norm": 8808.4361826382,
    "max_edge_order": 13,
    "max_edge_weight": 1277.7457587539654,
    "max_vertex_degree": 49,
    "min_edge_order": 7.0,
    "min_edge_weight": 0.1489597988913296,
    "n_qubits": 13,
    "total_pstrings": 326
}