{
    "avg_edge_order": 1,
    "avg_edge_weight": 0.30012209943975154,
    "avg_vertex_degree": 21.9,
    "clustering_coefficient": 0.3880373923722996,
    "edge_order_std_dev": 2.40495828597718,
    "edge_weight_std_dev": 0.6859900142038018,
    "induced_norm": 57.323320992992564,
    "max_edge_order": 10,
    "max_edge_weight": 9.55760959038154,
    "max_vertex_degree": 30,
    "min_edge_order": 5.52054794520548,
    "min_edge_weight": 0.0005778156756526265,
    "n_qubits": 10,
    "total_pstrings": 191
}