{
    "avg_edge_order": 1,
    "avg_edge_weight": 29.820251810181638,
    "avg_vertex_degree": 35.0,
    "edge_order_std_dev": 3.0983866769659336,
    "edge_weight_std_dev": 72.10642232825178,
    "induced_norm": 9721.402090119213,
    "max_edge_order": 13,
    "max_edge_weight": 1302.472586035694,
    "max_vertex_degree": 49,
    "min_edge_order": 7.0,
    "min_edge_weight": 0.15130274354348217,
    "n_qubits": 13,
    "total_pstrings": 326
}