{
    "avg_edge_order": 1,
    "avg_edge_weight": 28.44490386120496,
    "avg_vertex_degree": 35.0,
    "edge_order_std_dev": 3.0983866769659336,
    "edge_weight_std_dev": 71.80402092672074,
    "induced_norm": 9273.038658752825,
    "max_edge_order": 13,
    "max_edge_weight": 1294.8422960940702,
    "max_vertex_degree": 49,
    "min_edge_order": 7.0,
    "min_edge_weight": 0.06826552335301272,
    "n_qubits": 13,
    "total_pstrings": 326
}