{
    "avg_edge_order": 1,
    "avg_edge_weight": 28.53267637088638,
    "avg_vertex_degree": 77.0,
    "edge_order_std_dev": 4.674398357008098,
    "edge_weight_std_dev": 85.26782898128293,
    "induced_norm": 22398.15095114583,
    "max_edge_order": 20,
    "max_edge_weight": 2365.5706857712808,
    "max_vertex_degree": 110,
    "min_edge_order": 10.5,
    "min_edge_weight": 0.06066185178531036,
    "n_qubits": 20,
    "total_pstrings": 785
}