{
    "avg_edge_order": 1,
    "avg_edge_weight": 30.7451546858387,
    "avg_vertex_degree": 26.0,
    "edge_order_std_dev": 2.6457513110645907,
    "edge_weight_std_dev": 77.75455254848713,
    "induced_norm": 7132.875887114577,
    "max_edge_order": 11,
    "max_edge_weight": 1192.9125131047542,
    "max_vertex_degree": 36,
    "min_edge_order": 6.0,
    "min_edge_weight": 0.04518175668611346,
    "n_qubits": 11,
    "total_pstrings": 232
}