{
    "avg_edge_order": 1,
    "avg_edge_weight": 28.69297463710781,
    "avg_vertex_degree": 35.0,
    "edge_order_std_dev": 3.0983866769659336,
    "edge_weight_std_dev": 74.27309321149114,
    "induced_norm": 9382.602706334255,
    "max_edge_order": 13,
    "max_edge_weight": 1338.5608875162368,
    "max_vertex_degree": 49,
    "min_edge_order": 7.0,
    "min_edge_weight": 0.261237980359591,
    "n_qubits": 13,
    "total_pstrings": 327
}