{
    "avg_edge_order": 1,
    "avg_edge_weight": 29.923253715065044,
    "avg_vertex_degree": 35.0,
    "edge_order_std_dev": 3.0983866769659336,
    "edge_weight_std_dev": 70.79963432694966,
    "induced_norm": 9784.903964826262,
    "max_edge_order": 13,
    "max_edge_weight": 1272.4645085854345,
    "max_vertex_degree": 49,
    "min_edge_order": 7.0,
    "min_edge_weight": 0.5546061032399692,
    "n_qubits": 13,
    "total_pstrings": 327
}