{
    "avg_edge_order": 1,
    "avg_edge_weight": 29.527249197870166,
    "avg_vertex_degree": 35.0,
    "edge_order_std_dev": 3.0983866769659336,
    "edge_weight_std_dev": 74.86365677467808,
    "induced_norm": 9655.410487703542,
    "max_edge_order": 13,
    "max_edge_weight": 1352.264263161318,
    "max_vertex_degree": 49,
    "min_edge_order": 7.0,
    "min_edge_weight": 0.1521645021510487,
    "n_qubits": 13,
    "total_pstrings": 327
}