{
    "avg_edge_order": 1,
    "avg_edge_weight": 29.43676450849354,
    "avg_vertex_degree": 35.0,
    "edge_order_std_dev": 3.0983866769659336,
    "edge_weight_std_dev": 75.48876568365554,
    "induced_norm": 9625.821994277396,
    "max_edge_order": 13,
    "max_edge_weight": 1368.5332186078529,
    "max_vertex_degree": 49,
    "min_edge_order": 7.0,
    "min_edge_weight": 0.06664806863378203,
    "n_qubits": 13,
    "total_pstrings": 327
}