{
    "avg_edge_order": 1,
    "avg_edge_weight": 27.815618150505166,
    "avg_vertex_degree": 35.0,
    "edge_order_std_dev": 3.0983866769659336,
    "edge_weight_std_dev": 71.89731806138018,
    "induced_norm": 9095.70713521519,
    "max_edge_order": 13,
    "max_edge_weight": 1298.3033543827576,
    "max_vertex_degree": 49,
    "min_edge_order": 7.0,
    "min_edge_weight": 0.18947058668439265,
    "n_qubits": 13,
    "total_pstrings": 327
}