{
    "avg_edge_order": 1,
    "avg_edge_weight": 28.919139120867978,
    "avg_vertex_degree": 35.0,
    "edge_order_std_dev": 3.0983866769659336,
    "edge_weight_std_dev": 69.15645062198928,
    "induced_norm": 9456.558492523829,
    "max_edge_order": 13,
    "max_edge_weight": 1245.0600007237697,
    "max_vertex_degree": 49,
    "min_edge_order": 7.0,
    "min_edge_weight": 0.08073418061086102,
    "n_qubits": 13,
    "total_pstrings": 327
}