{
    "avg_edge_order": 1,
    "avg_edge_weight": 30.370896438057084,
    "avg_vertex_degree": 35.0,
    "edge_order_std_dev": 3.0983866769659336,
    "edge_weight_std_dev": 75.79577141636177,
    "induced_norm": 9931.283135244663,
    "max_edge_order": 13,
    "max_edge_weight": 1369.5155204038315,
    "max_vertex_degree": 49,
    "min_edge_order": 7.0,
    "min_edge_weight": 0.04537634644415789,
    "n_qubits": 13,
    "total_pstrings": 327
}