{
    "avg_edge_order": 1,
    "avg_edge_weight": 28.668224577541658,
    "avg_vertex_degree": 77.1,
    "edge_order_std_dev": 4.681372459764885,
    "edge_weight_std_dev": 87.7414217424577,
    "induced_norm": 22705.23386541297,
    "max_edge_order": 20,
    "max_edge_weight": 2429.5641387965425,
    "max_vertex_degree": 110,
    "min_edge_order": 10.488975356679637,
    "min_edge_weight": 0.06300912196476105,
    "n_qubits": 20,
    "total_pstrings": 792
}