{
    "avg_edge_order": 1,
    "avg_edge_weight": 31.230941951416526,
    "avg_vertex_degree": 26.0,
    "edge_order_std_dev": 2.6457513110645907,
    "edge_weight_std_dev": 82.927311373987,
    "induced_norm": 7245.578532728631,
    "max_edge_order": 11,
    "max_edge_weight": 1273.3227826054954,
    "max_vertex_degree": 36,
    "min_edge_order": 6.0,
    "min_edge_weight": 0.23097355677829157,
    "n_qubits": 11,
    "total_pstrings": 232
}