{
    "avg_edge_order": 1,
    "avg_edge_weight": 30.48458313408316,
    "avg_vertex_degree": 35.0,
    "edge_order_std_dev": 3.0983866769659336,
    "edge_weight_std_dev": 78.68692325232138,
    "induced_norm": 9968.458684845196,
    "max_edge_order": 13,
    "max_edge_weight": 1423.3868470992368,
    "max_vertex_degree": 49,
    "min_edge_order": 7.0,
    "min_edge_weight": 0.07815721648493934,
    "n_qubits": 13,
    "total_pstrings": 327
}