{
    "avg_edge_order": 1,
    "avg_edge_weight": 30.907810943852912,
    "avg_vertex_degree": 35.0,
    "edge_order_std_dev": 3.0983866769659336,
    "edge_weight_std_dev": 76.62727171655466,
    "induced_norm": 10106.8541786399,
    "max_edge_order": 13,
    "max_edge_weight": 1377.6660921192972,
    "max_vertex_degree": 49,
    "min_edge_order": 7.0,
    "min_edge_weight": 0.0615984903256539,
    "n_qubits": 13,
    "total_pstrings": 327
}