{
    "avg_edge_order": 1,
    "avg_edge_weight": 27.28665538570447,
    "avg_vertex_degree": 35.0,
    "edge_order_std_dev": 3.0983866769659336,
    "edge_weight_std_dev": 71.04599880981091,
    "induced_norm": 8922.736311125369,
    "max_edge_order": 13,
    "max_edge_weight": 1283.6550107501446,
    "max_vertex_degree": 49,
    "min_edge_order": 7.0,
    "min_edge_weight": 0.08784917547355775,
    "n_qubits": 13,
    "total_pstrings": 327
}