{
    "avg_edge_order": 1,
    "avg_edge_weight": 29.0493259319788,
    "avg_vertex_degree": 35.0,
    "edge_order_std_dev": 3.0983866769659336,
    "edge_weight_std_dev": 73.27862552159587,
    "induced_norm": 9499.129579757062,
    "max_edge_order": 13,
    "max_edge_weight": 1327.3810992728888,
    "max_vertex_degree": 49,
    "min_edge_order": 7.0,
    "min_edge_weight": 0.024575779663926767,
    "n_qubits": 13,
    "total_pstrings": 327
}