{
    "avg_edge_order": 1,
    "avg_edge_weight": 30.228876614813107,
    "avg_vertex_degree": 35.0,
    "edge_order_std_dev": 3.0983866769659336,
    "edge_weight_std_dev": 74.39125354312334,
    "induced_norm": 9884.842653043885,
    "max_edge_order": 13,
    "max_edge_weight": 1342.7799308893934,
    "max_vertex_degree": 49,
    "min_edge_order": 7.0,
    "min_edge_weight": 0.3696579010009471,
    "n_qubits": 13,
    "total_pstrings": 327
}