{
    "avg_edge_order": 1,
    "avg_edge_weight": 31.118148622945817,
    "avg_vertex_degree": 35.0,
    "edge_order_std_dev": 3.0983866769659336,
    "edge_weight_std_dev": 73.66710393727851,
    "induced_norm": 10175.634599703279,
    "max_edge_order": 13,
    "max_edge_weight": 1329.4792499425319,
    "max_vertex_degree": 49,
    "min_edge_order": 7.0,
    "min_edge_weight": 0.07902738510706797,
    "n_qubits": 13,
    "total_pstrings": 327
}