{
    "avg_edge_order": 1,
    "avg_edge_weight": 0.3142208734748367,
    "avg_vertex_degree": 21.9,
    "clustering_coefficient": 0.3880373923722996,
    "edge_order_std_dev": 2.40495828597718,
    "edge_weight_std_dev": 0.7195541768611465,
    "induced_norm": 60.01618683369382,
    "max_edge_order": 10,
    "max_edge_weight": 9.978688190955804,
    "max_vertex_degree": 30,
    "min_edge_order": 5.52054794520548,
    "min_edge_weight": 0.0006385852450436214,
    "n_qubits": 10,
    "total_pstrings": 191
}