{
    "avg_edge_order": 1,
    "avg_edge_weight": 29.001173862466356,
    "avg_vertex_degree": 35.0,
    "edge_order_std_dev": 3.0983866769659336,
    "edge_weight_std_dev": 74.68134942983264,
    "induced_norm": 9483.383853026498,
    "max_edge_order": 13,
    "max_edge_weight": 1339.6248466973811,
    "max_vertex_degree": 49,
    "min_edge_order": 7.0,
    "min_edge_weight": 0.2365486780013304,
    "n_qubits": 13,
    "total_pstrings": 327
}