{
    "avg_edge_order": 1,
    "avg_edge_weight": 31.05007660398888,
    "avg_vertex_degree": 35.0,
    "edge_order_std_dev": 3.0983866769659336,
    "edge_weight_std_dev": 75.67240226886307,
    "induced_norm": 10153.375049504366,
    "max_edge_order": 13,
    "max_edge_weight": 1362.823294658584,
    "max_vertex_degree": 49,
    "min_edge_order": 7.0,
    "min_edge_weight": 0.1371911725975061,
    "n_qubits": 13,
    "total_pstrings": 327
}