{
    "avg_edge_order": 1,
    "avg_edge_weight": 33.89589331888562,
    "avg_vertex_degree": 26.0,
    "edge_order_std_dev": 2.6457513110645907,
    "edge_weight_std_dev": 101.45739049448183,
    "induced_norm": 7863.847249981462,
    "max_edge_order": 11,
    "max_edge_weight": 1518.7697081002457,
    "max_vertex_degree": 36,
    "min_edge_order": 6.0,
    "min_edge_weight": 0.4781883555928985,
    "n_qubits": 11,
    "total_pstrings": 232
}