{
    "avg_edge_order": 1,
    "avg_edge_weight": 28.741830526606076,
    "avg_vertex_degree": 40.0,
    "edge_order_std_dev": 3.3241540277189325,
    "edge_weight_std_dev": 74.90159931893406,
    "induced_norm": 10893.153769583701,
    "max_edge_order": 14,
    "max_edge_weight": 1458.5391069776197,
    "max_vertex_degree": 56,
    "min_edge_order": 7.5,
    "min_edge_weight": 0.013745699809888379,
    "n_qubits": 14,
    "total_pstrings": 379
}