{
    "avg_edge_order": 1,
    "avg_edge_weight": 28.77684691111776,
    "avg_vertex_degree": 40.0,
    "edge_order_std_dev": 3.3241540277189325,
    "edge_weight_std_dev": 76.0524605243378,
    "induced_norm": 10906.424979313622,
    "max_edge_order": 14,
    "max_edge_weight": 1480.342451044451,
    "max_vertex_degree": 56,
    "min_edge_order": 7.5,
    "min_edge_weight": 0.2891997706855385,
    "n_qubits": 14,
    "total_pstrings": 379
}