{
    "avg_edge_order": 1,
    "avg_edge_weight": 28.594887148987436,
    "avg_vertex_degree": 40.0,
    "edge_order_std_dev": 3.3241540277189325,
    "edge_weight_std_dev": 77.80449230180122,
    "induced_norm": 10837.462229466246,
    "max_edge_order": 14,
    "max_edge_weight": 1516.1453430468648,
    "max_vertex_degree": 56,
    "min_edge_order": 7.5,
    "min_edge_weight": 0.0293120156660045,
    "n_qubits": 14,
    "total_pstrings": 379
}