{
    "avg_edge_order": 1,
    "avg_edge_weight": 29.152532447889577,
    "avg_vertex_degree": 40.0,
    "edge_order_std_dev": 3.3241540277189325,
    "edge_weight_std_dev": 78.46240333012632,
    "induced_norm": 11048.80979775015,
    "max_edge_order": 14,
    "max_edge_weight": 1527.9320806627557,
    "max_vertex_degree": 56,
    "min_edge_order": 7.5,
    "min_edge_weight": 0.1745788055106452,
    "n_qubits": 14,
    "total_pstrings": 379
}