{
    "avg_edge_order": 1,
    "avg_edge_weight": 27.56950677847678,
    "avg_vertex_degree": 40.0,
    "edge_order_std_dev": 3.3241540277189325,
    "edge_weight_std_dev": 72.9840984734859,
    "induced_norm": 10448.843069042696,
    "max_edge_order": 14,
    "max_edge_weight": 1417.1281869772904,
    "max_vertex_degree": 56,
    "min_edge_order": 7.5,
    "min_edge_weight": 0.03641415477624932,
    "n_qubits": 14,
    "total_pstrings": 379
}