{
    "avg_edge_order": 1,
    "avg_edge_weight": 29.28835200426583,
    "avg_vertex_degree": 40.0,
    "edge_order_std_dev": 3.3241540277189325,
    "edge_weight_std_dev": 73.44746042643263,
    "induced_norm": 11100.285409616754,
    "max_edge_order": 14,
    "max_edge_weight": 1430.4298747038351,
    "max_vertex_degree": 56,
    "min_edge_order": 7.5,
    "min_edge_weight": 0.07407813749206582,
    "n_qubits": 14,
    "total_pstrings": 379
}