{
    "avg_edge_order": 1,
    "avg_edge_weight": 28.418593323713463,
    "avg_vertex_degree": 40.0,
    "edge_order_std_dev": 3.3241540277189325,
    "edge_weight_std_dev": 73.52883227557275,
    "induced_norm": 10770.646869687398,
    "max_edge_order": 14,
    "max_edge_weight": 1430.8013647859666,
    "max_vertex_degree": 56,
    "min_edge_order": 7.5,
    "min_edge_weight": 0.23057904074608304,
    "n_qubits": 14,
    "total_pstrings": 379
}