{
    "avg_edge_order": 1,
    "avg_edge_weight": 28.524857413760454,
    "avg_vertex_degree": 40.0,
    "edge_order_std_dev": 3.3241540277189325,
    "edge_weight_std_dev": 73.89063864959134,
    "induced_norm": 10810.920959815212,
    "max_edge_order": 14,
    "max_edge_weight": 1437.557720450074,
    "max_vertex_degree": 56,
    "min_edge_order": 7.5,
    "min_edge_weight": 0.021791724451539096,
    "n_qubits": 14,
    "total_pstrings": 379
}