{
    "avg_edge_order": 1,
    "avg_edge_weight": 28.45433261218069,
    "avg_vertex_degree": 40.0,
    "edge_order_std_dev": 3.3241540277189325,
    "edge_weight_std_dev": 73.81306292575067,
    "induced_norm": 10784.19206001649,
    "max_edge_order": 14,
    "max_edge_weight": 1436.4499191752702,
    "max_vertex_degree": 56,
    "min_edge_order": 7.5,
    "min_edge_weight": 0.12522569731527344,
    "n_qubits": 14,
    "total_pstrings": 379
}