{
    "avg_edge_order": 1,
    "avg_edge_weight": 33.86463454234266,
    "avg_vertex_degree": 77.6,
    "edge_order_std_dev": 4.708928639045452,
    "edge_weight_std_dev": 89.745722693749,
    "induced_norm": 28378.563746483138,
    "max_edge_order": 20,
    "max_edge_weight": 2437.972354378898,
    "max_vertex_degree": 110,
    "min_edge_order": 10.438144329896907,
    "min_edge_weight": 0.0016651112846304272,
    "n_qubits": 20,
    "total_pstrings": 838
}