{
    "avg_edge_order": 1,
    "avg_edge_weight": 28.415346134876263,
    "avg_vertex_degree": 40.0,
    "edge_order_std_dev": 3.3241540277189325,
    "edge_weight_std_dev": 74.69928103963034,
    "induced_norm": 10769.416185118096,
    "max_edge_order": 14,
    "max_edge_weight": 1454.2142895832917,
    "max_vertex_degree": 56,
    "min_edge_order": 7.5,
    "min_edge_weight": 0.021589278085862418,
    "n_qubits": 14,
    "total_pstrings": 379
}