{
    "avg_edge_order": 1,
    "avg_edge_weight": 0.31619759489345917,
    "avg_vertex_degree": 21.9,
    "clustering_coefficient": 0.3880373923722996,
    "edge_order_std_dev": 2.40495828597718,
    "edge_weight_std_dev": 0.7246722299541755,
    "induced_norm": 60.70993821954417,
    "max_edge_order": 10,
    "max_edge_weight": 10.040047856955738,
    "max_vertex_degree": 30,
    "min_edge_order": 5.52054794520548,
    "min_edge_weight": 0.003190515601581456,
    "n_qubits": 10,
    "total_pstrings": 192
}