{
    "avg_edge_order": 1,
    "avg_edge_weight": 29.6394918363487,
    "avg_vertex_degree": 40.0,
    "edge_order_std_dev": 3.3241540277189325,
    "edge_weight_std_dev": 76.82900148078788,
    "induced_norm": 11233.367405976156,
    "max_edge_order": 14,
    "max_edge_weight": 1496.3169308145466,
    "max_vertex_degree": 56,
    "min_edge_order": 7.5,
    "min_edge_weight": 0.20564307348644917,
    "n_qubits": 14,
    "total_pstrings": 379
}