{
    "avg_edge_order": 1,
    "avg_edge_weight": 27.421214463477824,
    "avg_vertex_degree": 40.0,
    "edge_order_std_dev": 3.3241540277189325,
    "edge_weight_std_dev": 70.10979257400388,
    "induced_norm": 10392.640281658094,
    "max_edge_order": 14,
    "max_edge_weight": 1361.883993590682,
    "max_vertex_degree": 56,
    "min_edge_order": 7.5,
    "min_edge_weight": 0.11938653142109246,
    "n_qubits": 14,
    "total_pstrings": 379
}