{
    "avg_edge_order": 1,
    "avg_edge_weight": 0.3185849902108835,
    "avg_vertex_degree": 21.9,
    "clustering_coefficient": 0.3880373923722996,
    "edge_order_std_dev": 2.40495828597718,
    "edge_weight_std_dev": 0.6930103838469686,
    "induced_norm": 61.16831812048963,
    "max_edge_order": 10,
    "max_edge_weight": 9.653511162145374,
    "max_vertex_degree": 30,
    "min_edge_order": 5.52054794520548,
    "min_edge_weight": 0.004602616595447695,
    "n_qubits": 10,
    "total_pstrings": 192
}