{
    "avg_edge_order": 1,
    "avg_edge_weight": 28.749630172164732,
    "avg_vertex_degree": 40.0,
    "edge_order_std_dev": 3.3241540277189325,
    "edge_weight_std_dev": 76.0172249732329,
    "induced_norm": 10896.109835250438,
    "max_edge_order": 14,
    "max_edge_weight": 1478.508876083442,
    "max_vertex_degree": 56,
    "min_edge_order": 7.5,
    "min_edge_weight": 0.03718382847676338,
    "n_qubits": 14,
    "total_pstrings": 379
}