{
    "avg_edge_order": 1,
    "avg_edge_weight": 30.120859285852106,
    "avg_vertex_degree": 40.0,
    "edge_order_std_dev": 3.3241540277189325,
    "edge_weight_std_dev": 78.81611891563473,
    "induced_norm": 11415.805669337951,
    "max_edge_order": 14,
    "max_edge_weight": 1536.4419225494955,
    "max_vertex_degree": 56,
    "min_edge_order": 7.5,
    "min_edge_weight": 0.03043463628202403,
    "n_qubits": 14,
    "total_pstrings": 379
}