{
    "avg_edge_order": 1,
    "avg_edge_weight": 28.444520100390957,
    "avg_vertex_degree": 40.0,
    "edge_order_std_dev": 3.3241540277189325,
    "edge_weight_std_dev": 76.49958805685509,
    "induced_norm": 10780.473118048174,
    "max_edge_order": 14,
    "max_edge_weight": 1488.3857892361789,
    "max_vertex_degree": 56,
    "min_edge_order": 7.5,
    "min_edge_weight": 0.07407610096754058,
    "n_qubits": 14,
    "total_pstrings": 379
}