{
    "avg_edge_order": 1,
    "avg_edge_weight": 0.30524831118475687,
    "avg_vertex_degree": 21.9,
    "clustering_coefficient": 0.3880373923722996,
    "edge_order_std_dev": 2.40495828597718,
    "edge_weight_std_dev": 0.670623804966024,
    "induced_norm": 58.60767574747331,
    "max_edge_order": 10,
    "max_edge_weight": 9.100994059644803,
    "max_vertex_degree": 30,
    "min_edge_order": 5.52054794520548,
    "min_edge_weight": 0.007272581707160608,
    "n_qubits": 10,
    "total_pstrings": 192
}