{
    "avg_edge_order": 1,
    "avg_edge_weight": 27.961536073821506,
    "avg_vertex_degree": 40.0,
    "edge_order_std_dev": 3.3241540277189325,
    "edge_weight_std_dev": 73.83426876668236,
    "induced_norm": 10597.422171978345,
    "max_edge_order": 14,
    "max_edge_weight": 1435.6287458741112,
    "max_vertex_degree": 56,
    "min_edge_order": 7.5,
    "min_edge_weight": 0.06571456082706817,
    "n_qubits": 14,
    "total_pstrings": 379
}