{
    "avg_edge_order": 1,
    "avg_edge_weight": 28.98368763961609,
    "avg_vertex_degree": 40.0,
    "edge_order_std_dev": 3.3241540277189325,
    "edge_weight_std_dev": 77.20370157208053,
    "induced_norm": 10984.8176154145,
    "max_edge_order": 14,
    "max_edge_weight": 1503.1260459788448,
    "max_vertex_degree": 56,
    "min_edge_order": 7.5,
    "min_edge_weight": 0.2279889345529682,
    "n_qubits": 14,
    "total_pstrings": 379
}