{
    "avg_edge_order": 1,
    "avg_edge_weight": 29.07952767052582,
    "avg_vertex_degree": 40.0,
    "edge_order_std_dev": 3.3241540277189325,
    "edge_weight_std_dev": 76.79511148107044,
    "induced_norm": 11021.140987129293,
    "max_edge_order": 14,
    "max_edge_weight": 1496.7688444240341,
    "max_vertex_degree": 56,
    "min_edge_order": 7.5,
    "min_edge_weight": 0.06482473651144005,
    "n_qubits": 14,
    "total_pstrings": 379
}