{
    "avg_edge_order": 1,
    "avg_edge_weight": 29.534975945178356,
    "avg_vertex_degree": 40.0,
    "edge_order_std_dev": 3.3241540277189325,
    "edge_weight_std_dev": 78.2572376474421,
    "induced_norm": 11193.755883222608,
    "max_edge_order": 14,
    "max_edge_weight": 1523.939284404722,
    "max_vertex_degree": 56,
    "min_edge_order": 7.5,
    "min_edge_weight": 0.10431393840065795,
    "n_qubits": 14,
    "total_pstrings": 379
}