{
    "avg_edge_order": 1,
    "avg_edge_weight": 37.42280639777584,
    "avg_vertex_degree": 77.6,
    "edge_order_std_dev": 4.708928639045452,
    "edge_weight_std_dev": 89.25378299421301,
    "induced_norm": 33717.94856439603,
    "max_edge_order": 20,
    "max_edge_weight": 2427.1589437939247,
    "max_vertex_degree": 110,
    "min_edge_order": 10.438144329896907,
    "min_edge_weight": 0.06118493613123732,
    "n_qubits": 20,
    "total_pstrings": 901
}