{
    "avg_edge_order": 1,
    "avg_edge_weight": 34.90655241148699,
    "avg_vertex_degree": 26.0,
    "edge_order_std_dev": 2.6457513110645907,
    "edge_weight_std_dev": 96.75004468460605,
    "induced_norm": 8098.320159464981,
    "max_edge_order": 11,
    "max_edge_weight": 1217.1016671484915,
    "max_vertex_degree": 36,
    "min_edge_order": 6.0,
    "min_edge_weight": 0.49864033399312213,
    "n_qubits": 11,
    "total_pstrings": 232
}