{
    "avg_edge_order": 1,
    "avg_edge_weight": 36.911396854543376,
    "avg_vertex_degree": 9.333333333333334,
    "edge_order_std_dev": 1.5,
    "edge_weight_std_dev": 63.45846097011241,
    "induced_norm": 2620.709176672579,
    "max_edge_order": 6,
    "max_edge_weight": 477.76986775166097,
    "max_vertex_degree": 12,
    "min_edge_order": 3.5,
    "min_edge_weight": 0.5185846378300552,
    "n_qubits": 6,
    "total_pstrings": 71
}