{
    "avg_edge_order": 1,
    "avg_edge_weight": 32.34832045254543,
    "avg_vertex_degree": 5.0,
    "clustering_coefficient": 0.4220077730200311,
    "edge_order_std_dev": 1.02469507659596,
    "edge_weight_std_dev": 50.85550902566658,
    "induced_norm": 938.1012931238175,
    "max_edge_order": 4,
    "max_edge_weight": 291.6599629772734,
    "max_vertex_degree": 6,
    "min_edge_order": 2.5,
    "min_edge_weight": 2.341084080863781,
    "n_qubits": 4,
    "total_pstrings": 29
}