{
    "avg_edge_order": 1,
    "avg_edge_weight": 34.95161348342063,
    "avg_vertex_degree": 22.0,
    "edge_order_std_dev": 2.4186773244895647,
    "edge_weight_std_dev": 111.43556074406649,
    "induced_norm": 6675.758175333336,
    "max_edge_order": 10,
    "max_edge_weight": 1557.9605415748642,
    "max_vertex_degree": 30,
    "min_edge_order": 5.5,
    "min_edge_weight": 0.3111045672784085,
    "n_qubits": 10,
    "total_pstrings": 191
}