{
    "avg_edge_order": 1,
    "avg_edge_weight": 29.434348147252372,
    "avg_vertex_degree": 40.0,
    "edge_order_std_dev": 3.3241540277189325,
    "edge_weight_std_dev": 79.62319075322266,
    "induced_norm": 11155.617947808645,
    "max_edge_order": 14,
    "max_edge_weight": 1551.4646470674643,
    "max_vertex_degree": 56,
    "min_edge_order": 7.5,
    "min_edge_weight": 0.030317753565945793,
    "n_qubits": 14,
    "total_pstrings": 379
}