{
    "avg_edge_order": 1,
    "avg_edge_weight": 28.270664946113225,
    "avg_vertex_degree": 40.0,
    "edge_order_std_dev": 3.3241540277189325,
    "edge_weight_std_dev": 73.67281177574327,
    "induced_norm": 10714.582014576914,
    "max_edge_order": 14,
    "max_edge_weight": 1432.1669485569116,
    "max_vertex_degree": 56,
    "min_edge_order": 7.5,
    "min_edge_weight": 0.004382928259749619,
    "n_qubits": 14,
    "total_pstrings": 379
}