{
    "avg_edge_order": 1,
    "avg_edge_weight": 29.661612231328277,
    "avg_vertex_degree": 40.0,
    "edge_order_std_dev": 3.3241540277189325,
    "edge_weight_std_dev": 74.26402328039511,
    "induced_norm": 11241.751035673413,
    "max_edge_order": 14,
    "max_edge_weight": 1445.54691386026,
    "max_vertex_degree": 56,
    "min_edge_order": 7.5,
    "min_edge_weight": 0.025141241829346184,
    "n_qubits": 14,
    "total_pstrings": 379
}