{
    "avg_edge_order": 1,
    "avg_edge_weight": 29.23754846958669,
    "avg_vertex_degree": 40.0,
    "edge_order_std_dev": 3.3241540277189325,
    "edge_weight_std_dev": 75.05488985887453,
    "induced_norm": 11081.030869973352,
    "max_edge_order": 14,
    "max_edge_weight": 1461.0492171973576,
    "max_vertex_degree": 56,
    "min_edge_order": 7.5,
    "min_edge_weight": 0.0703226513602857,
    "n_qubits": 14,
    "total_pstrings": 379
}