{
    "avg_edge_order": 1,
    "avg_edge_weight": 30.112102886598837,
    "avg_vertex_degree": 40.0,
    "edge_order_std_dev": 3.3241540277189325,
    "edge_weight_std_dev": 73.82885435574056,
    "induced_norm": 11412.48699402096,
    "max_edge_order": 14,
    "max_edge_weight": 1435.0721918141626,
    "max_vertex_degree": 56,
    "min_edge_order": 7.5,
    "min_edge_weight": 0.023106470632768605,
    "n_qubits": 14,
    "total_pstrings": 379
}