{
    "avg_edge_order": 1,
    "avg_edge_weight": 28.984957820179133,
    "avg_vertex_degree": 40.0,
    "edge_order_std_dev": 3.3241540277189325,
    "edge_weight_std_dev": 75.48482758971326,
    "induced_norm": 10985.299013847887,
    "max_edge_order": 14,
    "max_edge_weight": 1470.062625836492,
    "max_vertex_degree": 56,
    "min_edge_order": 7.5,
    "min_edge_weight": 0.14400519799526101,
    "n_qubits": 14,
    "total_pstrings": 379
}