{
    "avg_edge_order": 1,
    "avg_edge_weight": 28.310624960479235,
    "avg_vertex_degree": 40.0,
    "edge_order_std_dev": 3.3241540277189325,
    "edge_weight_std_dev": 76.83057125453685,
    "induced_norm": 10729.726860021636,
    "max_edge_order": 14,
    "max_edge_weight": 1491.038542375877,
    "max_vertex_degree": 56,
    "min_edge_order": 7.5,
    "min_edge_weight": 0.035571245978927024,
    "n_qubits": 14,
    "total_pstrings": 379
}