{
    "avg_edge_order": 1,
    "avg_edge_weight": 28.47368160287222,
    "avg_vertex_degree": 40.0,
    "edge_order_std_dev": 3.3241540277189325,
    "edge_weight_std_dev": 72.71329403647613,
    "induced_norm": 10791.525327488574,
    "max_edge_order": 14,
    "max_edge_weight": 1410.7440692466098,
    "max_vertex_degree": 56,
    "min_edge_order": 7.5,
    "min_edge_weight": 0.08109930853050784,
    "n_qubits": 14,
    "total_pstrings": 379
}