{
    "avg_edge_order": 1,
    "avg_edge_weight": 28.66768120965968,
    "avg_vertex_degree": 40.0,
    "edge_order_std_dev": 3.3241540277189325,
    "edge_weight_std_dev": 75.64109065956018,
    "induced_norm": 10865.051178461026,
    "max_edge_order": 14,
    "max_edge_weight": 1472.294521441656,
    "max_vertex_degree": 56,
    "min_edge_order": 7.5,
    "min_edge_weight": 0.112747063384816,
    "n_qubits": 14,
    "total_pstrings": 379
}