{
    "avg_edge_order": 1,
    "avg_edge_weight": 28.451128047955038,
    "avg_vertex_degree": 40.0,
    "edge_order_std_dev": 3.3241540277189325,
    "edge_weight_std_dev": 75.67346568986588,
    "induced_norm": 10782.977530174963,
    "max_edge_order": 14,
    "max_edge_weight": 1468.085518489184,
    "max_vertex_degree": 56,
    "min_edge_order": 7.5,
    "min_edge_weight": 0.09223596882072371,
    "n_qubits": 14,
    "total_pstrings": 379
}