{
    "avg_edge_order": 1,
    "avg_edge_weight": 27.384603795902702,
    "avg_vertex_degree": 92.0,
    "edge_order_std_dev": 5.123475382979799,
    "edge_weight_std_dev": 87.1537342434608,
    "induced_norm": 25933.219794719847,
    "max_edge_order": 22,
    "max_edge_weight": 2672.808064428262,
    "max_vertex_degree": 132,
    "min_edge_order": 11.5,
    "min_edge_weight": 0.001174275457259455,
    "n_qubits": 22,
    "total_pstrings": 947
}