{
    "avg_edge_order": 1,
    "avg_edge_weight": 30.56256095262818,
    "avg_vertex_degree": 40.0,
    "edge_order_std_dev": 3.3241540277189325,
    "edge_weight_std_dev": 76.6141514483731,
    "induced_norm": 11583.210601046092,
    "max_edge_order": 14,
    "max_edge_weight": 1492.6198732231392,
    "max_vertex_degree": 56,
    "min_edge_order": 7.5,
    "min_edge_weight": 0.00038803250008356827,
    "n_qubits": 14,
    "total_pstrings": 379
}