{
    "avg_edge_order": 1,
    "avg_edge_weight": 28.86838052308562,
    "avg_vertex_degree": 40.0,
    "edge_order_std_dev": 3.3241540277189325,
    "edge_weight_std_dev": 77.65723618646672,
    "induced_norm": 10941.11621824945,
    "max_edge_order": 14,
    "max_edge_weight": 1509.608128961465,
    "max_vertex_degree": 56,
    "min_edge_order": 7.5,
    "min_edge_weight": 0.007723468077358575,
    "n_qubits": 14,
    "total_pstrings": 379
}