{
    "avg_edge_order": 1,
    "avg_edge_weight": 28.190647845654127,
    "avg_vertex_degree": 40.0,
    "edge_order_std_dev": 3.3241540277189325,
    "edge_weight_std_dev": 72.11069149650582,
    "induced_norm": 10684.255533502906,
    "max_edge_order": 14,
    "max_edge_weight": 1401.461385314549,
    "max_vertex_degree": 56,
    "min_edge_order": 7.5,
    "min_edge_weight": 0.016608013741894467,
    "n_qubits": 14,
    "total_pstrings": 379
}