{
    "avg_edge_order": 1,
    "avg_edge_weight": 29.52043475018952,
    "avg_vertex_degree": 40.0,
    "edge_order_std_dev": 3.3241540277189325,
    "edge_weight_std_dev": 76.23610947539551,
    "induced_norm": 11188.244770321822,
    "max_edge_order": 14,
    "max_edge_weight": 1482.7930023368276,
    "max_vertex_degree": 56,
    "min_edge_order": 7.5,
    "min_edge_weight": 0.0006301251515381523,
    "n_qubits": 14,
    "total_pstrings": 379
}