{
    "avg_edge_order": 1,
    "avg_edge_weight": 29.30757943837587,
    "avg_vertex_degree": 40.0,
    "edge_order_std_dev": 3.3241540277189325,
    "edge_weight_std_dev": 73.12173733096874,
    "induced_norm": 11107.572607144459,
    "max_edge_order": 14,
    "max_edge_weight": 1422.2667738344637,
    "max_vertex_degree": 56,
    "min_edge_order": 7.5,
    "min_edge_weight": 0.09122730483895225,
    "n_qubits": 14,
    "total_pstrings": 379
}