{
    "avg_edge_order": 1,
    "avg_edge_weight": 29.175978246571027,
    "avg_vertex_degree": 40.0,
    "edge_order_std_dev": 3.3241540277189325,
    "edge_weight_std_dev": 78.92226404135685,
    "induced_norm": 11057.695755450415,
    "max_edge_order": 14,
    "max_edge_weight": 1535.948053492348,
    "max_vertex_degree": 56,
    "min_edge_order": 7.5,
    "min_edge_weight": 0.02500322160206281,
    "n_qubits": 14,
    "total_pstrings": 379
}