{
    "avg_edge_order": 1,
    "avg_edge_weight": 0.307941047279546,
    "avg_vertex_degree": 21.9,
    "clustering_coefficient": 0.3883408666833972,
    "edge_order_std_dev": 2.40495828597718,
    "edge_weight_std_dev": 0.636349747386941,
    "induced_norm": 60.04850421951148,
    "max_edge_order": 10,
    "max_edge_weight": 8.725379018673216,
    "max_vertex_degree": 30,
    "min_edge_order": 5.52054794520548,
    "min_edge_weight": 0.0005985230311545409,
    "n_qubits": 10,
    "total_pstrings": 195
}