{
    "avg_edge_order": 1,
    "avg_edge_weight": 28.67917497363106,
    "avg_vertex_degree": 40.0,
    "edge_order_std_dev": 3.3241540277189325,
    "edge_weight_std_dev": 74.54698755905173,
    "induced_norm": 10869.407315006169,
    "max_edge_order": 14,
    "max_edge_weight": 1449.543183401213,
    "max_vertex_degree": 56,
    "min_edge_order": 7.5,
    "min_edge_weight": 0.12459873478967154,
    "n_qubits": 14,
    "total_pstrings": 379
}