{
    "avg_edge_order": 1,
    "avg_edge_weight": 0.3259431433022162,
    "avg_vertex_degree": 21.9,
    "clustering_coefficient": 0.3883408666833972,
    "edge_order_std_dev": 2.40495828597718,
    "edge_weight_std_dev": 0.682708677940825,
    "induced_norm": 63.55891294393215,
    "max_edge_order": 10,
    "max_edge_weight": 9.233944286622608,
    "max_vertex_degree": 30,
    "min_edge_order": 5.52054794520548,
    "min_edge_weight": 0.004076397661646303,
    "n_qubits": 10,
    "total_pstrings": 195
}