{
    "avg_edge_order": 1,
    "avg_edge_weight": 28.31919099846893,
    "avg_vertex_degree": 40.0,
    "edge_order_std_dev": 3.3241540277189325,
    "edge_weight_std_dev": 70.23911906308363,
    "induced_norm": 10732.97338841972,
    "max_edge_order": 14,
    "max_edge_weight": 1365.2446217839947,
    "max_vertex_degree": 56,
    "min_edge_order": 7.5,
    "min_edge_weight": 0.19184903726270908,
    "n_qubits": 14,
    "total_pstrings": 379
}