{
    "avg_edge_order": 1,
    "avg_edge_weight": 28.769206755759672,
    "avg_vertex_degree": 40.0,
    "edge_order_std_dev": 3.3241540277189325,
    "edge_weight_std_dev": 78.20475688085345,
    "induced_norm": 10903.52936043292,
    "max_edge_order": 14,
    "max_edge_weight": 1522.32112561005,
    "max_vertex_degree": 56,
    "min_edge_order": 7.5,
    "min_edge_weight": 0.11622755587886147,
    "n_qubits": 14,
    "total_pstrings": 379
}