{
    "avg_edge_order": 1,
    "avg_edge_weight": 35.89996069171655,
    "avg_vertex_degree": 26.0,
    "edge_order_std_dev": 2.6457513110645907,
    "edge_weight_std_dev": 124.265595608857,
    "induced_norm": 8328.790880478244,
    "max_edge_order": 11,
    "max_edge_weight": 1695.7098650220582,
    "max_vertex_degree": 36,
    "min_edge_order": 6.0,
    "min_edge_weight": 0.19519494670732485,
    "n_qubits": 11,
    "total_pstrings": 232
}