{
    "avg_edge_order": 1,
    "avg_edge_weight": 34.02125320713057,
    "avg_vertex_degree": 7.0,
    "clustering_coefficient": 0.40579755745685286,
    "edge_order_std_dev": 1.2649110640673518,
    "edge_weight_std_dev": 55.11303931749137,
    "induced_norm": 1564.977647528006,
    "max_edge_order": 5,
    "max_edge_weight": 390.5617608477387,
    "max_vertex_degree": 9,
    "min_edge_order": 3.0,
    "min_edge_weight": 2.264024786363511,
    "n_qubits": 5,
    "total_pstrings": 46
}