{
    "avg_edge_order": 1,
    "avg_edge_weight": 27.999316268762772,
    "avg_vertex_degree": 92.0,
    "edge_order_std_dev": 5.123475382979799,
    "edge_weight_std_dev": 89.14808735774457,
    "induced_norm": 26515.35250651836,
    "max_edge_order": 22,
    "max_edge_weight": 2736.133991402573,
    "max_vertex_degree": 132,
    "min_edge_order": 11.5,
    "min_edge_weight": 0.16978599557961882,
    "n_qubits": 22,
    "total_pstrings": 947
}