{
    "avg_edge_order": 1,
    "avg_edge_weight": 29.446600115221468,
    "avg_vertex_degree": 40.0,
    "edge_order_std_dev": 3.3241540277189325,
    "edge_weight_std_dev": 72.43904299993898,
    "induced_norm": 11189.70804378416,
    "max_edge_order": 14,
    "max_edge_weight": 1409.1843438683454,
    "max_vertex_degree": 56,
    "min_edge_order": 7.5,
    "min_edge_weight": 0.14092583341592224,
    "n_qubits": 14,
    "total_pstrings": 380
}