{
    "avg_edge_order": 1,
    "avg_edge_weight": 28.381331799067812,
    "avg_vertex_degree": 40.0,
    "edge_order_std_dev": 3.3241540277189325,
    "edge_weight_std_dev": 75.2787121685985,
    "induced_norm": 10784.906083645757,
    "max_edge_order": 14,
    "max_edge_weight": 1463.7767498336518,
    "max_vertex_degree": 56,
    "min_edge_order": 7.5,
    "min_edge_weight": 0.0201194268291294,
    "n_qubits": 14,
    "total_pstrings": 380
}