{
    "avg_edge_order": 1,
    "avg_edge_weight": 0.3229994951963783,
    "avg_vertex_degree": 22.1,
    "clustering_coefficient": 0.39054887652057013,
    "edge_order_std_dev": 2.4171537424701848,
    "edge_weight_std_dev": 0.6211742270116704,
    "induced_norm": 65.24589802966841,
    "max_edge_order": 10,
    "max_edge_weight": 8.629116652850982,
    "max_vertex_degree": 30,
    "min_edge_order": 5.48868778280543,
    "min_edge_weight": 0.005083317711544411,
    "n_qubits": 10,
    "total_pstrings": 202
}