{
    "avg_edge_order": 1,
    "avg_edge_weight": 27.551565080026666,
    "avg_vertex_degree": 40.0,
    "edge_order_std_dev": 3.3241540277189325,
    "edge_weight_std_dev": 77.32372085667983,
    "induced_norm": 10469.594730410145,
    "max_edge_order": 14,
    "max_edge_weight": 1503.10180284438,
    "max_vertex_degree": 56,
    "min_edge_order": 7.5,
    "min_edge_weight": 0.041685910272354354,
    "n_qubits": 14,
    "total_pstrings": 380
}