{
    "avg_edge_order": 1,
    "avg_edge_weight": 0.33238236960671197,
    "avg_vertex_degree": 22.1,
    "clustering_coefficient": 0.39054887652057013,
    "edge_order_std_dev": 2.4171537424701848,
    "edge_weight_std_dev": 0.6852287055415598,
    "induced_norm": 67.14123866055583,
    "max_edge_order": 10,
    "max_edge_weight": 9.22224892376227,
    "max_vertex_degree": 30,
    "min_edge_order": 5.48868778280543,
    "min_edge_weight": 0.005590001907767872,
    "n_qubits": 10,
    "total_pstrings": 202
}