{
    "avg_edge_order": 1,
    "avg_edge_weight": 29.16550919842294,
    "avg_vertex_degree": 40.0,
    "edge_order_std_dev": 3.3241540277189325,
    "edge_weight_std_dev": 77.45780095251523,
    "induced_norm": 11082.893495400715,
    "max_edge_order": 14,
    "max_edge_weight": 1507.5654270186915,
    "max_vertex_degree": 56,
    "min_edge_order": 7.5,
    "min_edge_weight": 0.0021486959094483282,
    "n_qubits": 14,
    "total_pstrings": 380
}