{
    "avg_edge_order": 1,
    "avg_edge_weight": 28.96690897509465,
    "avg_vertex_degree": 40.0,
    "edge_order_std_dev": 3.3241540277189325,
    "edge_weight_std_dev": 75.37896612111459,
    "induced_norm": 11007.425410535967,
    "max_edge_order": 14,
    "max_edge_weight": 1466.9673063443302,
    "max_vertex_degree": 56,
    "min_edge_order": 7.5,
    "min_edge_weight": 0.32141029920590825,
    "n_qubits": 14,
    "total_pstrings": 380
}