{
    "avg_edge_order": 1,
    "avg_edge_weight": 0.33399023453590154,
    "avg_vertex_degree": 22.1,
    "clustering_coefficient": 0.39054887652057013,
    "edge_order_std_dev": 2.4171537424701848,
    "edge_weight_std_dev": 0.6649219095119816,
    "induced_norm": 67.46602737625211,
    "max_edge_order": 10,
    "max_edge_weight": 8.85891141079782,
    "max_vertex_degree": 30,
    "min_edge_order": 5.48868778280543,
    "min_edge_weight": 0.00011082053363037359,
    "n_qubits": 10,
    "total_pstrings": 202
}