{
    "avg_edge_order": 1,
    "avg_edge_weight": 29.05746172853415,
    "avg_vertex_degree": 40.0,
    "edge_order_std_dev": 3.3241540277189325,
    "edge_weight_std_dev": 74.62474160263055,
    "induced_norm": 11041.83545684298,
    "max_edge_order": 14,
    "max_edge_weight": 1448.328300701997,
    "max_vertex_degree": 56,
    "min_edge_order": 7.5,
    "min_edge_weight": 0.0404538815110822,
    "n_qubits": 14,
    "total_pstrings": 380
}