{
    "avg_edge_order": 1,
    "avg_edge_weight": 0.32703529871734505,
    "avg_vertex_degree": 22.1,
    "clustering_coefficient": 0.39054887652057013,
    "edge_order_std_dev": 2.4171537424701848,
    "edge_weight_std_dev": 0.658670385454191,
    "induced_norm": 66.06113034090367,
    "max_edge_order": 10,
    "max_edge_weight": 9.007790429494127,
    "max_vertex_degree": 30,
    "min_edge_order": 5.48868778280543,
    "min_edge_weight": 0.0008009320732870195,
    "n_qubits": 10,
    "total_pstrings": 202
}