{
    "avg_edge_order": 1,
    "avg_edge_weight": 29.913547197475307,
    "avg_vertex_degree": 40.0,
    "edge_order_std_dev": 3.3241540277189325,
    "edge_weight_std_dev": 75.61166001811087,
    "induced_norm": 11367.147935040617,
    "max_edge_order": 14,
    "max_edge_weight": 1466.8716733718973,
    "max_vertex_degree": 56,
    "min_edge_order": 7.5,
    "min_edge_weight": 0.039020600256364446,
    "n_qubits": 14,
    "total_pstrings": 380
}