{
    "avg_edge_order": 1,
    "avg_edge_weight": 27.938245320317545,
    "avg_vertex_degree": 40.0,
    "edge_order_std_dev": 3.3241540277189325,
    "edge_weight_std_dev": 75.14231926800947,
    "induced_norm": 10616.53322172066,
    "max_edge_order": 14,
    "max_edge_weight": 1458.6451212405648,
    "max_vertex_degree": 56,
    "min_edge_order": 7.5,
    "min_edge_weight": 0.16353366401813396,
    "n_qubits": 14,
    "total_pstrings": 380
}