{
    "avg_edge_order": 1,
    "avg_edge_weight": 0.3492715509691258,
    "avg_vertex_degree": 22.1,
    "clustering_coefficient": 0.39054887652057013,
    "edge_order_std_dev": 2.4171537424701848,
    "edge_weight_std_dev": 0.7000379542337335,
    "induced_norm": 70.5528532957634,
    "max_edge_order": 10,
    "max_edge_weight": 9.419064483729564,
    "max_vertex_degree": 30,
    "min_edge_order": 5.48868778280543,
    "min_edge_weight": 0.005779110952816802,
    "n_qubits": 10,
    "total_pstrings": 202
}