{
    "avg_edge_order": 1,
    "avg_edge_weight": 27.7402028211082,
    "avg_vertex_degree": 92.0,
    "edge_order_std_dev": 5.123475382979799,
    "edge_weight_std_dev": 88.33671402713955,
    "induced_norm": 26297.71227441058,
    "max_edge_order": 22,
    "max_edge_weight": 2704.128995288199,
    "max_vertex_degree": 132,
    "min_edge_order": 11.5,
    "min_edge_weight": 0.04531662783706736,
    "n_qubits": 22,
    "total_pstrings": 948
}