{
    "avg_edge_order": 1,
    "avg_edge_weight": 31.218227210902178,
    "avg_vertex_degree": 40.0,
    "edge_order_std_dev": 3.3241540277189325,
    "edge_weight_std_dev": 78.77681762854534,
    "induced_norm": 11862.926340142823,
    "max_edge_order": 14,
    "max_edge_weight": 1535.9733849215625,
    "max_vertex_degree": 56,
    "min_edge_order": 7.5,
    "min_edge_weight": 0.061470146867208086,
    "n_qubits": 14,
    "total_pstrings": 380
}