{
    "avg_edge_order": 1,
    "avg_edge_weight": 0.3491305050936386,
    "avg_vertex_degree": 22.1,
    "clustering_coefficient": 0.39054887652057013,
    "edge_order_std_dev": 2.4171537424701848,
    "edge_weight_std_dev": 0.7043165241403113,
    "induced_norm": 70.52436202891496,
    "max_edge_order": 10,
    "max_edge_weight": 9.556849960854764,
    "max_vertex_degree": 30,
    "min_edge_order": 5.48868778280543,
    "min_edge_weight": 0.0009338454673148422,
    "n_qubits": 10,
    "total_pstrings": 202
}