{
    "avg_edge_order": 1,
    "avg_edge_weight": 30.272967344365032,
    "avg_vertex_degree": 40.0,
    "edge_order_std_dev": 3.3241540277189325,
    "edge_weight_std_dev": 75.72757215698005,
    "induced_norm": 11503.727590858713,
    "max_edge_order": 14,
    "max_edge_weight": 1474.240947437886,
    "max_vertex_degree": 56,
    "min_edge_order": 7.5,
    "min_edge_weight": 0.19770697412909222,
    "n_qubits": 14,
    "total_pstrings": 380
}