{
    "avg_edge_order": 1,
    "avg_edge_weight": 28.602074086763736,
    "avg_vertex_degree": 40.0,
    "edge_order_std_dev": 3.3241540277189325,
    "edge_weight_std_dev": 75.25075900443835,
    "induced_norm": 10868.788152970208,
    "max_edge_order": 14,
    "max_edge_weight": 1468.7588868081223,
    "max_vertex_degree": 56,
    "min_edge_order": 7.5,
    "min_edge_weight": 0.14113991556316918,
    "n_qubits": 14,
    "total_pstrings": 380
}