{
    "avg_edge_order": 1,
    "avg_edge_weight": 0.33392142262429364,
    "avg_vertex_degree": 22.1,
    "clustering_coefficient": 0.39054887652057013,
    "edge_order_std_dev": 2.4171537424701848,
    "edge_weight_std_dev": 0.6729684817098937,
    "induced_norm": 67.45212737010733,
    "max_edge_order": 10,
    "max_edge_weight": 8.994041207176283,
    "max_vertex_degree": 30,
    "min_edge_order": 5.48868778280543,
    "min_edge_weight": 0.002649892225213779,
    "n_qubits": 10,
    "total_pstrings": 202
}