{
    "avg_edge_order": 1,
    "avg_edge_weight": 29.943217680215586,
    "avg_vertex_degree": 40.0,
    "edge_order_std_dev": 3.3241540277189325,
    "edge_weight_std_dev": 76.79274084830871,
    "induced_norm": 11378.42271848192,
    "max_edge_order": 14,
    "max_edge_weight": 1488.8380026976702,
    "max_vertex_degree": 56,
    "min_edge_order": 7.5,
    "min_edge_weight": 0.04298585730384019,
    "n_qubits": 14,
    "total_pstrings": 380
}