{
    "avg_edge_order": 1,
    "avg_edge_weight": 30.41336603031353,
    "avg_vertex_degree": 40.0,
    "edge_order_std_dev": 3.3241540277189325,
    "edge_weight_std_dev": 76.79709437105191,
    "induced_norm": 11557.079091519137,
    "max_edge_order": 14,
    "max_edge_weight": 1487.7428293926678,
    "max_vertex_degree": 56,
    "min_edge_order": 7.5,
    "min_edge_weight": 0.03486864030381298,
    "n_qubits": 14,
    "total_pstrings": 380
}