{
    "avg_edge_order": 1,
    "avg_edge_weight": 30.883692518856094,
    "avg_vertex_degree": 40.0,
    "edge_order_std_dev": 3.3241540277189325,
    "edge_weight_std_dev": 74.24848935970483,
    "induced_norm": 11735.803157165314,
    "max_edge_order": 14,
    "max_edge_weight": 1443.7636996699964,
    "max_vertex_degree": 56,
    "min_edge_order": 7.5,
    "min_edge_weight": 0.01715202613196176,
    "n_qubits": 14,
    "total_pstrings": 380
}