{
    "avg_edge_order": 1,
    "avg_edge_weight": 29.5772889119692,
    "avg_vertex_degree": 40.0,
    "edge_order_std_dev": 3.3241540277189325,
    "edge_weight_std_dev": 75.43125705996921,
    "induced_norm": 11239.369786548305,
    "max_edge_order": 14,
    "max_edge_weight": 1463.5567039292239,
    "max_vertex_degree": 56,
    "min_edge_order": 7.5,
    "min_edge_weight": 0.1794562541676754,
    "n_qubits": 14,
    "total_pstrings": 380
}