{
    "avg_edge_order": 1,
    "avg_edge_weight": 28.915385159556642,
    "avg_vertex_degree": 40.0,
    "edge_order_std_dev": 3.3241540277189325,
    "edge_weight_std_dev": 77.76947774359674,
    "induced_norm": 10987.846360631522,
    "max_edge_order": 14,
    "max_edge_weight": 1515.8305426466857,
    "max_vertex_degree": 56,
    "min_edge_order": 7.5,
    "min_edge_weight": 0.02467394725082528,
    "n_qubits": 14,
    "total_pstrings": 380
}