{
    "avg_edge_order": 1,
    "avg_edge_weight": 0.3960733926876547,
    "avg_vertex_degree": 22.1,
    "clustering_coefficient": 0.39498180706840097,
    "edge_order_std_dev": 2.4171537424701848,
    "edge_weight_std_dev": 0.7373346300534962,
    "induced_norm": 85.94792621322111,
    "max_edge_order": 10,
    "max_edge_weight": 9.177692479426998,
    "max_vertex_degree": 30,
    "min_edge_order": 5.48868778280543,
    "min_edge_weight": 0.006117186611406422,
    "n_qubits": 10,
    "total_pstrings": 217
}