{
    "avg_edge_order": 1,
    "avg_edge_weight": 29.636602173250672,
    "avg_vertex_degree": 45.333333333333336,
    "edge_order_std_dev": 3.5496478698597698,
    "edge_weight_std_dev": 75.78076425335776,
    "induced_norm": 12921.558547537292,
    "max_edge_order": 15,
    "max_edge_weight": 1581.0757101326385,
    "max_vertex_degree": 64,
    "min_edge_order": 8.0,
    "min_edge_weight": 0.04718821467212253,
    "n_qubits": 15,
    "total_pstrings": 436
}