{
    "avg_edge_order": 1,
    "avg_edge_weight": 29.191105221951144,
    "avg_vertex_degree": 45.333333333333336,
    "edge_order_std_dev": 3.5496478698597698,
    "edge_weight_std_dev": 79.69204385772082,
    "induced_norm": 12727.321876770706,
    "max_edge_order": 15,
    "max_edge_weight": 1664.9809681420006,
    "max_vertex_degree": 64,
    "min_edge_order": 8.0,
    "min_edge_weight": 0.17709790565162464,
    "n_qubits": 15,
    "total_pstrings": 436
}