{
    "avg_edge_order": 1,
    "avg_edge_weight": 29.418427493688533,
    "avg_vertex_degree": 45.333333333333336,
    "edge_order_std_dev": 3.5496478698597698,
    "edge_weight_std_dev": 76.0271675165608,
    "induced_norm": 12826.4343872482,
    "max_edge_order": 15,
    "max_edge_weight": 1586.040259689345,
    "max_vertex_degree": 64,
    "min_edge_order": 8.0,
    "min_edge_weight": 0.06343100012123415,
    "n_qubits": 15,
    "total_pstrings": 436
}