{
    "avg_edge_order": 1,
    "avg_edge_weight": 0.3789317565244517,
    "avg_vertex_degree": 22.1,
    "clustering_coefficient": 0.39498180706840097,
    "edge_order_std_dev": 2.4171537424701848,
    "edge_weight_std_dev": 0.6848796581683188,
    "induced_norm": 82.22819116580601,
    "max_edge_order": 10,
    "max_edge_weight": 8.421952873872485,
    "max_vertex_degree": 30,
    "min_edge_order": 5.48868778280543,
    "min_edge_weight": 0.004634871029281784,
    "n_qubits": 10,
    "total_pstrings": 217
}