{
    "avg_edge_order": 1,
    "avg_edge_weight": 29.083952123129663,
    "avg_vertex_degree": 45.333333333333336,
    "edge_order_std_dev": 3.5496478698597698,
    "edge_weight_std_dev": 75.33665011538412,
    "induced_norm": 12680.603125684527,
    "max_edge_order": 15,
    "max_edge_weight": 1572.3659247572482,
    "max_vertex_degree": 64,
    "min_edge_order": 8.0,
    "min_edge_weight": 0.04978702162535775,
    "n_qubits": 15,
    "total_pstrings": 436
}