{
    "avg_edge_order": 1,
    "avg_edge_weight": 29.337260440798396,
    "avg_vertex_degree": 45.333333333333336,
    "edge_order_std_dev": 3.5496478698597698,
    "edge_weight_std_dev": 78.5754932928979,
    "induced_norm": 12791.045552188103,
    "max_edge_order": 15,
    "max_edge_weight": 1640.9155062505035,
    "max_vertex_degree": 64,
    "min_edge_order": 8.0,
    "min_edge_weight": 0.01086553788711142,
    "n_qubits": 15,
    "total_pstrings": 436
}