{
    "avg_edge_order": 1,
    "avg_edge_weight": 28.507579121912418,
    "avg_vertex_degree": 45.333333333333336,
    "edge_order_std_dev": 3.5496478698597698,
    "edge_weight_std_dev": 77.47562238749487,
    "induced_norm": 12429.304497153818,
    "max_edge_order": 15,
    "max_edge_weight": 1615.8675677920633,
    "max_vertex_degree": 64,
    "min_edge_order": 8.0,
    "min_edge_weight": 0.00900566527680624,
    "n_qubits": 15,
    "total_pstrings": 436
}