{
    "avg_edge_order": 1,
    "avg_edge_weight": 29.242715203550333,
    "avg_vertex_degree": 45.333333333333336,
    "edge_order_std_dev": 3.5496478698597698,
    "edge_weight_std_dev": 77.31110337392748,
    "induced_norm": 12749.823828747947,
    "max_edge_order": 15,
    "max_edge_weight": 1612.965061287703,
    "max_vertex_degree": 64,
    "min_edge_order": 8.0,
    "min_edge_weight": 0.10450228799554481,
    "n_qubits": 15,
    "total_pstrings": 436
}