{
    "avg_edge_order": 1,
    "avg_edge_weight": 28.675949595349824,
    "avg_vertex_degree": 45.333333333333336,
    "edge_order_std_dev": 3.5496478698597698,
    "edge_weight_std_dev": 75.44346072225396,
    "induced_norm": 12502.714023572538,
    "max_edge_order": 15,
    "max_edge_weight": 1575.5460379021335,
    "max_vertex_degree": 64,
    "min_edge_order": 8.0,
    "min_edge_weight": 0.002408503255846295,
    "n_qubits": 15,
    "total_pstrings": 436
}