{
    "avg_edge_order": 1,
    "avg_edge_weight": 28.39669943729354,
    "avg_vertex_degree": 45.333333333333336,
    "edge_order_std_dev": 3.5496478698597698,
    "edge_weight_std_dev": 76.60327707776506,
    "induced_norm": 12380.96095465998,
    "max_edge_order": 15,
    "max_edge_weight": 1598.1765897442053,
    "max_vertex_degree": 64,
    "min_edge_order": 8.0,
    "min_edge_weight": 0.0498713663075967,
    "n_qubits": 15,
    "total_pstrings": 436
}