{
    "avg_edge_order": 1,
    "avg_edge_weight": 29.446193152549963,
    "avg_vertex_degree": 92.0909090909091,
    "edge_order_std_dev": 5.1296287125600175,
    "edge_weight_std_dev": 91.78782435769006,
    "induced_norm": 28209.453040142864,
    "max_edge_order": 22,
    "max_edge_weight": 2808.8359482192845,
    "max_vertex_degree": 132,
    "min_edge_order": 11.490621915103652,
    "min_edge_weight": 0.07766888964108887,
    "n_qubits": 22,
    "total_pstrings": 958
}