{
    "avg_edge_order": 1,
    "avg_edge_weight": 38.238467996923724,
    "avg_vertex_degree": 26.0,
    "edge_order_std_dev": 2.6457513110645907,
    "edge_weight_std_dev": 138.82301621861535,
    "induced_norm": 8871.324575286304,
    "max_edge_order": 11,
    "max_edge_weight": 2053.1375555852605,
    "max_vertex_degree": 36,
    "min_edge_order": 6.0,
    "min_edge_weight": 0.13507506516328505,
    "n_qubits": 11,
    "total_pstrings": 232
}