{
    "avg_edge_order": 1,
    "avg_edge_weight": 29.425091011960443,
    "avg_vertex_degree": 45.333333333333336,
    "edge_order_std_dev": 3.5496478698597698,
    "edge_weight_std_dev": 78.56008821339083,
    "induced_norm": 12829.339681214755,
    "max_edge_order": 15,
    "max_edge_weight": 1639.8766022888426,
    "max_vertex_degree": 64,
    "min_edge_order": 8.0,
    "min_edge_weight": 0.09382816865273469,
    "n_qubits": 15,
    "total_pstrings": 436
}