{
    "avg_edge_order": 1,
    "avg_edge_weight": 0.40301959409255905,
    "avg_vertex_degree": 22.1,
    "clustering_coefficient": 0.39498180706840097,
    "edge_order_std_dev": 2.4171537424701848,
    "edge_weight_std_dev": 0.7324035831542751,
    "induced_norm": 87.4552519180853,
    "max_edge_order": 10,
    "max_edge_weight": 9.429291874557514,
    "max_vertex_degree": 30,
    "min_edge_order": 5.48868778280543,
    "min_edge_weight": 0.002493534394447272,
    "n_qubits": 10,
    "total_pstrings": 217
}