{
    "avg_edge_order": 1,
    "avg_edge_weight": 28.137196365423293,
    "avg_vertex_degree": 45.333333333333336,
    "edge_order_std_dev": 3.5496478698597698,
    "edge_weight_std_dev": 75.70078360484548,
    "induced_norm": 12267.817615324553,
    "max_edge_order": 15,
    "max_edge_weight": 1582.2921879079336,
    "max_vertex_degree": 64,
    "min_edge_order": 8.0,
    "min_edge_weight": 0.1856624713113959,
    "n_qubits": 15,
    "total_pstrings": 436
}