{
    "avg_edge_order": 1,
    "avg_edge_weight": 27.46094615005259,
    "avg_vertex_degree": 45.333333333333336,
    "edge_order_std_dev": 3.5496478698597698,
    "edge_weight_std_dev": 74.67798477479073,
    "induced_norm": 11972.972521422924,
    "max_edge_order": 15,
    "max_edge_weight": 1556.8679445427374,
    "max_vertex_degree": 64,
    "min_edge_order": 8.0,
    "min_edge_weight": 0.08967677935206098,
    "n_qubits": 15,
    "total_pstrings": 436
}