{
    "avg_edge_order": 1,
    "avg_edge_weight": 28.011881652276223,
    "avg_vertex_degree": 45.333333333333336,
    "edge_order_std_dev": 3.5496478698597698,
    "edge_weight_std_dev": 75.15003176380368,
    "induced_norm": 12213.180400392424,
    "max_edge_order": 15,
    "max_edge_weight": 1566.8345338547463,
    "max_vertex_degree": 64,
    "min_edge_order": 8.0,
    "min_edge_weight": 0.10939380213007555,
    "n_qubits": 15,
    "total_pstrings": 436
}