{
    "avg_edge_order": 1,
    "avg_edge_weight": 28.42350210419595,
    "avg_vertex_degree": 45.333333333333336,
    "edge_order_std_dev": 3.5496478698597698,
    "edge_weight_std_dev": 75.17249839208594,
    "induced_norm": 12392.646917429429,
    "max_edge_order": 15,
    "max_edge_weight": 1569.8597775849807,
    "max_vertex_degree": 64,
    "min_edge_order": 8.0,
    "min_edge_weight": 0.03820120831041862,
    "n_qubits": 15,
    "total_pstrings": 436
}