{
    "avg_edge_order": 1,
    "avg_edge_weight": 28.772757735236528,
    "avg_vertex_degree": 45.333333333333336,
    "edge_order_std_dev": 3.5496478698597698,
    "edge_weight_std_dev": 78.86216285599996,
    "induced_norm": 12544.922372563131,
    "max_edge_order": 15,
    "max_edge_weight": 1645.4428760608496,
    "max_vertex_degree": 64,
    "min_edge_order": 8.0,
    "min_edge_weight": 0.17653882240536234,
    "n_qubits": 15,
    "total_pstrings": 436
}