{
    "avg_edge_order": 1,
    "avg_edge_weight": 27.714190587074235,
    "avg_vertex_degree": 45.333333333333336,
    "edge_order_std_dev": 3.5496478698597698,
    "edge_weight_std_dev": 76.06410733668794,
    "induced_norm": 12083.387095964355,
    "max_edge_order": 15,
    "max_edge_weight": 1583.4638175015357,
    "max_vertex_degree": 64,
    "min_edge_order": 8.0,
    "min_edge_weight": 0.017079068987069235,
    "n_qubits": 15,
    "total_pstrings": 436
}