{
    "avg_edge_order": 1,
    "avg_edge_weight": 29.226544308907396,
    "avg_vertex_degree": 45.333333333333336,
    "edge_order_std_dev": 3.5496478698597698,
    "edge_weight_std_dev": 76.8445272980805,
    "induced_norm": 12742.773318683616,
    "max_edge_order": 15,
    "max_edge_weight": 1604.4287981376929,
    "max_vertex_degree": 64,
    "min_edge_order": 8.0,
    "min_edge_weight": 0.0296042371020917,
    "n_qubits": 15,
    "total_pstrings": 436
}