{
    "avg_edge_order": 1,
    "avg_edge_weight": 28.839339357825793,
    "avg_vertex_degree": 7.0,
    "clustering_coefficient": 0.40579755745685286,
    "edge_order_std_dev": 1.2649110640673518,
    "edge_weight_std_dev": 50.67249082076599,
    "induced_norm": 1326.6096104599862,
    "max_edge_order": 5,
    "max_edge_weight": 354.4970472465667,
    "max_vertex_degree": 9,
    "min_edge_order": 3.0,
    "min_edge_weight": 0.08509993968900886,
    "n_qubits": 5,
    "total_pstrings": 46
}