{
    "avg_edge_order": 1,
    "avg_edge_weight": 29.663836347159247,
    "avg_vertex_degree": 92.0909090909091,
    "edge_order_std_dev": 5.1296287125600175,
    "edge_weight_std_dev": 89.62306020149133,
    "induced_norm": 28862.912765785946,
    "max_edge_order": 22,
    "max_edge_weight": 2747.9363978776696,
    "max_vertex_degree": 132,
    "min_edge_order": 11.490621915103652,
    "min_edge_weight": 0.03445889967646565,
    "n_qubits": 22,
    "total_pstrings": 973
}