{
    "avg_edge_order": 1,
    "avg_edge_weight": 40.601338151126626,
    "avg_vertex_degree": 26.0,
    "edge_order_std_dev": 2.6457513110645907,
    "edge_weight_std_dev": 142.16469821745645,
    "induced_norm": 9419.510451061373,
    "max_edge_order": 11,
    "max_edge_weight": 1760.7220751774416,
    "max_vertex_degree": 36,
    "min_edge_order": 6.0,
    "min_edge_weight": 0.2245294734213843,
    "n_qubits": 11,
    "total_pstrings": 232
}