{
    "avg_edge_order": 1,
    "avg_edge_weight": 28.860484615024657,
    "avg_vertex_degree": 45.333333333333336,
    "edge_order_std_dev": 3.5496478698597698,
    "edge_weight_std_dev": 78.09888801990931,
    "induced_norm": 12583.171292150753,
    "max_edge_order": 15,
    "max_edge_weight": 1628.5114628489816,
    "max_vertex_degree": 64,
    "min_edge_order": 8.0,
    "min_edge_weight": 0.008418232245105628,
    "n_qubits": 15,
    "total_pstrings": 436
}