{
    "avg_edge_order": 1,
    "avg_edge_weight": 29.118056086950904,
    "avg_vertex_degree": 45.333333333333336,
    "edge_order_std_dev": 3.5496478698597698,
    "edge_weight_std_dev": 78.27609219273121,
    "induced_norm": 12695.472453910583,
    "max_edge_order": 15,
    "max_edge_weight": 1632.3348052389915,
    "max_vertex_degree": 64,
    "min_edge_order": 8.0,
    "min_edge_weight": 0.0682298182918224,
    "n_qubits": 15,
    "total_pstrings": 436
}