{
    "avg_edge_order": 1,
    "avg_edge_weight": 29.295297579600245,
    "avg_vertex_degree": 45.333333333333336,
    "edge_order_std_dev": 3.5496478698597698,
    "edge_weight_std_dev": 77.87359409113571,
    "induced_norm": 12772.749744705703,
    "max_edge_order": 15,
    "max_edge_weight": 1625.9314576618794,
    "max_vertex_degree": 64,
    "min_edge_order": 8.0,
    "min_edge_weight": 0.09791368656330235,
    "n_qubits": 15,
    "total_pstrings": 436
}