{
    "avg_edge_order": 1,
    "avg_edge_weight": 0.48180619546712383,
    "avg_vertex_degree": 23.1,
    "clustering_coefficient": 0.35899274973867457,
    "edge_order_std_dev": 2.4383786976110584,
    "edge_weight_std_dev": 0.757562194739449,
    "induced_norm": 119.48793647584672,
    "max_edge_order": 10,
    "max_edge_weight": 9.185101805692454,
    "max_vertex_degree": 32,
    "min_edge_order": 5.363636363636363,
    "min_edge_weight": 0.000636018488195389,
    "n_qubits": 10,
    "total_pstrings": 248
}