{
    "avg_edge_order": 1,
    "avg_edge_weight": 28.836390754241545,
    "avg_vertex_degree": 45.333333333333336,
    "edge_order_std_dev": 3.5496478698597698,
    "edge_weight_std_dev": 76.40788456979486,
    "induced_norm": 12572.666368849326,
    "max_edge_order": 15,
    "max_edge_weight": 1592.4699921172128,
    "max_vertex_degree": 64,
    "min_edge_order": 8.0,
    "min_edge_weight": 0.067590918194945,
    "n_qubits": 15,
    "total_pstrings": 436
}