{
    "avg_edge_order": 1,
    "avg_edge_weight": 28.80403124667811,
    "avg_vertex_degree": 45.333333333333336,
    "edge_order_std_dev": 3.5496478698597698,
    "edge_weight_std_dev": 75.61984375597127,
    "induced_norm": 12558.55762355166,
    "max_edge_order": 15,
    "max_edge_weight": 1576.1860786498444,
    "max_vertex_degree": 64,
    "min_edge_order": 8.0,
    "min_edge_weight": 0.1903837908311239,
    "n_qubits": 15,
    "total_pstrings": 436
}