{
    "avg_edge_order": 1,
    "avg_edge_weight": 26.79371367923411,
    "avg_vertex_degree": 45.333333333333336,
    "edge_order_std_dev": 3.5496478698597698,
    "edge_weight_std_dev": 75.76615528435538,
    "induced_norm": 11682.059164146074,
    "max_edge_order": 15,
    "max_edge_weight": 1574.8590356391965,
    "max_vertex_degree": 64,
    "min_edge_order": 8.0,
    "min_edge_weight": 0.10152970094191016,
    "n_qubits": 15,
    "total_pstrings": 436
}