{
    "avg_edge_order": 1,
    "avg_edge_weight": 28.830263633467368,
    "avg_vertex_degree": 45.333333333333336,
    "edge_order_std_dev": 3.5496478698597698,
    "edge_weight_std_dev": 76.86880316988774,
    "induced_norm": 12569.994944191769,
    "max_edge_order": 15,
    "max_edge_weight": 1603.7749863311913,
    "max_vertex_degree": 64,
    "min_edge_order": 8.0,
    "min_edge_weight": 0.22404986292858275,
    "n_qubits": 15,
    "total_pstrings": 436
}