{
    "avg_edge_order": 1,
    "avg_edge_weight": 0.43216421314986986,
    "avg_vertex_degree": 23.1,
    "clustering_coefficient": 0.35899274973867457,
    "edge_order_std_dev": 2.4383786976110584,
    "edge_weight_std_dev": 0.6623389688181509,
    "induced_norm": 107.17672486116771,
    "max_edge_order": 10,
    "max_edge_weight": 8.759963401985326,
    "max_vertex_degree": 32,
    "min_edge_order": 5.363636363636363,
    "min_edge_weight": 0.0010459243486627412,
    "n_qubits": 10,
    "total_pstrings": 248
}