{
    "avg_edge_order": 1,
    "avg_edge_weight": 0.4889771564709241,
    "avg_vertex_degree": 23.1,
    "clustering_coefficient": 0.35899274973867457,
    "edge_order_std_dev": 2.4383786976110584,
    "edge_weight_std_dev": 0.8455088153640588,
    "induced_norm": 121.26633480478924,
    "max_edge_order": 10,
    "max_edge_weight": 10.481480294474359,
    "max_vertex_degree": 32,
    "min_edge_order": 5.363636363636363,
    "min_edge_weight": 0.0037462812551258273,
    "n_qubits": 10,
    "total_pstrings": 248
}