{
    "avg_edge_order": 1,
    "avg_edge_weight": 29.356048903690986,
    "avg_vertex_degree": 45.333333333333336,
    "edge_order_std_dev": 3.5496478698597698,
    "edge_weight_std_dev": 80.17842372362502,
    "induced_norm": 12799.237322009269,
    "max_edge_order": 15,
    "max_edge_weight": 1673.674654106034,
    "max_vertex_degree": 64,
    "min_edge_order": 8.0,
    "min_edge_weight": 0.3499278201183724,
    "n_qubits": 15,
    "total_pstrings": 436
}