{
    "avg_edge_order": 1,
    "avg_edge_weight": 29.121732089351262,
    "avg_vertex_degree": 45.333333333333336,
    "edge_order_std_dev": 3.5496478698597698,
    "edge_weight_std_dev": 77.0839332325892,
    "induced_norm": 12697.075190957148,
    "max_edge_order": 15,
    "max_edge_weight": 1605.7679701448164,
    "max_vertex_degree": 64,
    "min_edge_order": 8.0,
    "min_edge_weight": 0.07139610175722577,
    "n_qubits": 15,
    "total_pstrings": 436
}