{
    "avg_edge_order": 1,
    "avg_edge_weight": 31.81711041166111,
    "avg_vertex_degree": 92.54545454545455,
    "edge_order_std_dev": 5.154740656681365,
    "edge_weight_std_dev": 90.29507544723319,
    "induced_norm": 31944.378853307753,
    "max_edge_order": 22,
    "max_edge_weight": 2755.841270584088,
    "max_vertex_degree": 132,
    "min_edge_order": 11.446954813359529,
    "min_edge_weight": 0.168057949264238,
    "n_qubits": 22,
    "total_pstrings": 1004
}