{
    "avg_edge_order": 1,
    "avg_edge_weight": 37.767206499275915,
    "avg_vertex_degree": 26.0,
    "edge_order_std_dev": 2.6457513110645907,
    "edge_weight_std_dev": 135.84366897084087,
    "induced_norm": 8761.991907832013,
    "max_edge_order": 11,
    "max_edge_weight": 1926.3605886938694,
    "max_vertex_degree": 36,
    "min_edge_order": 6.0,
    "min_edge_weight": 0.0780292818076802,
    "n_qubits": 11,
    "total_pstrings": 232
}