{
    "avg_edge_order": 1,
    "avg_edge_weight": 28.70945612503443,
    "avg_vertex_degree": 45.333333333333336,
    "edge_order_std_dev": 3.5496478698597698,
    "edge_weight_std_dev": 76.02785860470549,
    "induced_norm": 12517.322870515016,
    "max_edge_order": 15,
    "max_edge_weight": 1581.6295353615294,
    "max_vertex_degree": 64,
    "min_edge_order": 8.0,
    "min_edge_weight": 0.018297202995938733,
    "n_qubits": 15,
    "total_pstrings": 436
}