{
    "avg_edge_order": 1,
    "avg_edge_weight": 29.553659398058237,
    "avg_vertex_degree": 45.333333333333336,
    "edge_order_std_dev": 3.5496478698597698,
    "edge_weight_std_dev": 75.05230357867622,
    "induced_norm": 12885.395497553389,
    "max_edge_order": 15,
    "max_edge_weight": 1564.7963746420849,
    "max_vertex_degree": 64,
    "min_edge_order": 8.0,
    "min_edge_weight": 0.07270031222317996,
    "n_qubits": 15,
    "total_pstrings": 436
}