{
    "avg_edge_order": 1,
    "avg_edge_weight": 28.77112650252772,
    "avg_vertex_degree": 45.333333333333336,
    "edge_order_std_dev": 3.5496478698597698,
    "edge_weight_std_dev": 78.00828270017844,
    "induced_norm": 12544.211155102095,
    "max_edge_order": 15,
    "max_edge_weight": 1626.4865140597153,
    "max_vertex_degree": 64,
    "min_edge_order": 8.0,
    "min_edge_weight": 0.00996686324021212,
    "n_qubits": 15,
    "total_pstrings": 436
}