{
    "avg_edge_order": 1,
    "avg_edge_weight": 27.58429668720538,
    "avg_vertex_degree": 45.333333333333336,
    "edge_order_std_dev": 3.5496478698597698,
    "edge_weight_std_dev": 76.95318002798973,
    "induced_norm": 12026.753355621537,
    "max_edge_order": 15,
    "max_edge_weight": 1604.8599809463276,
    "max_vertex_degree": 64,
    "min_edge_order": 8.0,
    "min_edge_weight": 0.09027080605220128,
    "n_qubits": 15,
    "total_pstrings": 436
}