{
    "avg_edge_order": 1,
    "avg_edge_weight": 28.33357741148516,
    "avg_vertex_degree": 45.333333333333336,
    "edge_order_std_dev": 3.5496478698597698,
    "edge_weight_std_dev": 75.90765402966572,
    "induced_norm": 12353.439751407519,
    "max_edge_order": 15,
    "max_edge_weight": 1583.2504276283387,
    "max_vertex_degree": 64,
    "min_edge_order": 8.0,
    "min_edge_weight": 0.1898993005887306,
    "n_qubits": 15,
    "total_pstrings": 436
}