{
    "avg_edge_order": 1,
    "avg_edge_weight": 29.46718224190495,
    "avg_vertex_degree": 45.333333333333336,
    "edge_order_std_dev": 3.5496478698597698,
    "edge_weight_std_dev": 77.23216299174388,
    "induced_norm": 12847.691457470553,
    "max_edge_order": 15,
    "max_edge_weight": 1612.5819804868538,
    "max_vertex_degree": 64,
    "min_edge_order": 8.0,
    "min_edge_weight": 0.0029735082805046886,
    "n_qubits": 15,
    "total_pstrings": 436
}