{
    "avg_edge_order": 1,
    "avg_edge_weight": 0.49681074300094097,
    "avg_vertex_degree": 23.1,
    "clustering_coefficient": 0.35899274973867457,
    "edge_order_std_dev": 2.4383786976110584,
    "edge_weight_std_dev": 0.7891071656951822,
    "induced_norm": 123.20906426423338,
    "max_edge_order": 10,
    "max_edge_weight": 10.061413945191067,
    "max_vertex_degree": 32,
    "min_edge_order": 5.363636363636363,
    "min_edge_weight": 0.012801952895445223,
    "n_qubits": 10,
    "total_pstrings": 248
}