{
    "avg_edge_order": 1,
    "avg_edge_weight": 28.894634738556597,
    "avg_vertex_degree": 45.333333333333336,
    "edge_order_std_dev": 3.5496478698597698,
    "edge_weight_std_dev": 78.52199747888565,
    "induced_norm": 12598.060746010691,
    "max_edge_order": 15,
    "max_edge_weight": 1631.21322390704,
    "max_vertex_degree": 64,
    "min_edge_order": 8.0,
    "min_edge_weight": 0.026906276694244724,
    "n_qubits": 15,
    "total_pstrings": 436
}