{
    "avg_edge_order": 1,
    "avg_edge_weight": 28.00784526912323,
    "avg_vertex_degree": 45.333333333333336,
    "edge_order_std_dev": 3.5496478698597698,
    "edge_weight_std_dev": 77.3720188937657,
    "induced_norm": 12211.420537337728,
    "max_edge_order": 15,
    "max_edge_weight": 1612.3134528831379,
    "max_vertex_degree": 64,
    "min_edge_order": 8.0,
    "min_edge_weight": 0.061119454145947216,
    "n_qubits": 15,
    "total_pstrings": 436
}