{
    "avg_edge_order": 1,
    "avg_edge_weight": 29.249758371783866,
    "avg_vertex_degree": 45.333333333333336,
    "edge_order_std_dev": 3.5496478698597698,
    "edge_weight_std_dev": 75.63405848552956,
    "induced_norm": 12752.894650097767,
    "max_edge_order": 15,
    "max_edge_weight": 1578.871577430974,
    "max_vertex_degree": 64,
    "min_edge_order": 8.0,
    "min_edge_weight": 0.06301237914856017,
    "n_qubits": 15,
    "total_pstrings": 436
}