{
    "avg_edge_order": 1,
    "avg_edge_weight": 34.07309726786132,
    "avg_vertex_degree": 26.0,
    "edge_order_std_dev": 2.6457513110645907,
    "edge_weight_std_dev": 95.50071223703532,
    "induced_norm": 7904.958566143828,
    "max_edge_order": 11,
    "max_edge_weight": 1061.177201105215,
    "max_vertex_degree": 36,
    "min_edge_order": 6.0,
    "min_edge_weight": 0.21697735115527284,
    "n_qubits": 11,
    "total_pstrings": 232
}