{
    "avg_edge_order": 1,
    "avg_edge_weight": 31.13448677824845,
    "avg_vertex_degree": 7.0,
    "clustering_coefficient": 0.40579755745685286,
    "edge_order_std_dev": 1.2649110640673518,
    "edge_weight_std_dev": 56.80515098897597,
    "induced_norm": 1432.1863917994287,
    "max_edge_order": 5,
    "max_edge_weight": 397.4536661980548,
    "max_vertex_degree": 9,
    "min_edge_order": 3.0,
    "min_edge_weight": 0.6302290768148922,
    "n_qubits": 5,
    "total_pstrings": 46
}