{
    "avg_edge_order": 1,
    "avg_edge_weight": 36.19972533613287,
    "avg_vertex_degree": 92.54545454545455,
    "edge_order_std_dev": 5.154740656681365,
    "edge_weight_std_dev": 90.3877872735465,
    "induced_norm": 38625.10693365377,
    "max_edge_order": 22,
    "max_edge_weight": 2720.4667016411054,
    "max_vertex_degree": 132,
    "min_edge_order": 11.446954813359529,
    "min_edge_weight": 0.017540807882765463,
    "n_qubits": 22,
    "total_pstrings": 1067
}