{
    "avg_edge_order": 1,
    "avg_edge_weight": 0.57243344443929,
    "avg_vertex_degree": 23.1,
    "clustering_coefficient": 0.27418928069300574,
    "edge_order_std_dev": 2.4383786976110584,
    "edge_weight_std_dev": 0.7848985445779441,
    "induced_norm": 178.0268012206191,
    "max_edge_order": 10,
    "max_edge_weight": 9.66893036529754,
    "max_vertex_degree": 32,
    "min_edge_order": 5.363636363636363,
    "min_edge_weight": 0.0002835726055553378,
    "n_qubits": 10,
    "total_pstrings": 311
}