{
    "avg_edge_order": 1,
    "avg_edge_weight": 29.704693869686377,
    "avg_vertex_degree": 45.333333333333336,
    "edge_order_std_dev": 3.5496478698597698,
    "edge_weight_std_dev": 80.71165079016725,
    "induced_norm": 12980.951221052943,
    "max_edge_order": 15,
    "max_edge_weight": 1675.8226336204252,
    "max_vertex_degree": 64,
    "min_edge_order": 8.0,
    "min_edge_weight": 0.11083773776042194,
    "n_qubits": 15,
    "total_pstrings": 437
}