{
    "avg_edge_order": 1,
    "avg_edge_weight": 0.5717196599461613,
    "avg_vertex_degree": 23.1,
    "clustering_coefficient": 0.27418928069300574,
    "edge_order_std_dev": 2.4383786976110584,
    "edge_weight_std_dev": 0.8003353256126655,
    "induced_norm": 177.80481424325606,
    "max_edge_order": 10,
    "max_edge_weight": 9.655139880669395,
    "max_vertex_degree": 32,
    "min_edge_order": 5.363636363636363,
    "min_edge_weight": 0.0005287484886040139,
    "n_qubits": 10,
    "total_pstrings": 311
}