{
    "avg_edge_order": 1,
    "avg_edge_weight": 28.199114315276507,
    "avg_vertex_degree": 45.333333333333336,
    "edge_order_std_dev": 3.5496478698597698,
    "edge_weight_std_dev": 75.46094673571523,
    "induced_norm": 12323.012955775836,
    "max_edge_order": 15,
    "max_edge_weight": 1575.3518862128662,
    "max_vertex_degree": 64,
    "min_edge_order": 8.0,
    "min_edge_weight": 0.21194305241460398,
    "n_qubits": 15,
    "total_pstrings": 437
}