{
    "avg_edge_order": 1,
    "avg_edge_weight": 29.452837884180163,
    "avg_vertex_degree": 45.333333333333336,
    "edge_order_std_dev": 3.5496478698597698,
    "edge_weight_std_dev": 79.33010067376172,
    "induced_norm": 12870.890155386729,
    "max_edge_order": 15,
    "max_edge_weight": 1651.8460576131806,
    "max_vertex_degree": 64,
    "min_edge_order": 8.0,
    "min_edge_weight": 0.076348714733534,
    "n_qubits": 15,
    "total_pstrings": 437
}