{
    "avg_edge_order": 1,
    "avg_edge_weight": 29.72353916780854,
    "avg_vertex_degree": 45.333333333333336,
    "edge_order_std_dev": 3.5496478698597698,
    "edge_weight_std_dev": 80.10558633477396,
    "induced_norm": 12989.186616332328,
    "max_edge_order": 15,
    "max_edge_weight": 1662.0536515238268,
    "max_vertex_degree": 64,
    "min_edge_order": 8.0,
    "min_edge_weight": 0.17778644130971344,
    "n_qubits": 15,
    "total_pstrings": 437
}