{
    "avg_edge_order": 1,
    "avg_edge_weight": 26.743984367667696,
    "avg_vertex_degree": 45.333333333333336,
    "edge_order_std_dev": 3.5496478698597698,
    "edge_weight_std_dev": 72.0435330394326,
    "induced_norm": 11687.121168670774,
    "max_edge_order": 15,
    "max_edge_weight": 1499.4730786104815,
    "max_vertex_degree": 64,
    "min_edge_order": 8.0,
    "min_edge_weight": 0.1319749739530316,
    "n_qubits": 15,
    "total_pstrings": 437
}