{
    "avg_edge_order": 1,
    "avg_edge_weight": 29.058927381781736,
    "avg_vertex_degree": 45.333333333333336,
    "edge_order_std_dev": 3.5496478698597698,
    "edge_weight_std_dev": 77.95993385555337,
    "induced_norm": 12698.751265838624,
    "max_edge_order": 15,
    "max_edge_weight": 1611.2100894685602,
    "max_vertex_degree": 64,
    "min_edge_order": 8.0,
    "min_edge_weight": 0.302025121552002,
    "n_qubits": 15,
    "total_pstrings": 437
}