{
    "avg_edge_order": 1,
    "avg_edge_weight": 28.928250790821842,
    "avg_vertex_degree": 45.333333333333336,
    "edge_order_std_dev": 3.5496478698597698,
    "edge_weight_std_dev": 77.58326078996214,
    "induced_norm": 12641.645595589152,
    "max_edge_order": 15,
    "max_edge_weight": 1620.7608939233542,
    "max_vertex_degree": 64,
    "min_edge_order": 8.0,
    "min_edge_weight": 0.055352375316597424,
    "n_qubits": 15,
    "total_pstrings": 437
}