{
    "avg_edge_order": 1,
    "avg_edge_weight": 28.813585145212052,
    "avg_vertex_degree": 45.333333333333336,
    "edge_order_std_dev": 3.5496478698597698,
    "edge_weight_std_dev": 75.13692463141705,
    "induced_norm": 12591.536708457663,
    "max_edge_order": 15,
    "max_edge_weight": 1562.4657795349988,
    "max_vertex_degree": 64,
    "min_edge_order": 8.0,
    "min_edge_weight": 0.0490320277238665,
    "n_qubits": 15,
    "total_pstrings": 437
}