{
    "avg_edge_order": 1,
    "avg_edge_weight": 0.5509145907306727,
    "avg_vertex_degree": 23.1,
    "clustering_coefficient": 0.27418928069300574,
    "edge_order_std_dev": 2.4383786976110584,
    "edge_weight_std_dev": 0.7348453172538149,
    "induced_norm": 171.3344377172393,
    "max_edge_order": 10,
    "max_edge_weight": 8.802656074334138,
    "max_vertex_degree": 32,
    "min_edge_order": 5.363636363636363,
    "min_edge_weight": 0.0016114561655584114,
    "n_qubits": 10,
    "total_pstrings": 311
}