{
    "avg_edge_order": 1,
    "avg_edge_weight": 29.19972547317804,
    "avg_vertex_degree": 45.333333333333336,
    "edge_order_std_dev": 3.5496478698597698,
    "edge_weight_std_dev": 76.3501716522712,
    "induced_norm": 12760.280031778795,
    "max_edge_order": 15,
    "max_edge_weight": 1583.6811500582864,
    "max_vertex_degree": 64,
    "min_edge_order": 8.0,
    "min_edge_weight": 0.01149294367576914,
    "n_qubits": 15,
    "total_pstrings": 437
}