{
    "avg_edge_order": 1,
    "avg_edge_weight": 35.449351104805494,
    "avg_vertex_degree": 26.0,
    "edge_order_std_dev": 2.6457513110645907,
    "edge_weight_std_dev": 111.75540957233672,
    "induced_norm": 8224.249456314876,
    "max_edge_order": 11,
    "max_edge_weight": 1386.3751700960602,
    "max_vertex_degree": 36,
    "min_edge_order": 6.0,
    "min_edge_weight": 0.03127492363522322,
    "n_qubits": 11,
    "total_pstrings": 232
}