{
    "avg_edge_order": 1,
    "avg_edge_weight": 28.695797574386024,
    "avg_vertex_degree": 108.33333333333333,
    "edge_order_std_dev": 5.572252686302013,
    "edge_weight_std_dev": 92.3554532536206,
    "induced_norm": 32397.555461481814,
    "max_edge_order": 24,
    "max_edge_weight": 3093.6940470673794,
    "max_vertex_degree": 156,
    "min_edge_order": 12.5,
    "min_edge_weight": 0.050032540813425896,
    "n_qubits": 24,
    "total_pstrings": 1129
}