{
    "avg_edge_order": 1,
    "avg_edge_weight": 28.118752424755122,
    "avg_vertex_degree": 45.333333333333336,
    "edge_order_std_dev": 3.5496478698597698,
    "edge_weight_std_dev": 76.1170920012844,
    "induced_norm": 12287.894809617985,
    "max_edge_order": 15,
    "max_edge_weight": 1589.0296719666956,
    "max_vertex_degree": 64,
    "min_edge_order": 8.0,
    "min_edge_weight": 0.0015160979275279374,
    "n_qubits": 15,
    "total_pstrings": 437
}