{
    "avg_edge_order": 1,
    "avg_edge_weight": 27.94635546185414,
    "avg_vertex_degree": 45.333333333333336,
    "edge_order_std_dev": 3.5496478698597698,
    "edge_weight_std_dev": 75.12285595407974,
    "induced_norm": 12212.55733683026,
    "max_edge_order": 15,
    "max_edge_weight": 1560.8777659764223,
    "max_vertex_degree": 64,
    "min_edge_order": 8.0,
    "min_edge_weight": 0.02619981770242319,
    "n_qubits": 15,
    "total_pstrings": 437
}