{
    "avg_edge_order": 1,
    "avg_edge_weight": 29.541728333525484,
    "avg_vertex_degree": 45.333333333333336,
    "edge_order_std_dev": 3.5496478698597698,
    "edge_weight_std_dev": 80.29104305888421,
    "induced_norm": 12909.735281750638,
    "max_edge_order": 15,
    "max_edge_weight": 1670.4293222263686,
    "max_vertex_degree": 64,
    "min_edge_order": 8.0,
    "min_edge_weight": 0.03454023280807661,
    "n_qubits": 15,
    "total_pstrings": 437
}