{
    "avg_edge_order": 1,
    "avg_edge_weight": 29.310226455806575,
    "avg_vertex_degree": 45.333333333333336,
    "edge_order_std_dev": 3.5496478698597698,
    "edge_weight_std_dev": 78.92389506052099,
    "induced_norm": 12808.56896118747,
    "max_edge_order": 15,
    "max_edge_weight": 1649.1008697844327,
    "max_vertex_degree": 64,
    "min_edge_order": 8.0,
    "min_edge_weight": 0.36433029062705913,
    "n_qubits": 15,
    "total_pstrings": 437
}