{
    "avg_edge_order": 1,
    "avg_edge_weight": 0.5723047401295936,
    "avg_vertex_degree": 23.1,
    "clustering_coefficient": 0.27418928069300574,
    "edge_order_std_dev": 2.4383786976110584,
    "edge_weight_std_dev": 0.7881064214241519,
    "induced_norm": 177.98677418030357,
    "max_edge_order": 10,
    "max_edge_weight": 8.621715530104717,
    "max_vertex_degree": 32,
    "min_edge_order": 5.363636363636363,
    "min_edge_weight": 0.0006951770687970774,
    "n_qubits": 10,
    "total_pstrings": 311
}