{
    "avg_edge_order": 1,
    "avg_edge_weight": 29.198884730506112,
    "avg_vertex_degree": 45.333333333333336,
    "edge_order_std_dev": 3.5496478698597698,
    "edge_weight_std_dev": 78.16692437539253,
    "induced_norm": 12759.912627231171,
    "max_edge_order": 15,
    "max_edge_weight": 1625.6296445808348,
    "max_vertex_degree": 64,
    "min_edge_order": 8.0,
    "min_edge_weight": 0.05974320955455248,
    "n_qubits": 15,
    "total_pstrings": 437
}