{
    "avg_edge_order": 1,
    "avg_edge_weight": 0.601746324622786,
    "avg_vertex_degree": 23.1,
    "clustering_coefficient": 0.27418928069300574,
    "edge_order_std_dev": 2.4383786976110584,
    "edge_weight_std_dev": 0.8219177123572197,
    "induced_norm": 187.1431069576864,
    "max_edge_order": 10,
    "max_edge_weight": 9.324003083117915,
    "max_vertex_degree": 32,
    "min_edge_order": 5.363636363636363,
    "min_edge_weight": 0.00019075881090341307,
    "n_qubits": 10,
    "total_pstrings": 311
}