{
    "avg_edge_order": 1,
    "avg_edge_weight": 28.686265587018287,
    "avg_vertex_degree": 45.333333333333336,
    "edge_order_std_dev": 3.5496478698597698,
    "edge_weight_std_dev": 74.9861433279143,
    "induced_norm": 12535.898061526992,
    "max_edge_order": 15,
    "max_edge_weight": 1561.1810625962205,
    "max_vertex_degree": 64,
    "min_edge_order": 8.0,
    "min_edge_weight": 0.31605227503084166,
    "n_qubits": 15,
    "total_pstrings": 437
}