{
    "avg_edge_order": 1,
    "avg_edge_weight": 28.47551636133008,
    "avg_vertex_degree": 45.333333333333336,
    "edge_order_std_dev": 3.5496478698597698,
    "edge_weight_std_dev": 75.7874754294108,
    "induced_norm": 12443.800649901234,
    "max_edge_order": 15,
    "max_edge_weight": 1575.1589861168386,
    "max_vertex_degree": 64,
    "min_edge_order": 8.0,
    "min_edge_weight": 0.1825728026104585,
    "n_qubits": 15,
    "total_pstrings": 437
}