{
    "avg_edge_order": 1,
    "avg_edge_weight": 28.70150816931526,
    "avg_vertex_degree": 45.333333333333336,
    "edge_order_std_dev": 3.5496478698597698,
    "edge_weight_std_dev": 80.96294913406878,
    "induced_norm": 12542.559069990768,
    "max_edge_order": 15,
    "max_edge_weight": 1688.1798884277805,
    "max_vertex_degree": 64,
    "min_edge_order": 8.0,
    "min_edge_weight": 0.014569378296347413,
    "n_qubits": 15,
    "total_pstrings": 437
}