{
    "avg_edge_order": 1,
    "avg_edge_weight": 28.903970451090363,
    "avg_vertex_degree": 45.333333333333336,
    "edge_order_std_dev": 3.5496478698597698,
    "edge_weight_std_dev": 74.6184414206127,
    "induced_norm": 12631.035087126485,
    "max_edge_order": 15,
    "max_edge_weight": 1553.4450753605568,
    "max_vertex_degree": 64,
    "min_edge_order": 8.0,
    "min_edge_weight": 0.20168294047483926,
    "n_qubits": 15,
    "total_pstrings": 437
}