{
    "avg_edge_order": 1,
    "avg_edge_weight": 36.649276482141836,
    "avg_vertex_degree": 26.0,
    "edge_order_std_dev": 2.6457513110645907,
    "edge_weight_std_dev": 130.85986415689038,
    "induced_norm": 8502.632143856908,
    "max_edge_order": 11,
    "max_edge_weight": 1861.4148054853367,
    "max_vertex_degree": 36,
    "min_edge_order": 6.0,
    "min_edge_weight": 0.19231669647636807,
    "n_qubits": 11,
    "total_pstrings": 232
}