{
    "avg_edge_order": 1,
    "avg_edge_weight": 26.961051638501527,
    "avg_vertex_degree": 108.33333333333333,
    "edge_order_std_dev": 5.572252686302013,
    "edge_weight_std_dev": 88.36947505935616,
    "induced_norm": 30439.027299868238,
    "max_edge_order": 24,
    "max_edge_weight": 2955.0525957133787,
    "max_vertex_degree": 156,
    "min_edge_order": 12.5,
    "min_edge_weight": 0.029565620008419558,
    "n_qubits": 24,
    "total_pstrings": 1129
}