{
    "avg_edge_order": 1,
    "avg_edge_weight": 29.871256138869438,
    "avg_vertex_degree": 15.0,
    "edge_order_std_dev": 1.9621416870348585,
    "edge_weight_std_dev": 63.61929514729082,
    "induced_norm": 3614.421992803202,
    "max_edge_order": 8,
    "max_edge_weight": 709.9892418504677,
    "max_vertex_degree": 20,
    "min_edge_order": 4.5,
    "min_edge_weight": 0.22790992411587663,
    "n_qubits": 8,
    "total_pstrings": 121
}