{
    "avg_edge_order": 1,
    "avg_edge_weight": 34.27416245826301,
    "avg_vertex_degree": 5.0,
    "clustering_coefficient": 0.4220077730200311,
    "edge_order_std_dev": 1.02469507659596,
    "edge_weight_std_dev": 57.93969323473628,
    "induced_norm": 993.9507112896273,
    "max_edge_order": 4,
    "max_edge_weight": 331.0035946320853,
    "max_vertex_degree": 6,
    "min_edge_order": 2.5,
    "min_edge_weight": 0.7235036536920204,
    "n_qubits": 4,
    "total_pstrings": 29
}