{
    "avg_edge_order": 1,
    "avg_edge_weight": 31.05023310426593,
    "avg_vertex_degree": 22.0,
    "edge_order_std_dev": 2.4186773244895647,
    "edge_weight_std_dev": 101.43414989744429,
    "induced_norm": 5930.594522914794,
    "max_edge_order": 10,
    "max_edge_weight": 1412.9284529534402,
    "max_vertex_degree": 30,
    "min_edge_order": 5.5,
    "min_edge_weight": 0.09876886987148481,
    "n_qubits": 10,
    "total_pstrings": 191
}