{
    "avg_edge_order": 1,
    "avg_edge_weight": 28.642055030387574,
    "avg_vertex_degree": 51.0,
    "edge_order_std_dev": 3.774917217635375,
    "edge_weight_std_dev": 78.20655994800353,
    "induced_norm": 14235.101350102621,
    "max_edge_order": 16,
    "max_edge_weight": 1740.6870710897556,
    "max_vertex_degree": 72,
    "min_edge_order": 8.5,
    "min_edge_weight": 0.059023806915942334,
    "n_qubits": 16,
    "total_pstrings": 497
}