{
    "avg_edge_order": 1,
    "avg_edge_weight": 28.338746202843463,
    "avg_vertex_degree": 51.0,
    "edge_order_std_dev": 3.774917217635375,
    "edge_weight_std_dev": 77.76327198673553,
    "induced_norm": 14084.356862813196,
    "max_edge_order": 16,
    "max_edge_weight": 1731.6255860867693,
    "max_vertex_degree": 72,
    "min_edge_order": 8.5,
    "min_edge_weight": 0.13304507128822252,
    "n_qubits": 16,
    "total_pstrings": 497
}