{
    "avg_edge_order": 1,
    "avg_edge_weight": 28.16021401381496,
    "avg_vertex_degree": 51.0,
    "edge_order_std_dev": 3.774917217635375,
    "edge_weight_std_dev": 76.72220949526162,
    "induced_norm": 13995.626364866046,
    "max_edge_order": 16,
    "max_edge_weight": 1707.5605185804932,
    "max_vertex_degree": 72,
    "min_edge_order": 8.5,
    "min_edge_weight": 0.010629570126708288,
    "n_qubits": 16,
    "total_pstrings": 497
}