{
    "avg_edge_order": 1,
    "avg_edge_weight": 28.462845298455022,
    "avg_vertex_degree": 51.0,
    "edge_order_std_dev": 3.774917217635375,
    "edge_weight_std_dev": 77.82653341575808,
    "induced_norm": 14146.034113332147,
    "max_edge_order": 16,
    "max_edge_weight": 1731.299042240902,
    "max_vertex_degree": 72,
    "min_edge_order": 8.5,
    "min_edge_weight": 0.05183295991945158,
    "n_qubits": 16,
    "total_pstrings": 497
}