{
    "avg_edge_order": 1,
    "avg_edge_weight": 27.290254297507293,
    "avg_vertex_degree": 51.0,
    "edge_order_std_dev": 3.774917217635375,
    "edge_weight_std_dev": 75.89017362343498,
    "induced_norm": 13563.256385861127,
    "max_edge_order": 16,
    "max_edge_weight": 1686.346086187214,
    "max_vertex_degree": 72,
    "min_edge_order": 8.5,
    "min_edge_weight": 0.03546366327537953,
    "n_qubits": 16,
    "total_pstrings": 497
}