{
    "avg_edge_order": 1,
    "avg_edge_weight": 29.817567932808707,
    "avg_vertex_degree": 51.0,
    "edge_order_std_dev": 3.774917217635375,
    "edge_weight_std_dev": 82.51532293552677,
    "induced_norm": 14819.331262605929,
    "max_edge_order": 16,
    "max_edge_weight": 1838.4634571715678,
    "max_vertex_degree": 72,
    "min_edge_order": 8.5,
    "min_edge_weight": 0.19991660417497314,
    "n_qubits": 16,
    "total_pstrings": 497
}