{
    "avg_edge_order": 1,
    "avg_edge_weight": 27.014718457849323,
    "avg_vertex_degree": 51.0,
    "edge_order_std_dev": 3.774917217635375,
    "edge_weight_std_dev": 74.8271190196365,
    "induced_norm": 13426.31507355112,
    "max_edge_order": 16,
    "max_edge_weight": 1664.2109656721616,
    "max_vertex_degree": 72,
    "min_edge_order": 8.5,
    "min_edge_weight": 0.32109868214105775,
    "n_qubits": 16,
    "total_pstrings": 497
}