{
    "avg_edge_order": 1,
    "avg_edge_weight": 35.06964253267259,
    "avg_vertex_degree": 26.0,
    "edge_order_std_dev": 2.6457513110645907,
    "edge_weight_std_dev": 109.1103867385853,
    "induced_norm": 8136.157067580039,
    "max_edge_order": 11,
    "max_edge_weight": 1228.9238911347372,
    "max_vertex_degree": 36,
    "min_edge_order": 6.0,
    "min_edge_weight": 0.3254292894163291,
    "n_qubits": 11,
    "total_pstrings": 232
}