{
    "avg_edge_order": 1,
    "avg_edge_weight": 27.65758115331531,
    "avg_vertex_degree": 108.33333333333333,
    "edge_order_std_dev": 5.572252686302013,
    "edge_weight_std_dev": 90.0851249031166,
    "induced_norm": 31253.06670324628,
    "max_edge_order": 24,
    "max_edge_weight": 3011.0758710641494,
    "max_vertex_degree": 156,
    "min_edge_order": 12.5,
    "min_edge_weight": 0.01839816745691225,
    "n_qubits": 24,
    "total_pstrings": 1130
}