{
    "avg_edge_order": 1,
    "avg_edge_weight": 28.874942006031517,
    "avg_vertex_degree": 51.0,
    "edge_order_std_dev": 3.774917217635375,
    "edge_weight_std_dev": 77.87039553910975,
    "induced_norm": 14350.846176997664,
    "max_edge_order": 16,
    "max_edge_weight": 1733.0143678870736,
    "max_vertex_degree": 72,
    "min_edge_order": 8.5,
    "min_edge_weight": 0.06490306780708721,
    "n_qubits": 16,
    "total_pstrings": 497
}