{
    "avg_edge_order": 1,
    "avg_edge_weight": 28.85834164210163,
    "avg_vertex_degree": 51.0,
    "edge_order_std_dev": 3.774917217635375,
    "edge_weight_std_dev": 79.9612693033766,
    "induced_norm": 14342.595796124513,
    "max_edge_order": 16,
    "max_edge_weight": 1780.7077562432955,
    "max_vertex_degree": 72,
    "min_edge_order": 8.5,
    "min_edge_weight": 0.22746896882979684,
    "n_qubits": 16,
    "total_pstrings": 497
}