{
    "avg_edge_order": 1,
    "avg_edge_weight": 28.50945699833923,
    "avg_vertex_degree": 51.0,
    "edge_order_std_dev": 3.774917217635375,
    "edge_weight_std_dev": 79.53318586209697,
    "induced_norm": 14169.200128174602,
    "max_edge_order": 16,
    "max_edge_weight": 1771.2604891625213,
    "max_vertex_degree": 72,
    "min_edge_order": 8.5,
    "min_edge_weight": 0.03289035507496152,
    "n_qubits": 16,
    "total_pstrings": 497
}