{
    "avg_edge_order": 1,
    "avg_edge_weight": 0.3076878892995127,
    "avg_vertex_degree": 25.90909090909091,
    "clustering_coefficient": 0.375987353986155,
    "edge_order_std_dev": 2.6337301149228964,
    "edge_weight_std_dev": 0.7336537644835287,
    "induced_norm": 71.38359031748696,
    "max_edge_order": 11,
    "max_edge_weight": 11.227524012898073,
    "max_vertex_degree": 36,
    "min_edge_order": 6.017543859649122,
    "min_edge_weight": 0.00026149151857707276,
    "n_qubits": 11,
    "total_pstrings": 232
}