{
    "avg_edge_order": 1,
    "avg_edge_weight": 28.401361582118724,
    "avg_vertex_degree": 51.0,
    "edge_order_std_dev": 3.774917217635375,
    "edge_weight_std_dev": 77.44237129450234,
    "induced_norm": 14115.476706312991,
    "max_edge_order": 16,
    "max_edge_weight": 1723.4528858510157,
    "max_vertex_degree": 72,
    "min_edge_order": 8.5,
    "min_edge_weight": 0.08817343269816824,
    "n_qubits": 16,
    "total_pstrings": 497
}