{
    "avg_edge_order": 1,
    "avg_edge_weight": 27.92210831776273,
    "avg_vertex_degree": 51.0,
    "edge_order_std_dev": 3.774917217635375,
    "edge_weight_std_dev": 79.71949269742865,
    "induced_norm": 13877.287833928076,
    "max_edge_order": 16,
    "max_edge_weight": 1771.6186855838735,
    "max_vertex_degree": 72,
    "min_edge_order": 8.5,
    "min_edge_weight": 0.002412042984882845,
    "n_qubits": 16,
    "total_pstrings": 497
}