{
    "avg_edge_order": 1,
    "avg_edge_weight": 28.90291839934985,
    "avg_vertex_degree": 51.0,
    "edge_order_std_dev": 3.774917217635375,
    "edge_weight_std_dev": 80.35335004005802,
    "induced_norm": 14364.750444476864,
    "max_edge_order": 16,
    "max_edge_weight": 1787.3436074842298,
    "max_vertex_degree": 72,
    "min_edge_order": 8.5,
    "min_edge_weight": 0.07326344259031714,
    "n_qubits": 16,
    "total_pstrings": 497
}