{
    "avg_edge_order": 1,
    "avg_edge_weight": 28.34063215804827,
    "avg_vertex_degree": 51.0,
    "edge_order_std_dev": 3.774917217635375,
    "edge_weight_std_dev": 83.26940017004762,
    "induced_norm": 14085.294182549975,
    "max_edge_order": 16,
    "max_edge_weight": 1853.0169607742978,
    "max_vertex_degree": 72,
    "min_edge_order": 8.5,
    "min_edge_weight": 0.1543507522376526,
    "n_qubits": 16,
    "total_pstrings": 497
}