{
    "avg_edge_order": 1,
    "avg_edge_weight": 0.2872607496362941,
    "avg_vertex_degree": 25.90909090909091,
    "clustering_coefficient": 0.375987353986155,
    "edge_order_std_dev": 2.6337301149228964,
    "edge_weight_std_dev": 0.674888787985612,
    "induced_norm": 66.64449391562023,
    "max_edge_order": 11,
    "max_edge_weight": 10.318270279229592,
    "max_vertex_degree": 36,
    "min_edge_order": 6.017543859649122,
    "min_edge_weight": 4.32537167771585e-06,
    "n_qubits": 11,
    "total_pstrings": 232
}