{
    "avg_edge_order": 1,
    "avg_edge_weight": 28.93242692675578,
    "avg_vertex_degree": 51.0,
    "edge_order_std_dev": 3.774917217635375,
    "edge_weight_std_dev": 80.21662556606437,
    "induced_norm": 14379.416182597619,
    "max_edge_order": 16,
    "max_edge_weight": 1789.2698442469207,
    "max_vertex_degree": 72,
    "min_edge_order": 8.5,
    "min_edge_weight": 0.18262263933834255,
    "n_qubits": 16,
    "total_pstrings": 497
}