{
    "avg_edge_order": 1,
    "avg_edge_weight": 29.36784886781171,
    "avg_vertex_degree": 51.0,
    "edge_order_std_dev": 3.774917217635375,
    "edge_weight_std_dev": 80.64117463765551,
    "induced_norm": 14595.820887302425,
    "max_edge_order": 16,
    "max_edge_weight": 1797.8856086187272,
    "max_vertex_degree": 72,
    "min_edge_order": 8.5,
    "min_edge_weight": 0.11050911304794653,
    "n_qubits": 16,
    "total_pstrings": 497
}