{
    "avg_edge_order": 1,
    "avg_edge_weight": 39.97822297299982,
    "avg_vertex_degree": 26.0,
    "edge_order_std_dev": 2.6457513110645907,
    "edge_weight_std_dev": 123.73638372978377,
    "induced_norm": 9274.947729735964,
    "max_edge_order": 11,
    "max_edge_weight": 1455.6346501200237,
    "max_vertex_degree": 36,
    "min_edge_order": 6.0,
    "min_edge_weight": 0.1262418150179272,
    "n_qubits": 11,
    "total_pstrings": 232
}