{
    "avg_edge_order": 1,
    "avg_edge_weight": 27.788651235532377,
    "avg_vertex_degree": 108.33333333333333,
    "edge_order_std_dev": 5.572252686302013,
    "edge_weight_std_dev": 91.80992552523165,
    "induced_norm": 31484.541849858197,
    "max_edge_order": 24,
    "max_edge_weight": 3072.507010200571,
    "max_vertex_degree": 156,
    "min_edge_order": 12.5,
    "min_edge_weight": 0.023593445265973623,
    "n_qubits": 24,
    "total_pstrings": 1133
}