{
    "avg_edge_order": 1,
    "avg_edge_weight": 27.65829478427011,
    "avg_vertex_degree": 51.0,
    "edge_order_std_dev": 3.774917217635375,
    "edge_weight_std_dev": 78.88947063727596,
    "induced_norm": 13746.17250778224,
    "max_edge_order": 16,
    "max_edge_weight": 1753.4199577575102,
    "max_vertex_degree": 72,
    "min_edge_order": 8.5,
    "min_edge_weight": 0.05191555709581053,
    "n_qubits": 16,
    "total_pstrings": 497
}