{
    "avg_edge_order": 1,
    "avg_edge_weight": 28.477300003437794,
    "avg_vertex_degree": 51.0,
    "edge_order_std_dev": 3.774917217635375,
    "edge_weight_std_dev": 82.95963718337346,
    "induced_norm": 14153.21810170858,
    "max_edge_order": 16,
    "max_edge_weight": 1847.7341178441561,
    "max_vertex_degree": 72,
    "min_edge_order": 8.5,
    "min_edge_weight": 0.02395699095733561,
    "n_qubits": 16,
    "total_pstrings": 497
}