{
    "avg_edge_order": 1,
    "avg_edge_weight": 28.649428230966265,
    "avg_vertex_degree": 51.0,
    "edge_order_std_dev": 3.774917217635375,
    "edge_weight_std_dev": 80.22792188413025,
    "induced_norm": 14238.765830790217,
    "max_edge_order": 16,
    "max_edge_weight": 1786.0530346297655,
    "max_vertex_degree": 72,
    "min_edge_order": 8.5,
    "min_edge_weight": 0.01302349928193891,
    "n_qubits": 16,
    "total_pstrings": 497
}