{
    "avg_edge_order": 1,
    "avg_edge_weight": 27.888724056177843,
    "avg_vertex_degree": 51.0,
    "edge_order_std_dev": 3.774917217635375,
    "edge_weight_std_dev": 78.54961699592414,
    "induced_norm": 13860.695855920389,
    "max_edge_order": 16,
    "max_edge_weight": 1745.8623841574035,
    "max_vertex_degree": 72,
    "min_edge_order": 8.5,
    "min_edge_weight": 0.05467086117852915,
    "n_qubits": 16,
    "total_pstrings": 497
}