{
    "avg_edge_order": 1,
    "avg_edge_weight": 28.178676896125587,
    "avg_vertex_degree": 51.0,
    "edge_order_std_dev": 3.774917217635375,
    "edge_weight_std_dev": 80.65686944671283,
    "induced_norm": 14004.80241737441,
    "max_edge_order": 16,
    "max_edge_weight": 1795.3147816911935,
    "max_vertex_degree": 72,
    "min_edge_order": 8.5,
    "min_edge_weight": 0.037245894495235854,
    "n_qubits": 16,
    "total_pstrings": 497
}