{
    "avg_edge_order": 1,
    "avg_edge_weight": 28.882453142690245,
    "avg_vertex_degree": 108.41666666666667,
    "edge_order_std_dev": 5.577706617652226,
    "edge_weight_std_dev": 92.82799926707324,
    "induced_norm": 32925.996582666885,
    "max_edge_order": 24,
    "max_edge_weight": 3098.338487066618,
    "max_vertex_degree": 156,
    "min_edge_order": 12.491929285165257,
    "min_edge_weight": 0.025787382863548203,
    "n_qubits": 24,
    "total_pstrings": 1140
}