{
    "avg_edge_order": 1,
    "avg_edge_weight": 27.65804777315289,
    "avg_vertex_degree": 51.0,
    "edge_order_std_dev": 3.774917217635375,
    "edge_weight_std_dev": 78.442239933332,
    "induced_norm": 13746.049743256992,
    "max_edge_order": 16,
    "max_edge_weight": 1744.5581957310335,
    "max_vertex_degree": 72,
    "min_edge_order": 8.5,
    "min_edge_weight": 0.028820068611096872,
    "n_qubits": 16,
    "total_pstrings": 497
}