{
    "avg_edge_order": 1,
    "avg_edge_weight": 28.216921504414845,
    "avg_vertex_degree": 51.0,
    "edge_order_std_dev": 3.774917217635375,
    "edge_weight_std_dev": 79.62201674095196,
    "induced_norm": 14023.80998769418,
    "max_edge_order": 16,
    "max_edge_weight": 1767.2218957595703,
    "max_vertex_degree": 72,
    "min_edge_order": 8.5,
    "min_edge_weight": 0.1030485851012628,
    "n_qubits": 16,
    "total_pstrings": 497
}