{
    "avg_edge_order": 1,
    "avg_edge_weight": 28.327128459089415,
    "avg_vertex_degree": 51.0,
    "edge_order_std_dev": 3.774917217635375,
    "edge_weight_std_dev": 78.94729888669707,
    "induced_norm": 14078.582844167428,
    "max_edge_order": 16,
    "max_edge_weight": 1754.7710892273114,
    "max_vertex_degree": 72,
    "min_edge_order": 8.5,
    "min_edge_weight": 0.059976179183060196,
    "n_qubits": 16,
    "total_pstrings": 497
}