{
    "avg_edge_order": 1,
    "avg_edge_weight": 28.95181885007546,
    "avg_vertex_degree": 51.0,
    "edge_order_std_dev": 3.774917217635375,
    "edge_weight_std_dev": 78.04575547609132,
    "induced_norm": 14389.053968487495,
    "max_edge_order": 16,
    "max_edge_weight": 1736.4330719866336,
    "max_vertex_degree": 72,
    "min_edge_order": 8.5,
    "min_edge_weight": 0.1794977385958525,
    "n_qubits": 16,
    "total_pstrings": 497
}