{
    "avg_edge_order": 1,
    "avg_edge_weight": 28.827168645595233,
    "avg_vertex_degree": 51.0,
    "edge_order_std_dev": 3.774917217635375,
    "edge_weight_std_dev": 77.48997906779454,
    "induced_norm": 14327.102816860834,
    "max_edge_order": 16,
    "max_edge_weight": 1721.1425827690043,
    "max_vertex_degree": 72,
    "min_edge_order": 8.5,
    "min_edge_weight": 0.08463327942131427,
    "n_qubits": 16,
    "total_pstrings": 497
}