{
    "avg_edge_order": 1,
    "avg_edge_weight": 28.388977369007137,
    "avg_vertex_degree": 51.0,
    "edge_order_std_dev": 3.774917217635375,
    "edge_weight_std_dev": 77.28533131655041,
    "induced_norm": 14109.321752396534,
    "max_edge_order": 16,
    "max_edge_weight": 1718.360262180916,
    "max_vertex_degree": 72,
    "min_edge_order": 8.5,
    "min_edge_weight": 0.27230639561524583,
    "n_qubits": 16,
    "total_pstrings": 497
}