{
    "avg_edge_order": 1,
    "avg_edge_weight": 28.754928020912384,
    "avg_vertex_degree": 51.0,
    "edge_order_std_dev": 3.774917217635375,
    "edge_weight_std_dev": 79.9288357809104,
    "induced_norm": 14291.19922639344,
    "max_edge_order": 16,
    "max_edge_weight": 1780.0635205549668,
    "max_vertex_degree": 72,
    "min_edge_order": 8.5,
    "min_edge_weight": 0.049516098943275244,
    "n_qubits": 16,
    "total_pstrings": 497
}