{
    "avg_edge_order": 1,
    "avg_edge_weight": 39.15035089268379,
    "avg_vertex_degree": 26.0,
    "edge_order_std_dev": 2.6457513110645907,
    "edge_weight_std_dev": 144.78548156369482,
    "induced_norm": 9082.881407102639,
    "max_edge_order": 11,
    "max_edge_weight": 1602.031618629444,
    "max_vertex_degree": 36,
    "min_edge_order": 6.0,
    "min_edge_weight": 0.2027851688964355,
    "n_qubits": 11,
    "total_pstrings": 232
}