{
    "avg_edge_order": 1,
    "avg_edge_weight": 29.519683584559957,
    "avg_vertex_degree": 108.41666666666667,
    "edge_order_std_dev": 5.577706617652226,
    "edge_weight_std_dev": 92.56626890065836,
    "induced_norm": 34095.23454016673,
    "max_edge_order": 24,
    "max_edge_weight": 3094.5397936500826,
    "max_vertex_degree": 156,
    "min_edge_order": 12.491929285165257,
    "min_edge_weight": 0.08046773458703527,
    "n_qubits": 24,
    "total_pstrings": 1155
}