{
    "avg_edge_order": 1,
    "avg_edge_weight": 29.757627156556016,
    "avg_vertex_degree": 51.0,
    "edge_order_std_dev": 3.774917217635375,
    "edge_weight_std_dev": 79.3163084821624,
    "induced_norm": 14819.298323964904,
    "max_edge_order": 16,
    "max_edge_weight": 1767.3574670785554,
    "max_vertex_degree": 72,
    "min_edge_order": 8.5,
    "min_edge_weight": 0.03427339950787811,
    "n_qubits": 16,
    "total_pstrings": 498
}