{
    "avg_edge_order": 1,
    "avg_edge_weight": 28.713539280945838,
    "avg_vertex_degree": 51.0,
    "edge_order_std_dev": 3.774917217635375,
    "edge_weight_std_dev": 76.55023556197742,
    "induced_norm": 14299.342561911035,
    "max_edge_order": 16,
    "max_edge_weight": 1697.6678953076994,
    "max_vertex_degree": 72,
    "min_edge_order": 8.5,
    "min_edge_weight": 0.0015990964480359082,
    "n_qubits": 16,
    "total_pstrings": 498
}