{
    "avg_edge_order": 1,
    "avg_edge_weight": 28.898502621223344,
    "avg_vertex_degree": 51.0,
    "edge_order_std_dev": 3.774917217635375,
    "edge_weight_std_dev": 82.00420717413694,
    "induced_norm": 14391.454305369232,
    "max_edge_order": 16,
    "max_edge_weight": 1820.305266999977,
    "max_vertex_degree": 72,
    "min_edge_order": 8.5,
    "min_edge_weight": 0.1600487371386521,
    "n_qubits": 16,
    "total_pstrings": 498
}