{
    "avg_edge_order": 1,
    "avg_edge_weight": 28.806143474382143,
    "avg_vertex_degree": 51.0,
    "edge_order_std_dev": 3.774917217635375,
    "edge_weight_std_dev": 81.08374219333615,
    "induced_norm": 14345.459450242306,
    "max_edge_order": 16,
    "max_edge_weight": 1802.16376741261,
    "max_vertex_degree": 72,
    "min_edge_order": 8.5,
    "min_edge_weight": 0.01307456361382009,
    "n_qubits": 16,
    "total_pstrings": 498
}