{
    "avg_edge_order": 1,
    "avg_edge_weight": 28.609359908139776,
    "avg_vertex_degree": 51.0,
    "edge_order_std_dev": 3.774917217635375,
    "edge_weight_std_dev": 79.02730902974949,
    "induced_norm": 14247.461234253613,
    "max_edge_order": 16,
    "max_edge_weight": 1760.19698299308,
    "max_vertex_degree": 72,
    "min_edge_order": 8.5,
    "min_edge_weight": 0.10516081250545284,
    "n_qubits": 16,
    "total_pstrings": 498
}