{
    "avg_edge_order": 1,
    "avg_edge_weight": 28.936219398546314,
    "avg_vertex_degree": 51.0,
    "edge_order_std_dev": 3.774917217635375,
    "edge_weight_std_dev": 80.28222709977864,
    "induced_norm": 14410.237260476059,
    "max_edge_order": 16,
    "max_edge_weight": 1778.0400714898399,
    "max_vertex_degree": 72,
    "min_edge_order": 8.5,
    "min_edge_weight": 0.040877820293983014,
    "n_qubits": 16,
    "total_pstrings": 498
}