{
    "avg_edge_order": 1,
    "avg_edge_weight": 31.538149507726192,
    "avg_vertex_degree": 108.83333333333333,
    "edge_order_std_dev": 5.600518427352299,
    "edge_weight_std_dev": 92.69235518318393,
    "induced_norm": 37404.245316163266,
    "max_edge_order": 24,
    "max_edge_weight": 3088.9446999870634,
    "max_vertex_degree": 156,
    "min_edge_order": 12.45405819295559,
    "min_edge_weight": 0.02210330644812908,
    "n_qubits": 24,
    "total_pstrings": 1186
}