{
    "avg_edge_order": 1,
    "avg_edge_weight": 37.58930430450399,
    "avg_vertex_degree": 26.0,
    "edge_order_std_dev": 2.6457513110645907,
    "edge_weight_std_dev": 135.69414370637688,
    "induced_norm": 8720.71859864492,
    "max_edge_order": 11,
    "max_edge_weight": 1739.795808740337,
    "max_vertex_degree": 36,
    "min_edge_order": 6.0,
    "min_edge_weight": 0.280525067421894,
    "n_qubits": 11,
    "total_pstrings": 232
}