{
    "avg_edge_order": 1,
    "avg_edge_weight": 28.160253299779196,
    "avg_vertex_degree": 51.0,
    "edge_order_std_dev": 3.774917217635375,
    "edge_weight_std_dev": 77.1513388048906,
    "induced_norm": 14023.806143290045,
    "max_edge_order": 16,
    "max_edge_weight": 1709.4135610066783,
    "max_vertex_degree": 72,
    "min_edge_order": 8.5,
    "min_edge_weight": 0.056534306427671766,
    "n_qubits": 16,
    "total_pstrings": 498
}