{
    "avg_edge_order": 1,
    "avg_edge_weight": 28.449957472223304,
    "avg_vertex_degree": 51.0,
    "edge_order_std_dev": 3.774917217635375,
    "edge_weight_std_dev": 81.26777865900407,
    "induced_norm": 14168.078821167199,
    "max_edge_order": 16,
    "max_edge_weight": 1808.0624920264672,
    "max_vertex_degree": 72,
    "min_edge_order": 8.5,
    "min_edge_weight": 0.03480489818377741,
    "n_qubits": 16,
    "total_pstrings": 498
}