{
    "avg_edge_order": 1,
    "avg_edge_weight": 0.30076572008734226,
    "avg_vertex_degree": 25.90909090909091,
    "clustering_coefficient": 0.375987353986155,
    "edge_order_std_dev": 2.6337301149228964,
    "edge_weight_std_dev": 0.6933721477565642,
    "induced_norm": 70.07841278035072,
    "max_edge_order": 11,
    "max_edge_weight": 10.561704028348096,
    "max_vertex_degree": 36,
    "min_edge_order": 6.017543859649122,
    "min_edge_weight": 0.0015177593179502291,
    "n_qubits": 11,
    "total_pstrings": 233
}