{
    "avg_edge_order": 1,
    "avg_edge_weight": 28.676405997590663,
    "avg_vertex_degree": 51.0,
    "edge_order_std_dev": 3.774917217635375,
    "edge_weight_std_dev": 78.05591575638005,
    "induced_norm": 14280.850186800162,
    "max_edge_order": 16,
    "max_edge_weight": 1737.5745250397817,
    "max_vertex_degree": 72,
    "min_edge_order": 8.5,
    "min_edge_weight": 0.13300221397095768,
    "n_qubits": 16,
    "total_pstrings": 498
}