{
    "avg_edge_order": 1,
    "avg_edge_weight": 29.477829928915355,
    "avg_vertex_degree": 51.0,
    "edge_order_std_dev": 3.774917217635375,
    "edge_weight_std_dev": 80.50386945417706,
    "induced_norm": 14679.959304599852,
    "max_edge_order": 16,
    "max_edge_weight": 1796.4138019102306,
    "max_vertex_degree": 72,
    "min_edge_order": 8.5,
    "min_edge_weight": 0.02792838893864058,
    "n_qubits": 16,
    "total_pstrings": 498
}