{
    "avg_edge_order": 1,
    "avg_edge_weight": 30.32462717505323,
    "avg_vertex_degree": 51.0,
    "edge_order_std_dev": 3.774917217635375,
    "edge_weight_std_dev": 81.14330700499211,
    "induced_norm": 15101.664333176506,
    "max_edge_order": 16,
    "max_edge_weight": 1809.3707028874876,
    "max_vertex_degree": 72,
    "min_edge_order": 8.5,
    "min_edge_weight": 0.059226904709085204,
    "n_qubits": 16,
    "total_pstrings": 498
}