{
    "avg_edge_order": 1,
    "avg_edge_weight": 30.017431034002577,
    "avg_vertex_degree": 51.0,
    "edge_order_std_dev": 3.774917217635375,
    "edge_weight_std_dev": 82.0875904412768,
    "induced_norm": 14948.680654933287,
    "max_edge_order": 16,
    "max_edge_weight": 1826.5266843242905,
    "max_vertex_degree": 72,
    "min_edge_order": 8.5,
    "min_edge_weight": 0.1218334455031993,
    "n_qubits": 16,
    "total_pstrings": 498
}