{
    "avg_edge_order": 1,
    "avg_edge_weight": 29.858884337287105,
    "avg_vertex_degree": 51.0,
    "edge_order_std_dev": 3.774917217635375,
    "edge_weight_std_dev": 86.06593775697081,
    "induced_norm": 14869.724399968978,
    "max_edge_order": 16,
    "max_edge_weight": 1917.5453825206605,
    "max_vertex_degree": 72,
    "min_edge_order": 8.5,
    "min_edge_weight": 0.00270058283676633,
    "n_qubits": 16,
    "total_pstrings": 498
}