{
    "avg_edge_order": 1,
    "avg_edge_weight": 29.216819576705007,
    "avg_vertex_degree": 51.0,
    "edge_order_std_dev": 3.774917217635375,
    "edge_weight_std_dev": 78.63550963421382,
    "induced_norm": 14549.976149199101,
    "max_edge_order": 16,
    "max_edge_weight": 1748.7282014334057,
    "max_vertex_degree": 72,
    "min_edge_order": 8.5,
    "min_edge_weight": 0.19554469134319774,
    "n_qubits": 16,
    "total_pstrings": 498
}