{
    "avg_edge_order": 1,
    "avg_edge_weight": 34.82926096444512,
    "avg_vertex_degree": 108.83333333333333,
    "edge_order_std_dev": 5.600518427352299,
    "edge_weight_std_dev": 94.25718377040654,
    "induced_norm": 43501.74694459195,
    "max_edge_order": 24,
    "max_edge_weight": 3089.201754851596,
    "max_vertex_degree": 156,
    "min_edge_order": 12.45405819295559,
    "min_edge_weight": 0.07278590424471076,
    "n_qubits": 24,
    "total_pstrings": 1249
}