{
    "avg_edge_order": 1,
    "avg_edge_weight": 37.31131326694329,
    "avg_vertex_degree": 26.0,
    "edge_order_std_dev": 2.6457513110645907,
    "edge_weight_std_dev": 135.77421626133878,
    "induced_norm": 8656.224677930846,
    "max_edge_order": 11,
    "max_edge_weight": 1627.05822586651,
    "max_vertex_degree": 36,
    "min_edge_order": 6.0,
    "min_edge_weight": 0.1944609678827689,
    "n_qubits": 11,
    "total_pstrings": 232
}