{
    "avg_edge_order": 1,
    "avg_edge_weight": 29.479859624096,
    "avg_vertex_degree": 57.0,
    "edge_order_std_dev": 4.0,
    "edge_weight_std_dev": 82.73774264837702,
    "induced_norm": 16567.681108741956,
    "max_edge_order": 17,
    "max_edge_weight": 1960.9473540832248,
    "max_vertex_degree": 81,
    "min_edge_order": 9.0,
    "min_edge_weight": 0.08122409030106326,
    "n_qubits": 17,
    "total_pstrings": 562
}