{
    "avg_edge_order": 1,
    "avg_edge_weight": 27.995632352064554,
    "avg_vertex_degree": 57.0,
    "edge_order_std_dev": 4.0,
    "edge_weight_std_dev": 79.92890000982902,
    "induced_norm": 15733.545381860275,
    "max_edge_order": 17,
    "max_edge_weight": 1889.8634552225262,
    "max_vertex_degree": 81,
    "min_edge_order": 9.0,
    "min_edge_weight": 0.010499000016418236,
    "n_qubits": 17,
    "total_pstrings": 562
}