{
    "avg_edge_order": 1,
    "avg_edge_weight": 0.2984963708409664,
    "avg_vertex_degree": 25.90909090909091,
    "clustering_coefficient": 0.37619159159346666,
    "edge_order_std_dev": 2.6337301149228964,
    "edge_weight_std_dev": 0.6830262252831981,
    "induced_norm": 70.44514351846811,
    "max_edge_order": 11,
    "max_edge_weight": 10.375344272973402,
    "max_vertex_degree": 36,
    "min_edge_order": 6.017543859649122,
    "min_edge_weight": 0.004158334285351617,
    "n_qubits": 11,
    "total_pstrings": 236
}