{
    "avg_edge_order": 1,
    "avg_edge_weight": 28.702635403150733,
    "avg_vertex_degree": 57.0,
    "edge_order_std_dev": 4.0,
    "edge_weight_std_dev": 81.12048674049707,
    "induced_norm": 16130.881096570714,
    "max_edge_order": 17,
    "max_edge_weight": 1919.3627724214155,
    "max_vertex_degree": 81,
    "min_edge_order": 9.0,
    "min_edge_weight": 0.03733635470334917,
    "n_qubits": 17,
    "total_pstrings": 562
}