{
    "avg_edge_order": 1,
    "avg_edge_weight": 0.31767225231774504,
    "avg_vertex_degree": 25.90909090909091,
    "clustering_coefficient": 0.37619159159346666,
    "edge_order_std_dev": 2.6337301149228964,
    "edge_weight_std_dev": 0.7006918812870571,
    "induced_norm": 74.97065154698784,
    "max_edge_order": 11,
    "max_edge_weight": 10.675824774427799,
    "max_vertex_degree": 36,
    "min_edge_order": 6.017543859649122,
    "min_edge_weight": 0.0005417483435851689,
    "n_qubits": 11,
    "total_pstrings": 236
}