{
    "avg_edge_order": 1,
    "avg_edge_weight": 28.65781580092006,
    "avg_vertex_degree": 57.0,
    "edge_order_std_dev": 4.0,
    "edge_weight_std_dev": 77.88978180289364,
    "induced_norm": 16105.69248011706,
    "max_edge_order": 17,
    "max_edge_weight": 1843.2348101837213,
    "max_vertex_degree": 81,
    "min_edge_order": 9.0,
    "min_edge_weight": 0.07737426844502959,
    "n_qubits": 17,
    "total_pstrings": 562
}