{
    "avg_edge_order": 1,
    "avg_edge_weight": 28.456253935225636,
    "avg_vertex_degree": 57.0,
    "edge_order_std_dev": 4.0,
    "edge_weight_std_dev": 83.43378845298615,
    "induced_norm": 15992.414711596793,
    "max_edge_order": 17,
    "max_edge_weight": 1975.8964113577308,
    "max_vertex_degree": 81,
    "min_edge_order": 9.0,
    "min_edge_weight": 0.3542911892691727,
    "n_qubits": 17,
    "total_pstrings": 562
}