{
    "avg_edge_order": 1,
    "avg_edge_weight": 0.30891454522907036,
    "avg_vertex_degree": 25.90909090909091,
    "clustering_coefficient": 0.37619159159346666,
    "edge_order_std_dev": 2.6337301149228964,
    "edge_weight_std_dev": 0.7268848569072014,
    "induced_norm": 72.90383267406061,
    "max_edge_order": 11,
    "max_edge_weight": 11.096728177703046,
    "max_vertex_degree": 36,
    "min_edge_order": 6.017543859649122,
    "min_edge_weight": 0.0023600895450576753,
    "n_qubits": 11,
    "total_pstrings": 236
}