{
    "avg_edge_order": 1,
    "avg_edge_weight": 28.822843604538587,
    "avg_vertex_degree": 57.0,
    "edge_order_std_dev": 4.0,
    "edge_weight_std_dev": 83.66054736876035,
    "induced_norm": 16198.438105750687,
    "max_edge_order": 17,
    "max_edge_weight": 1980.5403143170915,
    "max_vertex_degree": 81,
    "min_edge_order": 9.0,
    "min_edge_weight": 0.056295559764935055,
    "n_qubits": 17,
    "total_pstrings": 562
}