{
    "avg_edge_order": 1,
    "avg_edge_weight": 29.044410644639036,
    "avg_vertex_degree": 57.0,
    "edge_order_std_dev": 4.0,
    "edge_weight_std_dev": 82.07047609190118,
    "induced_norm": 16322.958782287145,
    "max_edge_order": 17,
    "max_edge_weight": 1942.0217628891019,
    "max_vertex_degree": 81,
    "min_edge_order": 9.0,
    "min_edge_weight": 0.1819950353855333,
    "n_qubits": 17,
    "total_pstrings": 562
}