{
    "avg_edge_order": 1,
    "avg_edge_weight": 29.162973603539008,
    "avg_vertex_degree": 57.0,
    "edge_order_std_dev": 4.0,
    "edge_weight_std_dev": 83.52005013096257,
    "induced_norm": 16389.591165188926,
    "max_edge_order": 17,
    "max_edge_weight": 1978.315670908177,
    "max_vertex_degree": 81,
    "min_edge_order": 9.0,
    "min_edge_weight": 0.03438588032182466,
    "n_qubits": 17,
    "total_pstrings": 562
}