{
    "avg_edge_order": 1,
    "avg_edge_weight": 35.33598811804645,
    "avg_vertex_degree": 26.0,
    "edge_order_std_dev": 2.6457513110645907,
    "edge_weight_std_dev": 122.97489227431683,
    "induced_norm": 8197.94924338678,
    "max_edge_order": 11,
    "max_edge_weight": 1373.7439274123872,
    "max_vertex_degree": 36,
    "min_edge_order": 6.0,
    "min_edge_weight": 0.012606106401001682,
    "n_qubits": 11,
    "total_pstrings": 232
}