{
    "avg_edge_order": 1,
    "avg_edge_weight": 27.674493085825212,
    "avg_vertex_degree": 126.0,
    "edge_order_std_dev": 6.020797289396148,
    "edge_weight_std_dev": 94.83894939680569,
    "induced_norm": 36724.05232489006,
    "max_edge_order": 26,
    "max_edge_weight": 3442.0682720150967,
    "max_vertex_degree": 182,
    "min_edge_order": 13.5,
    "min_edge_weight": 0.005175932739792444,
    "n_qubits": 26,
    "total_pstrings": 1327
}