{
    "avg_edge_order": 1,
    "avg_edge_weight": 36.39041362988612,
    "avg_vertex_degree": 7.0,
    "clustering_coefficient": 0.40579755745685286,
    "edge_order_std_dev": 1.2649110640673518,
    "edge_weight_std_dev": 57.665019759887706,
    "induced_norm": 1673.9590269747614,
    "max_edge_order": 5,
    "max_edge_weight": 406.97164185325505,
    "max_vertex_degree": 9,
    "min_edge_order": 3.0,
    "min_edge_weight": 0.2811581596314312,
    "n_qubits": 5,
    "total_pstrings": 46
}