{
    "avg_edge_order": 1,
    "avg_edge_weight": 28.345609744908888,
    "avg_vertex_degree": 57.0,
    "edge_order_std_dev": 4.0,
    "edge_weight_std_dev": 81.01503784684449,
    "induced_norm": 15930.232676638794,
    "max_edge_order": 17,
    "max_edge_weight": 1917.9433612471844,
    "max_vertex_degree": 81,
    "min_edge_order": 9.0,
    "min_edge_weight": 0.0035710422438057776,
    "n_qubits": 17,
    "total_pstrings": 562
}