{
    "avg_edge_order": 1,
    "avg_edge_weight": 27.977324414366684,
    "avg_vertex_degree": 57.0,
    "edge_order_std_dev": 4.0,
    "edge_weight_std_dev": 80.56108180125862,
    "induced_norm": 15723.256320874081,
    "max_edge_order": 17,
    "max_edge_weight": 1906.395435834561,
    "max_vertex_degree": 81,
    "min_edge_order": 9.0,
    "min_edge_weight": 0.02874008391282601,
    "n_qubits": 17,
    "total_pstrings": 562
}