{
    "avg_edge_order": 1,
    "avg_edge_weight": 27.92830364784029,
    "avg_vertex_degree": 57.0,
    "edge_order_std_dev": 4.0,
    "edge_weight_std_dev": 78.34797401145504,
    "induced_norm": 15695.70665008624,
    "max_edge_order": 17,
    "max_edge_weight": 1850.701959155329,
    "max_vertex_degree": 81,
    "min_edge_order": 9.0,
    "min_edge_weight": 0.11010514898982393,
    "n_qubits": 17,
    "total_pstrings": 562
}