{
    "avg_edge_order": 1,
    "avg_edge_weight": 28.168190840350505,
    "avg_vertex_degree": 57.0,
    "edge_order_std_dev": 4.0,
    "edge_weight_std_dev": 82.20705243848549,
    "induced_norm": 15830.523252276993,
    "max_edge_order": 17,
    "max_edge_weight": 1945.9565316993046,
    "max_vertex_degree": 81,
    "min_edge_order": 9.0,
    "min_edge_weight": 0.01088679368265133,
    "n_qubits": 17,
    "total_pstrings": 562
}