{
    "avg_edge_order": 1,
    "avg_edge_weight": 28.836536308895262,
    "avg_vertex_degree": 57.0,
    "edge_order_std_dev": 4.0,
    "edge_weight_std_dev": 82.91664791678443,
    "induced_norm": 16206.133405599136,
    "max_edge_order": 17,
    "max_edge_weight": 1960.8266065836037,
    "max_vertex_degree": 81,
    "min_edge_order": 9.0,
    "min_edge_weight": 0.038476955540065916,
    "n_qubits": 17,
    "total_pstrings": 562
}