{
    "avg_edge_order": 1,
    "avg_edge_weight": 28.68567185618694,
    "avg_vertex_degree": 57.0,
    "edge_order_std_dev": 4.0,
    "edge_weight_std_dev": 80.59055114925715,
    "induced_norm": 16121.347583177068,
    "max_edge_order": 17,
    "max_edge_weight": 1908.4297651819086,
    "max_vertex_degree": 81,
    "min_edge_order": 9.0,
    "min_edge_weight": 0.1834562146574399,
    "n_qubits": 17,
    "total_pstrings": 562
}