{
    "avg_edge_order": 1,
    "avg_edge_weight": 28.882436513069745,
    "avg_vertex_degree": 57.0,
    "edge_order_std_dev": 4.0,
    "edge_weight_std_dev": 80.97492497316408,
    "induced_norm": 16231.929320345196,
    "max_edge_order": 17,
    "max_edge_weight": 1914.8250866059068,
    "max_vertex_degree": 81,
    "min_edge_order": 9.0,
    "min_edge_weight": 0.0009671715498527078,
    "n_qubits": 17,
    "total_pstrings": 562
}