{
    "avg_edge_order": 1,
    "avg_edge_weight": 27.352318392363724,
    "avg_vertex_degree": 57.0,
    "edge_order_std_dev": 4.0,
    "edge_weight_std_dev": 77.63708323135168,
    "induced_norm": 15372.002936508408,
    "max_edge_order": 17,
    "max_edge_weight": 1832.4960643071008,
    "max_vertex_degree": 81,
    "min_edge_order": 9.0,
    "min_edge_weight": 0.062003721149768154,
    "n_qubits": 17,
    "total_pstrings": 562
}