{
    "avg_edge_order": 1,
    "avg_edge_weight": 27.597070131947866,
    "avg_vertex_degree": 126.0,
    "edge_order_std_dev": 6.020797289396148,
    "edge_weight_std_dev": 95.29488382795887,
    "induced_norm": 36621.31206509477,
    "max_edge_order": 26,
    "max_edge_weight": 3457.2948784719274,
    "max_vertex_degree": 182,
    "min_edge_order": 13.5,
    "min_edge_weight": 0.017149990090313594,
    "n_qubits": 26,
    "total_pstrings": 1327
}