{
    "avg_edge_order": 1,
    "avg_edge_weight": 34.95947204173973,
    "avg_vertex_degree": 7.0,
    "clustering_coefficient": 0.40579755745685286,
    "edge_order_std_dev": 1.2649110640673518,
    "edge_weight_std_dev": 50.15110638539375,
    "induced_norm": 1608.1357139200281,
    "max_edge_order": 5,
    "max_edge_weight": 356.6466477064074,
    "max_vertex_degree": 9,
    "min_edge_order": 3.0,
    "min_edge_weight": 0.7457681708940288,
    "n_qubits": 5,
    "total_pstrings": 46
}