{
    "avg_edge_order": 1,
    "avg_edge_weight": 28.153593149440514,
    "avg_vertex_degree": 57.0,
    "edge_order_std_dev": 4.0,
    "edge_weight_std_dev": 81.30856734814256,
    "induced_norm": 15822.319349985573,
    "max_edge_order": 17,
    "max_edge_weight": 1923.3675692547802,
    "max_vertex_degree": 81,
    "min_edge_order": 9.0,
    "min_edge_weight": 0.00853464550977634,
    "n_qubits": 17,
    "total_pstrings": 562
}