{
    "avg_edge_order": 1,
    "avg_edge_weight": 0.3197939943767496,
    "avg_vertex_degree": 26.09090909090909,
    "clustering_coefficient": 0.37767301281756926,
    "edge_order_std_dev": 2.6457306619518697,
    "edge_weight_std_dev": 0.68653863777232,
    "induced_norm": 77.70994063355019,
    "max_edge_order": 11,
    "max_edge_weight": 10.171969729614094,
    "max_vertex_degree": 36,
    "min_edge_order": 5.989547038327526,
    "min_edge_weight": 0.002140017421489282,
    "n_qubits": 11,
    "total_pstrings": 243
}