{
    "avg_edge_order": 1,
    "avg_edge_weight": 29.504022527770495,
    "avg_vertex_degree": 57.0,
    "edge_order_std_dev": 4.0,
    "edge_weight_std_dev": 82.60931247574126,
    "induced_norm": 16581.260660607033,
    "max_edge_order": 17,
    "max_edge_weight": 1956.639101426526,
    "max_vertex_degree": 81,
    "min_edge_order": 9.0,
    "min_edge_weight": 0.12431939731856545,
    "n_qubits": 17,
    "total_pstrings": 562
}