{
    "avg_edge_order": 1,
    "avg_edge_weight": 0.34295754226934033,
    "avg_vertex_degree": 26.09090909090909,
    "clustering_coefficient": 0.37767301281756926,
    "edge_order_std_dev": 2.6457306619518697,
    "edge_weight_std_dev": 0.7360902890897488,
    "induced_norm": 83.33868277144965,
    "max_edge_order": 11,
    "max_edge_weight": 11.128534236576389,
    "max_vertex_degree": 36,
    "min_edge_order": 5.989547038327526,
    "min_edge_weight": 0.006044990244515547,
    "n_qubits": 11,
    "total_pstrings": 243
}