{
    "avg_edge_order": 1,
    "avg_edge_weight": 27.89638498453439,
    "avg_vertex_degree": 57.0,
    "edge_order_std_dev": 4.0,
    "edge_weight_std_dev": 81.19745384739278,
    "induced_norm": 15677.768361308325,
    "max_edge_order": 17,
    "max_edge_weight": 1918.6455965034245,
    "max_vertex_degree": 81,
    "min_edge_order": 9.0,
    "min_edge_weight": 0.011726216232172959,
    "n_qubits": 17,
    "total_pstrings": 562
}