{
    "avg_edge_order": 1,
    "avg_edge_weight": 0.3149304315541717,
    "avg_vertex_degree": 26.09090909090909,
    "clustering_coefficient": 0.37767301281756926,
    "edge_order_std_dev": 2.6457306619518697,
    "edge_weight_std_dev": 0.7129569955972259,
    "induced_norm": 76.52809486766373,
    "max_edge_order": 11,
    "max_edge_weight": 10.815265754359087,
    "max_vertex_degree": 36,
    "min_edge_order": 5.989547038327526,
    "min_edge_weight": 0.0008581116828610957,
    "n_qubits": 11,
    "total_pstrings": 243
}