{
    "avg_edge_order": 1,
    "avg_edge_weight": 28.598418414915233,
    "avg_vertex_degree": 57.0,
    "edge_order_std_dev": 4.0,
    "edge_weight_std_dev": 82.51980634772926,
    "induced_norm": 16072.311149182357,
    "max_edge_order": 17,
    "max_edge_weight": 1953.1654575306918,
    "max_vertex_degree": 81,
    "min_edge_order": 9.0,
    "min_edge_weight": 0.10319151328103685,
    "n_qubits": 17,
    "total_pstrings": 562
}