{
    "avg_edge_order": 1,
    "avg_edge_weight": 29.020223283853852,
    "avg_vertex_degree": 57.0,
    "edge_order_std_dev": 4.0,
    "edge_weight_std_dev": 80.49841180143352,
    "induced_norm": 16309.365485525876,
    "max_edge_order": 17,
    "max_edge_weight": 1901.11401657248,
    "max_vertex_degree": 81,
    "min_edge_order": 9.0,
    "min_edge_weight": 0.23399119476021912,
    "n_qubits": 17,
    "total_pstrings": 562
}