{
    "avg_edge_order": 1,
    "avg_edge_weight": 28.473541550466813,
    "avg_vertex_degree": 57.0,
    "edge_order_std_dev": 4.0,
    "edge_weight_std_dev": 80.01986844391418,
    "induced_norm": 16002.130351362348,
    "max_edge_order": 17,
    "max_edge_weight": 1891.087857154532,
    "max_vertex_degree": 81,
    "min_edge_order": 9.0,
    "min_edge_weight": 0.09223429850207521,
    "n_qubits": 17,
    "total_pstrings": 562
}