{
    "avg_edge_order": 1,
    "avg_edge_weight": 27.843306757878924,
    "avg_vertex_degree": 57.0,
    "edge_order_std_dev": 4.0,
    "edge_weight_std_dev": 81.51111467677569,
    "induced_norm": 15647.938397927965,
    "max_edge_order": 17,
    "max_edge_weight": 1928.0566862671722,
    "max_vertex_degree": 81,
    "min_edge_order": 9.0,
    "min_edge_weight": 0.09155546888838018,
    "n_qubits": 17,
    "total_pstrings": 562
}