{
    "avg_edge_order": 1,
    "avg_edge_weight": 26.902401200752664,
    "avg_vertex_degree": 126.0,
    "edge_order_std_dev": 6.020797289396148,
    "edge_weight_std_dev": 93.51140347986099,
    "induced_norm": 35726.38879459955,
    "max_edge_order": 26,
    "max_edge_weight": 3386.287503989197,
    "max_vertex_degree": 182,
    "min_edge_order": 13.5,
    "min_edge_weight": 0.10539751179071999,
    "n_qubits": 26,
    "total_pstrings": 1328
}