{
    "avg_edge_order": 1,
    "avg_edge_weight": 36.68587200134758,
    "avg_vertex_degree": 26.0,
    "edge_order_std_dev": 2.6457513110645907,
    "edge_weight_std_dev": 119.72481825875576,
    "induced_norm": 8511.122304312634,
    "max_edge_order": 11,
    "max_edge_weight": 1352.5139598714743,
    "max_vertex_degree": 36,
    "min_edge_order": 6.0,
    "min_edge_weight": 0.04014410716863259,
    "n_qubits": 11,
    "total_pstrings": 232
}