{
    "avg_edge_order": 1,
    "avg_edge_weight": 27.524235891608868,
    "avg_vertex_degree": 57.0,
    "edge_order_std_dev": 4.0,
    "edge_weight_std_dev": 78.51483243674708,
    "induced_norm": 15468.620571084191,
    "max_edge_order": 17,
    "max_edge_weight": 1854.871918967002,
    "max_vertex_degree": 81,
    "min_edge_order": 9.0,
    "min_edge_weight": 0.07008980279999832,
    "n_qubits": 17,
    "total_pstrings": 562
}