{
    "avg_edge_order": 1,
    "avg_edge_weight": 0.3169969307603845,
    "avg_vertex_degree": 26.09090909090909,
    "clustering_coefficient": 0.37767301281756926,
    "edge_order_std_dev": 2.6457306619518697,
    "edge_weight_std_dev": 0.7089289854538184,
    "induced_norm": 77.03025417477342,
    "max_edge_order": 11,
    "max_edge_weight": 10.612081249958985,
    "max_vertex_degree": 36,
    "min_edge_order": 5.989547038327526,
    "min_edge_weight": 0.0017085321845354828,
    "n_qubits": 11,
    "total_pstrings": 243
}