{
    "avg_edge_order": 1,
    "avg_edge_weight": 27.289225003358744,
    "avg_vertex_degree": 57.0,
    "edge_order_std_dev": 4.0,
    "edge_weight_std_dev": 78.99659934913376,
    "induced_norm": 15336.544451887623,
    "max_edge_order": 17,
    "max_edge_weight": 1865.0371022339584,
    "max_vertex_degree": 81,
    "min_edge_order": 9.0,
    "min_edge_weight": 0.021930765786663642,
    "n_qubits": 17,
    "total_pstrings": 562
}