{
    "avg_edge_order": 1,
    "avg_edge_weight": 28.794273303493295,
    "avg_vertex_degree": 57.0,
    "edge_order_std_dev": 4.0,
    "edge_weight_std_dev": 83.55722508348742,
    "induced_norm": 16182.381596563226,
    "max_edge_order": 17,
    "max_edge_weight": 1976.9815063492154,
    "max_vertex_degree": 81,
    "min_edge_order": 9.0,
    "min_edge_weight": 0.07691088648811473,
    "n_qubits": 17,
    "total_pstrings": 562
}