{
    "avg_edge_order": 1,
    "avg_edge_weight": 27.296926101277503,
    "avg_vertex_degree": 57.0,
    "edge_order_std_dev": 4.0,
    "edge_weight_std_dev": 79.7353023680787,
    "induced_norm": 15340.872468917956,
    "max_edge_order": 17,
    "max_edge_weight": 1881.8548610228638,
    "max_vertex_degree": 81,
    "min_edge_order": 9.0,
    "min_edge_weight": 0.02821235841664027,
    "n_qubits": 17,
    "total_pstrings": 562
}