{
    "avg_edge_order": 1,
    "avg_edge_weight": 28.335217371523665,
    "avg_vertex_degree": 57.0,
    "edge_order_std_dev": 4.0,
    "edge_weight_std_dev": 80.40622800671413,
    "induced_norm": 15924.392162796295,
    "max_edge_order": 17,
    "max_edge_weight": 1901.2001899044167,
    "max_vertex_degree": 81,
    "min_edge_order": 9.0,
    "min_edge_weight": 0.03590924958302155,
    "n_qubits": 17,
    "total_pstrings": 562
}