{
    "avg_edge_order": 1,
    "avg_edge_weight": 29.790505815261977,
    "avg_vertex_degree": 57.0,
    "edge_order_std_dev": 4.0,
    "edge_weight_std_dev": 80.45985311012694,
    "induced_norm": 16742.26426817722,
    "max_edge_order": 17,
    "max_edge_weight": 1900.2387587550506,
    "max_vertex_degree": 81,
    "min_edge_order": 9.0,
    "min_edge_weight": 0.09732410659836432,
    "n_qubits": 17,
    "total_pstrings": 562
}