{
    "avg_edge_order": 1,
    "avg_edge_weight": 27.94076265479502,
    "avg_vertex_degree": 57.0,
    "edge_order_std_dev": 4.0,
    "edge_weight_std_dev": 81.87294252807658,
    "induced_norm": 15702.7086119948,
    "max_edge_order": 17,
    "max_edge_weight": 1935.849063129855,
    "max_vertex_degree": 81,
    "min_edge_order": 9.0,
    "min_edge_weight": 0.17111459410589092,
    "n_qubits": 17,
    "total_pstrings": 562
}