{
    "avg_edge_order": 1,
    "avg_edge_weight": 27.1647414227316,
    "avg_vertex_degree": 126.0,
    "edge_order_std_dev": 6.020797289396148,
    "edge_weight_std_dev": 93.44178759276033,
    "induced_norm": 36156.270833655704,
    "max_edge_order": 26,
    "max_edge_weight": 3384.4609872989213,
    "max_vertex_degree": 182,
    "min_edge_order": 13.5,
    "min_edge_weight": 0.009368934857317157,
    "n_qubits": 26,
    "total_pstrings": 1331
}