{
    "avg_edge_order": 1,
    "avg_edge_weight": 36.71312322523121,
    "avg_vertex_degree": 26.0,
    "edge_order_std_dev": 2.6457513110645907,
    "edge_weight_std_dev": 116.7613647839439,
    "induced_norm": 8517.44458825364,
    "max_edge_order": 11,
    "max_edge_weight": 1610.096356808585,
    "max_vertex_degree": 36,
    "min_edge_order": 6.0,
    "min_edge_weight": 0.21458134256679529,
    "n_qubits": 11,
    "total_pstrings": 232
}