{
    "avg_edge_order": 1,
    "avg_edge_weight": 28.19139739543068,
    "avg_vertex_degree": 15.0,
    "edge_order_std_dev": 1.9621416870348585,
    "edge_weight_std_dev": 57.47238856142958,
    "induced_norm": 3411.1590848471137,
    "max_edge_order": 8,
    "max_edge_weight": 630.4682465787757,
    "max_vertex_degree": 20,
    "min_edge_order": 4.5,
    "min_edge_weight": 0.28017790042211743,
    "n_qubits": 8,
    "total_pstrings": 121
}