{
    "avg_edge_order": 1,
    "avg_edge_weight": 32.73889942914772,
    "avg_vertex_degree": 5.0,
    "clustering_coefficient": 0.4220077730200311,
    "edge_order_std_dev": 1.02469507659596,
    "edge_weight_std_dev": 51.139311149681475,
    "induced_norm": 949.4280834452838,
    "max_edge_order": 4,
    "max_edge_weight": 293.68490411826747,
    "max_vertex_degree": 6,
    "min_edge_order": 2.5,
    "min_edge_weight": 1.1382600741880395,
    "n_qubits": 4,
    "total_pstrings": 29
}