{
    "avg_edge_order": 1,
    "avg_edge_weight": 33.589968256963125,
    "avg_vertex_degree": 22.0,
    "edge_order_std_dev": 2.4186773244895647,
    "edge_weight_std_dev": 110.81489548810923,
    "induced_norm": 6415.683937079953,
    "max_edge_order": 10,
    "max_edge_weight": 1491.7342667543262,
    "max_vertex_degree": 30,
    "min_edge_order": 5.5,
    "min_edge_weight": 0.02733805725128491,
    "n_qubits": 10,
    "total_pstrings": 191
}