{
    "avg_edge_order": 1,
    "avg_edge_weight": 28.261532357693707,
    "avg_vertex_degree": 57.0,
    "edge_order_std_dev": 4.0,
    "edge_weight_std_dev": 79.85169465857307,
    "induced_norm": 15911.242717381556,
    "max_edge_order": 17,
    "max_edge_weight": 1884.5786390275252,
    "max_vertex_degree": 81,
    "min_edge_order": 9.0,
    "min_edge_weight": 0.1031639569210796,
    "n_qubits": 17,
    "total_pstrings": 563
}