{
    "avg_edge_order": 1,
    "avg_edge_weight": 0.39701679366684106,
    "avg_vertex_degree": 26.09090909090909,
    "clustering_coefficient": 0.38066306858685794,
    "edge_order_std_dev": 2.6457306619518697,
    "edge_weight_std_dev": 0.7459724314557965,
    "induced_norm": 102.43033276604497,
    "max_edge_order": 11,
    "max_edge_weight": 10.525438052548163,
    "max_vertex_degree": 36,
    "min_edge_order": 5.989547038327526,
    "min_edge_weight": 0.00042438091835267366,
    "n_qubits": 11,
    "total_pstrings": 258
}