{
    "avg_edge_order": 1,
    "avg_edge_weight": 27.90689852199754,
    "avg_vertex_degree": 57.0,
    "edge_order_std_dev": 4.0,
    "edge_weight_std_dev": 80.09894446942742,
    "induced_norm": 15711.583867884614,
    "max_edge_order": 17,
    "max_edge_weight": 1889.6642701331089,
    "max_vertex_degree": 81,
    "min_edge_order": 9.0,
    "min_edge_weight": 0.007767666591661282,
    "n_qubits": 17,
    "total_pstrings": 563
}