{
    "avg_edge_order": 1,
    "avg_edge_weight": 29.3008427661658,
    "avg_vertex_degree": 57.0,
    "edge_order_std_dev": 4.0,
    "edge_weight_std_dev": 78.76472061162534,
    "induced_norm": 16496.374477351354,
    "max_edge_order": 17,
    "max_edge_weight": 1864.8966653214168,
    "max_vertex_degree": 81,
    "min_edge_order": 9.0,
    "min_edge_weight": 0.10698440194177339,
    "n_qubits": 17,
    "total_pstrings": 563
}