{
    "avg_edge_order": 1,
    "avg_edge_weight": 28.645383106290687,
    "avg_vertex_degree": 57.0,
    "edge_order_std_dev": 4.0,
    "edge_weight_std_dev": 79.11070923550825,
    "induced_norm": 16127.350688841665,
    "max_edge_order": 17,
    "max_edge_weight": 1867.840954781971,
    "max_vertex_degree": 81,
    "min_edge_order": 9.0,
    "min_edge_weight": 0.21560333229579953,
    "n_qubits": 17,
    "total_pstrings": 563
}