{
    "avg_edge_order": 1,
    "avg_edge_weight": 27.928566142564115,
    "avg_vertex_degree": 57.0,
    "edge_order_std_dev": 4.0,
    "edge_weight_std_dev": 79.40563336632339,
    "induced_norm": 15723.782738263593,
    "max_edge_order": 17,
    "max_edge_weight": 1870.9486619033767,
    "max_vertex_degree": 81,
    "min_edge_order": 9.0,
    "min_edge_weight": 0.11689129202919801,
    "n_qubits": 17,
    "total_pstrings": 563
}