{
    "avg_edge_order": 1,
    "avg_edge_weight": 29.353826172857367,
    "avg_vertex_degree": 57.0,
    "edge_order_std_dev": 4.0,
    "edge_weight_std_dev": 82.95866486350242,
    "induced_norm": 16526.204135318698,
    "max_edge_order": 17,
    "max_edge_weight": 1956.1752454070865,
    "max_vertex_degree": 81,
    "min_edge_order": 9.0,
    "min_edge_weight": 0.04045676334143877,
    "n_qubits": 17,
    "total_pstrings": 563
}