{
    "avg_edge_order": 1,
    "avg_edge_weight": 0.35872828885546365,
    "avg_vertex_degree": 26.09090909090909,
    "clustering_coefficient": 0.38066306858685794,
    "edge_order_std_dev": 2.6457306619518697,
    "edge_weight_std_dev": 0.6960418408151564,
    "induced_norm": 92.55189852470967,
    "max_edge_order": 11,
    "max_edge_weight": 10.163106382548563,
    "max_vertex_degree": 36,
    "min_edge_order": 5.989547038327526,
    "min_edge_weight": 0.0015742472603716973,
    "n_qubits": 11,
    "total_pstrings": 258
}