{
    "avg_edge_order": 1,
    "avg_edge_weight": 28.51243877446581,
    "avg_vertex_degree": 57.0,
    "edge_order_std_dev": 4.0,
    "edge_weight_std_dev": 80.19237018822955,
    "induced_norm": 16052.503030024258,
    "max_edge_order": 17,
    "max_edge_weight": 1895.5339893602718,
    "max_vertex_degree": 81,
    "min_edge_order": 9.0,
    "min_edge_weight": 0.10650603487494248,
    "n_qubits": 17,
    "total_pstrings": 563
}