{
    "avg_edge_order": 1,
    "avg_edge_weight": 28.271202621726857,
    "avg_vertex_degree": 57.0,
    "edge_order_std_dev": 4.0,
    "edge_weight_std_dev": 80.2597567176218,
    "induced_norm": 15916.687076032216,
    "max_edge_order": 17,
    "max_edge_weight": 1892.1091325865727,
    "max_vertex_degree": 81,
    "min_edge_order": 9.0,
    "min_edge_weight": 0.15378344302682834,
    "n_qubits": 17,
    "total_pstrings": 563
}