{
    "avg_edge_order": 1,
    "avg_edge_weight": 30.435137225889815,
    "avg_vertex_degree": 30.333333333333332,
    "edge_order_std_dev": 2.8722813232690143,
    "edge_weight_std_dev": 71.58516502288253,
    "induced_norm": 8430.533011571479,
    "max_edge_order": 12,
    "max_edge_weight": 1174.3369282103101,
    "max_vertex_degree": 42,
    "min_edge_order": 6.5,
    "min_edge_weight": 0.1459754035511019,
    "n_qubits": 12,
    "total_pstrings": 277
}