{
    "avg_edge_order": 1,
    "avg_edge_weight": 28.82259704517054,
    "avg_vertex_degree": 126.07692307692308,
    "edge_order_std_dev": 6.025655405786423,
    "edge_weight_std_dev": 94.91177798273965,
    "induced_norm": 38564.634846438166,
    "max_edge_order": 26,
    "max_edge_weight": 3440.8574558121513,
    "max_vertex_degree": 182,
    "min_edge_order": 13.492983526540574,
    "min_edge_weight": 0.05283720211474474,
    "n_qubits": 26,
    "total_pstrings": 1338
}