{
    "avg_edge_order": 1,
    "avg_edge_weight": 34.14075002309164,
    "avg_vertex_degree": 9.333333333333334,
    "clustering_coefficient": 0.35792998500100826,
    "edge_order_std_dev": 1.5,
    "edge_weight_std_dev": 58.21872922543854,
    "induced_norm": 2287.43025154714,
    "max_edge_order": 6,
    "max_edge_weight": 493.1839534598931,
    "max_vertex_degree": 12,
    "min_edge_order": 3.5,
    "min_edge_weight": 0.6580872436320213,
    "n_qubits": 6,
    "total_pstrings": 67
}