{
    "avg_edge_order": 1,
    "avg_edge_weight": 28.774484666997825,
    "avg_vertex_degree": 57.0,
    "edge_order_std_dev": 4.0,
    "edge_weight_std_dev": 79.55548132283644,
    "induced_norm": 16200.034867519775,
    "max_edge_order": 17,
    "max_edge_weight": 1885.443412967013,
    "max_vertex_degree": 81,
    "min_edge_order": 9.0,
    "min_edge_weight": 0.09969225522820668,
    "n_qubits": 17,
    "total_pstrings": 563
}