{
    "avg_edge_order": 1,
    "avg_edge_weight": 0.3743473599142986,
    "avg_vertex_degree": 26.09090909090909,
    "clustering_coefficient": 0.38066306858685794,
    "edge_order_std_dev": 2.6457306619518697,
    "edge_weight_std_dev": 0.6923885129786138,
    "induced_norm": 96.58161885788903,
    "max_edge_order": 11,
    "max_edge_weight": 10.028609886874872,
    "max_vertex_degree": 36,
    "min_edge_order": 5.989547038327526,
    "min_edge_weight": 0.0036804200689647404,
    "n_qubits": 11,
    "total_pstrings": 258
}