{
    "avg_edge_order": 1,
    "avg_edge_weight": 28.37387712209856,
    "avg_vertex_degree": 57.0,
    "edge_order_std_dev": 4.0,
    "edge_weight_std_dev": 80.54896980189639,
    "induced_norm": 15974.492819741497,
    "max_edge_order": 17,
    "max_edge_weight": 1899.6963285653028,
    "max_vertex_degree": 81,
    "min_edge_order": 9.0,
    "min_edge_weight": 0.06188277171522216,
    "n_qubits": 17,
    "total_pstrings": 563
}