{
    "avg_edge_order": 1,
    "avg_edge_weight": 28.07858665206774,
    "avg_vertex_degree": 57.0,
    "edge_order_std_dev": 4.0,
    "edge_weight_std_dev": 79.18916893794567,
    "induced_norm": 15808.24428511414,
    "max_edge_order": 17,
    "max_edge_weight": 1871.945567925633,
    "max_vertex_degree": 81,
    "min_edge_order": 9.0,
    "min_edge_weight": 0.21467678591878814,
    "n_qubits": 17,
    "total_pstrings": 563
}