{
    "avg_edge_order": 1,
    "avg_edge_weight": 28.370446716894826,
    "avg_vertex_degree": 57.0,
    "edge_order_std_dev": 4.0,
    "edge_weight_std_dev": 79.97997295962554,
    "induced_norm": 15972.561501611786,
    "max_edge_order": 17,
    "max_edge_weight": 1892.5980318544596,
    "max_vertex_degree": 81,
    "min_edge_order": 9.0,
    "min_edge_weight": 0.0025357722876595545,
    "n_qubits": 17,
    "total_pstrings": 563
}