{
    "avg_edge_order": 1,
    "avg_edge_weight": 28.344056132640848,
    "avg_vertex_degree": 57.0,
    "edge_order_std_dev": 4.0,
    "edge_weight_std_dev": 80.33501981291425,
    "induced_norm": 15957.703602676791,
    "max_edge_order": 17,
    "max_edge_weight": 1900.2720875082682,
    "max_vertex_degree": 81,
    "min_edge_order": 9.0,
    "min_edge_weight": 0.03643258527997184,
    "n_qubits": 17,
    "total_pstrings": 563
}