{
    "avg_edge_order": 1,
    "avg_edge_weight": 0.3429400189015623,
    "avg_vertex_degree": 26.09090909090909,
    "clustering_coefficient": 0.38066306858685794,
    "edge_order_std_dev": 2.6457306619518697,
    "edge_weight_std_dev": 0.6906976705267373,
    "induced_norm": 88.47852487660306,
    "max_edge_order": 11,
    "max_edge_weight": 10.103526965006983,
    "max_vertex_degree": 36,
    "min_edge_order": 5.989547038327526,
    "min_edge_weight": 0.00383784537179388,
    "n_qubits": 11,
    "total_pstrings": 258
}