{
    "avg_edge_order": 1,
    "avg_edge_weight": 28.438069552666697,
    "avg_vertex_degree": 57.0,
    "edge_order_std_dev": 4.0,
    "edge_weight_std_dev": 77.00207248202132,
    "induced_norm": 16010.63315815134,
    "max_edge_order": 17,
    "max_edge_weight": 1819.9575800855146,
    "max_vertex_degree": 81,
    "min_edge_order": 9.0,
    "min_edge_weight": 0.06615692301658038,
    "n_qubits": 17,
    "total_pstrings": 563
}