{
    "avg_edge_order": 1,
    "avg_edge_weight": 28.68184315294749,
    "avg_vertex_degree": 57.0,
    "edge_order_std_dev": 4.0,
    "edge_weight_std_dev": 80.72149806283949,
    "induced_norm": 16147.87769510944,
    "max_edge_order": 17,
    "max_edge_weight": 1906.8327214890658,
    "max_vertex_degree": 81,
    "min_edge_order": 9.0,
    "min_edge_weight": 0.05367160834893747,
    "n_qubits": 17,
    "total_pstrings": 563
}