{
    "avg_edge_order": 1,
    "avg_edge_weight": 27.996942472853224,
    "avg_vertex_degree": 57.0,
    "edge_order_std_dev": 4.0,
    "edge_weight_std_dev": 79.73939901433806,
    "induced_norm": 15762.27861221636,
    "max_edge_order": 17,
    "max_edge_weight": 1880.4426682919682,
    "max_vertex_degree": 81,
    "min_edge_order": 9.0,
    "min_edge_weight": 0.09586740737115917,
    "n_qubits": 17,
    "total_pstrings": 563
}