{
    "avg_edge_order": 1,
    "avg_edge_weight": 27.899104172804517,
    "avg_vertex_degree": 57.0,
    "edge_order_std_dev": 4.0,
    "edge_weight_std_dev": 79.96472573327877,
    "induced_norm": 15707.195649288933,
    "max_edge_order": 17,
    "max_edge_weight": 1885.3523492692825,
    "max_vertex_degree": 81,
    "min_edge_order": 9.0,
    "min_edge_weight": 0.18419179812106368,
    "n_qubits": 17,
    "total_pstrings": 563
}