{
    "avg_edge_order": 1,
    "avg_edge_weight": 29.161284708302308,
    "avg_vertex_degree": 63.333333333333336,
    "edge_order_std_dev": 4.224926034855522,
    "edge_weight_std_dev": 82.32467276616997,
    "induced_norm": 18400.770650938743,
    "max_edge_order": 18,
    "max_edge_weight": 2063.4489660932154,
    "max_vertex_degree": 90,
    "min_edge_order": 9.5,
    "min_edge_weight": 0.02085231294974932,
    "n_qubits": 18,
    "total_pstrings": 631
}