{
    "avg_edge_order": 1,
    "avg_edge_weight": 0.4544125737053612,
    "avg_vertex_degree": 27.0,
    "clustering_coefficient": 0.3714919876552784,
    "edge_order_std_dev": 2.673218323170642,
    "edge_weight_std_dev": 0.7821992658329664,
    "induced_norm": 131.32523380084928,
    "max_edge_order": 11,
    "max_edge_weight": 10.525210918148689,
    "max_vertex_degree": 36,
    "min_edge_order": 5.875420875420875,
    "min_edge_weight": 0.007141367945078192,
    "n_qubits": 11,
    "total_pstrings": 289
}