{
    "avg_edge_order": 1,
    "avg_edge_weight": 0.44801886456016426,
    "avg_vertex_degree": 27.0,
    "clustering_coefficient": 0.3714919876552784,
    "edge_order_std_dev": 2.673218323170642,
    "edge_weight_std_dev": 0.7626437536997793,
    "induced_norm": 129.4774518578875,
    "max_edge_order": 11,
    "max_edge_weight": 10.480641738810872,
    "max_vertex_degree": 36,
    "min_edge_order": 5.875420875420875,
    "min_edge_weight": 0.00020425376793503647,
    "n_qubits": 11,
    "total_pstrings": 289
}