{
    "avg_edge_order": 1,
    "avg_edge_weight": 28.120292346405765,
    "avg_vertex_degree": 63.333333333333336,
    "edge_order_std_dev": 4.224926034855522,
    "edge_weight_std_dev": 82.57382283005208,
    "induced_norm": 17743.90447058205,
    "max_edge_order": 18,
    "max_edge_weight": 2068.7296210234817,
    "max_vertex_degree": 90,
    "min_edge_order": 9.5,
    "min_edge_weight": 0.09468360345000759,
    "n_qubits": 18,
    "total_pstrings": 631
}