{
    "avg_edge_order": 1,
    "avg_edge_weight": 28.787918198041307,
    "avg_vertex_degree": 63.333333333333336,
    "edge_order_std_dev": 4.224926034855522,
    "edge_weight_std_dev": 83.25412943876243,
    "induced_norm": 18165.17638296406,
    "max_edge_order": 18,
    "max_edge_weight": 2087.0477634779886,
    "max_vertex_degree": 90,
    "min_edge_order": 9.5,
    "min_edge_weight": 0.17697364972771368,
    "n_qubits": 18,
    "total_pstrings": 631
}