{
    "avg_edge_order": 1,
    "avg_edge_weight": 28.26908727171971,
    "avg_vertex_degree": 63.333333333333336,
    "edge_order_std_dev": 4.224926034855522,
    "edge_weight_std_dev": 82.66715810075168,
    "induced_norm": 17837.79406845512,
    "max_edge_order": 18,
    "max_edge_weight": 2070.512128200745,
    "max_vertex_degree": 90,
    "min_edge_order": 9.5,
    "min_edge_weight": 0.003823711411527597,
    "n_qubits": 18,
    "total_pstrings": 631
}