{
    "avg_edge_order": 1,
    "avg_edge_weight": 29.17444114523667,
    "avg_vertex_degree": 63.333333333333336,
    "edge_order_std_dev": 4.224926034855522,
    "edge_weight_std_dev": 84.86881441344734,
    "induced_norm": 18409.07236264433,
    "max_edge_order": 18,
    "max_edge_weight": 2127.62681022886,
    "max_vertex_degree": 90,
    "min_edge_order": 9.5,
    "min_edge_weight": 0.09996155669614915,
    "n_qubits": 18,
    "total_pstrings": 631
}