{
    "avg_edge_order": 1,
    "avg_edge_weight": 29.01362890821454,
    "avg_vertex_degree": 63.333333333333336,
    "edge_order_std_dev": 4.224926034855522,
    "edge_weight_std_dev": 83.35502956002726,
    "induced_norm": 18307.599841083374,
    "max_edge_order": 18,
    "max_edge_weight": 2089.2756206491727,
    "max_vertex_degree": 90,
    "min_edge_order": 9.5,
    "min_edge_weight": 0.01998785582787832,
    "n_qubits": 18,
    "total_pstrings": 631
}