{
    "avg_edge_order": 1,
    "avg_edge_weight": 28.349118375083986,
    "avg_vertex_degree": 63.333333333333336,
    "edge_order_std_dev": 4.224926034855522,
    "edge_weight_std_dev": 83.22408662627241,
    "induced_norm": 17888.293694678003,
    "max_edge_order": 18,
    "max_edge_weight": 2084.407321772391,
    "max_vertex_degree": 90,
    "min_edge_order": 9.5,
    "min_edge_weight": 0.05608538661385154,
    "n_qubits": 18,
    "total_pstrings": 631
}