{
    "avg_edge_order": 1,
    "avg_edge_weight": 30.131042053517785,
    "avg_vertex_degree": 126.46153846153847,
    "edge_order_std_dev": 6.0463714141589175,
    "edge_weight_std_dev": 93.96532620861838,
    "induced_norm": 41701.36220206856,
    "max_edge_order": 26,
    "max_edge_weight": 3418.9974267857633,
    "max_vertex_degree": 182,
    "min_edge_order": 13.459854014598541,
    "min_edge_weight": 0.009336922176650386,
    "n_qubits": 26,
    "total_pstrings": 1384
}