{
    "avg_edge_order": 1,
    "avg_edge_weight": 32.589318522496086,
    "avg_vertex_degree": 30.333333333333332,
    "edge_order_std_dev": 2.8722813232690143,
    "edge_weight_std_dev": 106.60066722723279,
    "induced_norm": 9027.241230731412,
    "max_edge_order": 12,
    "max_edge_weight": 1751.7524934169787,
    "max_vertex_degree": 42,
    "min_edge_order": 6.5,
    "min_edge_weight": 0.027230576675241203,
    "n_qubits": 12,
    "total_pstrings": 277
}