{
    "avg_edge_order": 1,
    "avg_edge_weight": 28.03862571166895,
    "avg_vertex_degree": 63.333333333333336,
    "edge_order_std_dev": 4.224926034855522,
    "edge_weight_std_dev": 82.83207352558404,
    "induced_norm": 17692.372824063106,
    "max_edge_order": 18,
    "max_edge_weight": 2075.8862967706937,
    "max_vertex_degree": 90,
    "min_edge_order": 9.5,
    "min_edge_weight": 0.10285724687137865,
    "n_qubits": 18,
    "total_pstrings": 631
}