{
    "avg_edge_order": 1,
    "avg_edge_weight": 28.067528158913763,
    "avg_vertex_degree": 63.333333333333336,
    "edge_order_std_dev": 4.224926034855522,
    "edge_weight_std_dev": 82.54372958530674,
    "induced_norm": 17710.61026827457,
    "max_edge_order": 18,
    "max_edge_weight": 2068.243151868028,
    "max_vertex_degree": 90,
    "min_edge_order": 9.5,
    "min_edge_weight": 0.08275705294180824,
    "n_qubits": 18,
    "total_pstrings": 631
}