{
    "avg_edge_order": 1,
    "avg_edge_weight": 29.00050653787608,
    "avg_vertex_degree": 63.333333333333336,
    "edge_order_std_dev": 4.224926034855522,
    "edge_weight_std_dev": 85.13777716325689,
    "induced_norm": 18299.3196253998,
    "max_edge_order": 18,
    "max_edge_weight": 2135.121065093842,
    "max_vertex_degree": 90,
    "min_edge_order": 9.5,
    "min_edge_weight": 0.06609397518324656,
    "n_qubits": 18,
    "total_pstrings": 631
}