{
    "avg_edge_order": 1,
    "avg_edge_weight": 28.009636305586046,
    "avg_vertex_degree": 63.333333333333336,
    "edge_order_std_dev": 4.224926034855522,
    "edge_weight_std_dev": 84.20103031075791,
    "induced_norm": 17674.08050882478,
    "max_edge_order": 18,
    "max_edge_weight": 2106.997253454079,
    "max_vertex_degree": 90,
    "min_edge_order": 9.5,
    "min_edge_weight": 0.11699706548761668,
    "n_qubits": 18,
    "total_pstrings": 631
}