{
    "avg_edge_order": 1,
    "avg_edge_weight": 0.45167862592276525,
    "avg_vertex_degree": 27.0,
    "clustering_coefficient": 0.3714919876552784,
    "edge_order_std_dev": 2.673218323170642,
    "edge_weight_std_dev": 0.780577324354374,
    "induced_norm": 130.5351228916791,
    "max_edge_order": 11,
    "max_edge_weight": 10.942391270224839,
    "max_vertex_degree": 36,
    "min_edge_order": 5.875420875420875,
    "min_edge_weight": 0.0008068950559624866,
    "n_qubits": 11,
    "total_pstrings": 289
}