{
    "avg_edge_order": 1,
    "avg_edge_weight": 28.851937258899863,
    "avg_vertex_degree": 63.333333333333336,
    "edge_order_std_dev": 4.224926034855522,
    "edge_weight_std_dev": 83.38306716255033,
    "induced_norm": 18205.57241036583,
    "max_edge_order": 18,
    "max_edge_weight": 2088.6765628590847,
    "max_vertex_degree": 90,
    "min_edge_order": 9.5,
    "min_edge_weight": 0.027328713547635886,
    "n_qubits": 18,
    "total_pstrings": 631
}