{
    "avg_edge_order": 1,
    "avg_edge_weight": 0.42211071144697343,
    "avg_vertex_degree": 27.0,
    "clustering_coefficient": 0.3714919876552784,
    "edge_order_std_dev": 2.673218323170642,
    "edge_weight_std_dev": 0.7187938984855863,
    "induced_norm": 121.98999560817529,
    "max_edge_order": 11,
    "max_edge_weight": 9.854659216478161,
    "max_vertex_degree": 36,
    "min_edge_order": 5.875420875420875,
    "min_edge_weight": 0.00020862586527059523,
    "n_qubits": 11,
    "total_pstrings": 289
}