{
    "avg_edge_order": 1,
    "avg_edge_weight": 0.4378809152374193,
    "avg_vertex_degree": 27.0,
    "clustering_coefficient": 0.3714919876552784,
    "edge_order_std_dev": 2.673218323170642,
    "edge_weight_std_dev": 0.7888105469430563,
    "induced_norm": 126.54758450361412,
    "max_edge_order": 11,
    "max_edge_weight": 10.99977368376363,
    "max_vertex_degree": 36,
    "min_edge_order": 5.875420875420875,
    "min_edge_weight": 0.00039377507749494,
    "n_qubits": 11,
    "total_pstrings": 289
}