{
    "avg_edge_order": 1,
    "avg_edge_weight": 0.4638655157599221,
    "avg_vertex_degree": 27.0,
    "clustering_coefficient": 0.3714919876552784,
    "edge_order_std_dev": 2.673218323170642,
    "edge_weight_std_dev": 0.7962412556643498,
    "induced_norm": 134.05713405461748,
    "max_edge_order": 11,
    "max_edge_weight": 10.958335002505981,
    "max_vertex_degree": 36,
    "min_edge_order": 5.875420875420875,
    "min_edge_weight": 0.0012297971284417342,
    "n_qubits": 11,
    "total_pstrings": 289
}