{
    "avg_edge_order": 1,
    "avg_edge_weight": 29.463609577561392,
    "avg_vertex_degree": 63.333333333333336,
    "edge_order_std_dev": 4.224926034855522,
    "edge_weight_std_dev": 84.80767311367362,
    "induced_norm": 18591.537643441254,
    "max_edge_order": 18,
    "max_edge_weight": 2126.622689922433,
    "max_vertex_degree": 90,
    "min_edge_order": 9.5,
    "min_edge_weight": 0.040784328377624135,
    "n_qubits": 18,
    "total_pstrings": 631
}