{
    "avg_edge_order": 1,
    "avg_edge_weight": 28.944951528054574,
    "avg_vertex_degree": 63.333333333333336,
    "edge_order_std_dev": 4.224926034855522,
    "edge_weight_std_dev": 82.92081773642899,
    "induced_norm": 18264.26441420245,
    "max_edge_order": 18,
    "max_edge_weight": 2077.733466074798,
    "max_vertex_degree": 90,
    "min_edge_order": 9.5,
    "min_edge_weight": 0.149173372769551,
    "n_qubits": 18,
    "total_pstrings": 631
}