{
    "avg_edge_order": 1,
    "avg_edge_weight": 29.19712646641971,
    "avg_vertex_degree": 63.333333333333336,
    "edge_order_std_dev": 4.224926034855522,
    "edge_weight_std_dev": 82.94132200696275,
    "induced_norm": 18423.386800310855,
    "max_edge_order": 18,
    "max_edge_weight": 2079.465764191479,
    "max_vertex_degree": 90,
    "min_edge_order": 9.5,
    "min_edge_weight": 0.06852926312608787,
    "n_qubits": 18,
    "total_pstrings": 631
}