{
    "avg_edge_order": 1,
    "avg_edge_weight": 0.45199106706268016,
    "avg_vertex_degree": 27.0,
    "clustering_coefficient": 0.3714919876552784,
    "edge_order_std_dev": 2.673218323170642,
    "edge_weight_std_dev": 0.771900638609328,
    "induced_norm": 130.6254183811146,
    "max_edge_order": 11,
    "max_edge_weight": 10.57723315601963,
    "max_vertex_degree": 36,
    "min_edge_order": 5.875420875420875,
    "min_edge_weight": 0.004875400648978678,
    "n_qubits": 11,
    "total_pstrings": 289
}