{
    "avg_edge_order": 1,
    "avg_edge_weight": 34.046130328869495,
    "avg_vertex_degree": 126.46153846153847,
    "edge_order_std_dev": 6.0463714141589175,
    "edge_weight_std_dev": 96.35839473639619,
    "induced_norm": 49264.75058587423,
    "max_edge_order": 26,
    "max_edge_weight": 3462.839837936207,
    "max_vertex_degree": 182,
    "min_edge_order": 13.459854014598541,
    "min_edge_weight": 0.018229651823214787,
    "n_qubits": 26,
    "total_pstrings": 1447
}