{
    "avg_edge_order": 1,
    "avg_edge_weight": 28.24668013790981,
    "avg_vertex_degree": 63.333333333333336,
    "edge_order_std_dev": 4.224926034855522,
    "edge_weight_std_dev": 81.4452795720887,
    "induced_norm": 17823.65516702108,
    "max_edge_order": 18,
    "max_edge_weight": 2039.364407475631,
    "max_vertex_degree": 90,
    "min_edge_order": 9.5,
    "min_edge_weight": 0.06318049656635338,
    "n_qubits": 18,
    "total_pstrings": 631
}