{
    "avg_edge_order": 1,
    "avg_edge_weight": 28.63979293962218,
    "avg_vertex_degree": 63.333333333333336,
    "edge_order_std_dev": 4.224926034855522,
    "edge_weight_std_dev": 84.12821457428922,
    "induced_norm": 18071.709344901614,
    "max_edge_order": 18,
    "max_edge_weight": 2106.8150438455154,
    "max_vertex_degree": 90,
    "min_edge_order": 9.5,
    "min_edge_weight": 0.005604804666809571,
    "n_qubits": 18,
    "total_pstrings": 631
}