{
    "avg_edge_order": 1,
    "avg_edge_weight": 28.994438020560644,
    "avg_vertex_degree": 63.333333333333336,
    "edge_order_std_dev": 4.224926034855522,
    "edge_weight_std_dev": 82.6922787706341,
    "induced_norm": 18295.49039097377,
    "max_edge_order": 18,
    "max_edge_weight": 2072.104139529824,
    "max_vertex_degree": 90,
    "min_edge_order": 9.5,
    "min_edge_weight": 0.04636560539921675,
    "n_qubits": 18,
    "total_pstrings": 631
}