{
    "avg_edge_order": 1,
    "avg_edge_weight": 0.539628496756901,
    "avg_vertex_degree": 27.0,
    "clustering_coefficient": 0.2868313456938465,
    "edge_order_std_dev": 2.673218323170642,
    "edge_weight_std_dev": 0.7875219379812863,
    "induced_norm": 189.9492308584292,
    "max_edge_order": 11,
    "max_edge_weight": 10.497126658915073,
    "max_vertex_degree": 36,
    "min_edge_order": 5.875420875420875,
    "min_edge_weight": 0.0044201563015643375,
    "n_qubits": 11,
    "total_pstrings": 352
}