{
    "avg_edge_order": 1,
    "avg_edge_weight": 27.290418155988245,
    "avg_vertex_degree": 63.333333333333336,
    "edge_order_std_dev": 4.224926034855522,
    "edge_weight_std_dev": 81.23702846391556,
    "induced_norm": 17220.253856428582,
    "max_edge_order": 18,
    "max_edge_weight": 2032.745840925886,
    "max_vertex_degree": 90,
    "min_edge_order": 9.5,
    "min_edge_weight": 0.04256898320582536,
    "n_qubits": 18,
    "total_pstrings": 631
}