{
    "avg_edge_order": 1,
    "avg_edge_weight": 27.955698875691695,
    "avg_vertex_degree": 63.333333333333336,
    "edge_order_std_dev": 4.224926034855522,
    "edge_weight_std_dev": 81.61926410064929,
    "induced_norm": 17640.04599056148,
    "max_edge_order": 18,
    "max_edge_weight": 2043.0402619304257,
    "max_vertex_degree": 90,
    "min_edge_order": 9.5,
    "min_edge_weight": 0.022127157785874374,
    "n_qubits": 18,
    "total_pstrings": 631
}