{
    "avg_edge_order": 1,
    "avg_edge_weight": 29.004521780694073,
    "avg_vertex_degree": 63.333333333333336,
    "edge_order_std_dev": 4.224926034855522,
    "edge_weight_std_dev": 82.33410533865602,
    "induced_norm": 18301.853243617963,
    "max_edge_order": 18,
    "max_edge_weight": 2062.6966317874376,
    "max_vertex_degree": 90,
    "min_edge_order": 9.5,
    "min_edge_weight": 0.06228493219742148,
    "n_qubits": 18,
    "total_pstrings": 631
}