{
    "avg_edge_order": 1,
    "avg_edge_weight": 27.560409393625243,
    "avg_vertex_degree": 145.0,
    "edge_order_std_dev": 6.469157595854347,
    "edge_weight_std_dev": 98.76714658293544,
    "induced_norm": 42470.59087557649,
    "max_edge_order": 28,
    "max_edge_weight": 3860.3926122937874,
    "max_vertex_degree": 210,
    "min_edge_order": 14.5,
    "min_edge_weight": 0.0017583430786274334,
    "n_qubits": 28,
    "total_pstrings": 1541
}