{
    "avg_edge_order": 1,
    "avg_edge_weight": 0.5444078130546308,
    "avg_vertex_degree": 27.0,
    "clustering_coefficient": 0.2868313456938465,
    "edge_order_std_dev": 2.673218323170642,
    "edge_weight_std_dev": 0.8049849059571706,
    "induced_norm": 191.6315501952301,
    "max_edge_order": 11,
    "max_edge_weight": 10.873553139920892,
    "max_vertex_degree": 36,
    "min_edge_order": 5.875420875420875,
    "min_edge_weight": 0.0008846727995232007,
    "n_qubits": 11,
    "total_pstrings": 352
}