{
    "avg_edge_order": 1,
    "avg_edge_weight": 27.23628435328462,
    "avg_vertex_degree": 63.333333333333336,
    "edge_order_std_dev": 4.224926034855522,
    "edge_weight_std_dev": 81.80888409438352,
    "induced_norm": 17186.09542692258,
    "max_edge_order": 18,
    "max_edge_weight": 2048.574358379003,
    "max_vertex_degree": 90,
    "min_edge_order": 9.5,
    "min_edge_weight": 0.023732770807077808,
    "n_qubits": 18,
    "total_pstrings": 631
}