{
    "avg_edge_order": 1,
    "avg_edge_weight": 27.7763792218618,
    "avg_vertex_degree": 63.333333333333336,
    "edge_order_std_dev": 4.224926034855522,
    "edge_weight_std_dev": 81.22548841265234,
    "induced_norm": 17526.895288994798,
    "max_edge_order": 18,
    "max_edge_weight": 2033.7138355144384,
    "max_vertex_degree": 90,
    "min_edge_order": 9.5,
    "min_edge_weight": 0.108000472709191,
    "n_qubits": 18,
    "total_pstrings": 631
}