{
    "avg_edge_order": 1,
    "avg_edge_weight": 29.55704939456951,
    "avg_vertex_degree": 63.333333333333336,
    "edge_order_std_dev": 4.224926034855522,
    "edge_weight_std_dev": 82.31068074275503,
    "induced_norm": 18650.498167973372,
    "max_edge_order": 18,
    "max_edge_weight": 2065.167741108418,
    "max_vertex_degree": 90,
    "min_edge_order": 9.5,
    "min_edge_weight": 0.1518365150587293,
    "n_qubits": 18,
    "total_pstrings": 631
}