{
    "avg_edge_order": 1,
    "avg_edge_weight": 0.532871107437375,
    "avg_vertex_degree": 27.0,
    "clustering_coefficient": 0.2868313456938465,
    "edge_order_std_dev": 2.673218323170642,
    "edge_weight_std_dev": 0.8049406268784205,
    "induced_norm": 187.5706298179559,
    "max_edge_order": 11,
    "max_edge_weight": 11.318425204706884,
    "max_vertex_degree": 36,
    "min_edge_order": 5.875420875420875,
    "min_edge_weight": 0.005452926016500326,
    "n_qubits": 11,
    "total_pstrings": 352
}