{
    "avg_edge_order": 1,
    "avg_edge_weight": 0.5278001886336829,
    "avg_vertex_degree": 27.0,
    "clustering_coefficient": 0.2868313456938465,
    "edge_order_std_dev": 2.673218323170642,
    "edge_weight_std_dev": 0.7670786362226427,
    "induced_norm": 185.78566639905642,
    "max_edge_order": 11,
    "max_edge_weight": 10.176567743366741,
    "max_vertex_degree": 36,
    "min_edge_order": 5.875420875420875,
    "min_edge_weight": 0.0076295206063099474,
    "n_qubits": 11,
    "total_pstrings": 352
}