{
    "avg_edge_order": 1,
    "avg_edge_weight": 27.215578527353703,
    "avg_vertex_degree": 63.333333333333336,
    "edge_order_std_dev": 4.224926034855522,
    "edge_weight_std_dev": 79.70695927474029,
    "induced_norm": 17173.030050760193,
    "max_edge_order": 18,
    "max_edge_weight": 1993.3125364016128,
    "max_vertex_degree": 90,
    "min_edge_order": 9.5,
    "min_edge_weight": 0.04212704503339104,
    "n_qubits": 18,
    "total_pstrings": 631
}