{
    "avg_edge_order": 1,
    "avg_edge_weight": 29.288150003318087,
    "avg_vertex_degree": 63.333333333333336,
    "edge_order_std_dev": 4.224926034855522,
    "edge_weight_std_dev": 82.74384527231022,
    "induced_norm": 18480.82265209371,
    "max_edge_order": 18,
    "max_edge_weight": 2074.8872193467464,
    "max_vertex_degree": 90,
    "min_edge_order": 9.5,
    "min_edge_weight": 0.09999164353956402,
    "n_qubits": 18,
    "total_pstrings": 631
}