{
    "avg_edge_order": 1,
    "avg_edge_weight": 0.5423729872450868,
    "avg_vertex_degree": 27.0,
    "clustering_coefficient": 0.2868313456938465,
    "edge_order_std_dev": 2.673218323170642,
    "edge_weight_std_dev": 0.7541116716177031,
    "induced_norm": 190.9152915102705,
    "max_edge_order": 11,
    "max_edge_weight": 9.653591358679975,
    "max_vertex_degree": 36,
    "min_edge_order": 5.875420875420875,
    "min_edge_weight": 0.00034629887594739284,
    "n_qubits": 11,
    "total_pstrings": 352
}