{
    "avg_edge_order": 1,
    "avg_edge_weight": 27.383704261280872,
    "avg_vertex_degree": 63.333333333333336,
    "edge_order_std_dev": 4.224926034855522,
    "edge_weight_std_dev": 83.41084086662356,
    "induced_norm": 17279.11738886823,
    "max_edge_order": 18,
    "max_edge_weight": 2087.8686344246485,
    "max_vertex_degree": 90,
    "min_edge_order": 9.5,
    "min_edge_weight": 0.011527520911933209,
    "n_qubits": 18,
    "total_pstrings": 631
}