{
    "avg_edge_order": 1,
    "avg_edge_weight": 28.234749653966873,
    "avg_vertex_degree": 63.333333333333336,
    "edge_order_std_dev": 4.224926034855522,
    "edge_weight_std_dev": 82.78557752567811,
    "induced_norm": 17816.127031653094,
    "max_edge_order": 18,
    "max_edge_weight": 2073.379244142028,
    "max_vertex_degree": 90,
    "min_edge_order": 9.5,
    "min_edge_weight": 0.08243435465195859,
    "n_qubits": 18,
    "total_pstrings": 631
}