{
    "avg_edge_order": 1,
    "avg_edge_weight": 0.5511580919018899,
    "avg_vertex_degree": 27.0,
    "clustering_coefficient": 0.2868313456938465,
    "edge_order_std_dev": 2.673218323170642,
    "edge_weight_std_dev": 0.7837062366544802,
    "induced_norm": 194.00764834946523,
    "max_edge_order": 11,
    "max_edge_weight": 10.808468420134576,
    "max_vertex_degree": 36,
    "min_edge_order": 5.875420875420875,
    "min_edge_weight": 0.005519885158472404,
    "n_qubits": 11,
    "total_pstrings": 352
}