{
    "avg_edge_order": 1,
    "avg_edge_weight": 27.915939174384167,
    "avg_vertex_degree": 63.333333333333336,
    "edge_order_std_dev": 4.224926034855522,
    "edge_weight_std_dev": 80.22493134849357,
    "induced_norm": 17614.957619036388,
    "max_edge_order": 18,
    "max_edge_weight": 2008.5710706683622,
    "max_vertex_degree": 90,
    "min_edge_order": 9.5,
    "min_edge_weight": 0.017716085493402645,
    "n_qubits": 18,
    "total_pstrings": 631
}