{
    "avg_edge_order": 1,
    "avg_edge_weight": 28.314391847231303,
    "avg_vertex_degree": 63.333333333333336,
    "edge_order_std_dev": 4.224926034855522,
    "edge_weight_std_dev": 83.25343658083074,
    "induced_norm": 17866.38125560297,
    "max_edge_order": 18,
    "max_edge_weight": 2084.6782857078606,
    "max_vertex_degree": 90,
    "min_edge_order": 9.5,
    "min_edge_weight": 0.029561456069277625,
    "n_qubits": 18,
    "total_pstrings": 631
}