{
    "avg_edge_order": 1,
    "avg_edge_weight": 31.70155634178019,
    "avg_vertex_degree": 30.333333333333332,
    "edge_order_std_dev": 2.8722813232690143,
    "edge_weight_std_dev": 112.58422871694638,
    "induced_norm": 8781.331106673124,
    "max_edge_order": 12,
    "max_edge_weight": 1845.323755724493,
    "max_vertex_degree": 42,
    "min_edge_order": 6.5,
    "min_edge_weight": 0.14640667933929308,
    "n_qubits": 12,
    "total_pstrings": 277
}