{
    "avg_edge_order": 1,
    "avg_edge_weight": 28.284398514737465,
    "avg_vertex_degree": 145.0,
    "edge_order_std_dev": 6.469157595854347,
    "edge_weight_std_dev": 99.19009578624868,
    "induced_norm": 43586.258111210416,
    "max_edge_order": 28,
    "max_edge_weight": 3877.178802175725,
    "max_vertex_degree": 210,
    "min_edge_order": 14.5,
    "min_edge_weight": 0.09880315288098274,
    "n_qubits": 28,
    "total_pstrings": 1541
}