{
    "avg_edge_order": 1,
    "avg_edge_weight": 0.30134579868066697,
    "avg_vertex_degree": 30.25,
    "clustering_coefficient": 0.3716945697721364,
    "edge_order_std_dev": 2.861671604321946,
    "edge_weight_std_dev": 0.72062095880618,
    "induced_norm": 83.47278623454474,
    "max_edge_order": 12,
    "max_edge_weight": 12.039088198489008,
    "max_vertex_degree": 42,
    "min_edge_order": 6.515151515151516,
    "min_edge_weight": 6.684222583613897e-05,
    "n_qubits": 12,
    "total_pstrings": 277
}