{
    "avg_edge_order": 1,
    "avg_edge_weight": 28.99792363724848,
    "avg_vertex_degree": 63.333333333333336,
    "edge_order_std_dev": 4.224926034855522,
    "edge_weight_std_dev": 83.79454028808996,
    "induced_norm": 18326.687738741042,
    "max_edge_order": 18,
    "max_edge_weight": 2098.19580677551,
    "max_vertex_degree": 90,
    "min_edge_order": 9.5,
    "min_edge_weight": 0.010631461538352482,
    "n_qubits": 18,
    "total_pstrings": 632
}