{
    "avg_edge_order": 1,
    "avg_edge_weight": 0.2973395140119633,
    "avg_vertex_degree": 30.25,
    "clustering_coefficient": 0.3716945697721364,
    "edge_order_std_dev": 2.861671604321946,
    "edge_weight_std_dev": 0.7046245616130106,
    "induced_norm": 82.36304538131388,
    "max_edge_order": 12,
    "max_edge_weight": 11.74505738035402,
    "max_vertex_degree": 42,
    "min_edge_order": 6.515151515151516,
    "min_edge_weight": 0.0021958064301448865,
    "n_qubits": 12,
    "total_pstrings": 277
}