{
    "avg_edge_order": 1,
    "avg_edge_weight": 28.674934714201903,
    "avg_vertex_degree": 63.333333333333336,
    "edge_order_std_dev": 4.224926034855522,
    "edge_weight_std_dev": 82.14193106858264,
    "induced_norm": 18122.558739375603,
    "max_edge_order": 18,
    "max_edge_weight": 2049.762065399111,
    "max_vertex_degree": 90,
    "min_edge_order": 9.5,
    "min_edge_weight": 0.08716292999417163,
    "n_qubits": 18,
    "total_pstrings": 632
}