{
    "avg_edge_order": 1,
    "avg_edge_weight": 29.504244127035967,
    "avg_vertex_degree": 63.333333333333336,
    "edge_order_std_dev": 4.224926034855522,
    "edge_weight_std_dev": 81.4375332912453,
    "induced_norm": 18646.682288286727,
    "max_edge_order": 18,
    "max_edge_weight": 2035.541295512103,
    "max_vertex_degree": 90,
    "min_edge_order": 9.5,
    "min_edge_weight": 0.029439388046237802,
    "n_qubits": 18,
    "total_pstrings": 632
}