{
    "avg_edge_order": 1,
    "avg_edge_weight": 27.971788691830042,
    "avg_vertex_degree": 63.333333333333336,
    "edge_order_std_dev": 4.224926034855522,
    "edge_weight_std_dev": 79.43863971769383,
    "induced_norm": 17678.170453236595,
    "max_edge_order": 18,
    "max_edge_weight": 1987.4094917219415,
    "max_vertex_degree": 90,
    "min_edge_order": 9.5,
    "min_edge_weight": 0.015400081209593353,
    "n_qubits": 18,
    "total_pstrings": 632
}