{
    "avg_edge_order": 1,
    "avg_edge_weight": 27.837732596618412,
    "avg_vertex_degree": 63.333333333333336,
    "edge_order_std_dev": 4.224926034855522,
    "edge_weight_std_dev": 80.32575667907372,
    "induced_norm": 17593.447001062857,
    "max_edge_order": 18,
    "max_edge_weight": 2007.7731380719258,
    "max_vertex_degree": 90,
    "min_edge_order": 9.5,
    "min_edge_weight": 0.17778195679445388,
    "n_qubits": 18,
    "total_pstrings": 632
}