{
    "avg_edge_order": 1,
    "avg_edge_weight": 0.30801183813176486,
    "avg_vertex_degree": 30.25,
    "clustering_coefficient": 0.3716945697721364,
    "edge_order_std_dev": 2.861671604321946,
    "edge_weight_std_dev": 0.7591167268221922,
    "induced_norm": 85.31927916249887,
    "max_edge_order": 12,
    "max_edge_weight": 12.655193579069508,
    "max_vertex_degree": 42,
    "min_edge_order": 6.515151515151516,
    "min_edge_weight": 0.0019088996297019767,
    "n_qubits": 12,
    "total_pstrings": 277
}