{
    "avg_edge_order": 1,
    "avg_edge_weight": 28.074672119769996,
    "avg_vertex_degree": 63.333333333333336,
    "edge_order_std_dev": 4.224926034855522,
    "edge_weight_std_dev": 82.69513987929469,
    "induced_norm": 17743.192779694626,
    "max_edge_order": 18,
    "max_edge_weight": 2074.835804411821,
    "max_vertex_degree": 90,
    "min_edge_order": 9.5,
    "min_edge_weight": 0.1958348455588279,
    "n_qubits": 18,
    "total_pstrings": 632
}