{
    "avg_edge_order": 1,
    "avg_edge_weight": 29.904887541582937,
    "avg_vertex_degree": 9.333333333333334,
    "clustering_coefficient": 0.35792998500100826,
    "edge_order_std_dev": 1.5,
    "edge_weight_std_dev": 53.7564090436161,
    "induced_norm": 2003.627465286057,
    "max_edge_order": 6,
    "max_edge_weight": 450.94573492695395,
    "max_vertex_degree": 12,
    "min_edge_order": 3.5,
    "min_edge_weight": 1.037514248804211,
    "n_qubits": 6,
    "total_pstrings": 67
}