{
    "avg_edge_order": 1,
    "avg_edge_weight": 27.11448219448486,
    "avg_vertex_degree": 145.0,
    "edge_order_std_dev": 6.469157595854347,
    "edge_weight_std_dev": 96.1156693178778,
    "induced_norm": 41810.53154389566,
    "max_edge_order": 28,
    "max_edge_weight": 3757.535006068269,
    "max_vertex_degree": 210,
    "min_edge_order": 14.5,
    "min_edge_weight": 0.09336753848880619,
    "n_qubits": 28,
    "total_pstrings": 1542
}