{
    "avg_edge_order": 1,
    "avg_edge_weight": 30.613734824616536,
    "avg_vertex_degree": 30.333333333333332,
    "edge_order_std_dev": 2.8722813232690143,
    "edge_weight_std_dev": 85.06413090506068,
    "induced_norm": 8480.004546418784,
    "max_edge_order": 12,
    "max_edge_weight": 1384.9814262685438,
    "max_vertex_degree": 42,
    "min_edge_order": 6.5,
    "min_edge_weight": 0.017799891587461092,
    "n_qubits": 12,
    "total_pstrings": 277
}