{
    "avg_edge_order": 1,
    "avg_edge_weight": 29.122878049343694,
    "avg_vertex_degree": 63.333333333333336,
    "edge_order_std_dev": 4.224926034855522,
    "edge_weight_std_dev": 85.81518502982001,
    "induced_norm": 18405.658927185224,
    "max_edge_order": 18,
    "max_edge_weight": 2151.266981057848,
    "max_vertex_degree": 90,
    "min_edge_order": 9.5,
    "min_edge_weight": 0.016276278788595278,
    "n_qubits": 18,
    "total_pstrings": 632
}