{
    "avg_edge_order": 1,
    "avg_edge_weight": 28.885326065877255,
    "avg_vertex_degree": 63.333333333333336,
    "edge_order_std_dev": 4.224926034855522,
    "edge_weight_std_dev": 85.24103261792062,
    "induced_norm": 18255.526073634453,
    "max_edge_order": 18,
    "max_edge_weight": 2135.926153522144,
    "max_vertex_degree": 90,
    "min_edge_order": 9.5,
    "min_edge_weight": 0.009999521722974691,
    "n_qubits": 18,
    "total_pstrings": 632
}