{
    "avg_edge_order": 1,
    "avg_edge_weight": 0.28950857620846,
    "avg_vertex_degree": 30.25,
    "clustering_coefficient": 0.3716945697721364,
    "edge_order_std_dev": 2.861671604321946,
    "edge_weight_std_dev": 0.6885677347539639,
    "induced_norm": 80.19387560974339,
    "max_edge_order": 12,
    "max_edge_weight": 11.497075099144705,
    "max_vertex_degree": 42,
    "min_edge_order": 6.515151515151516,
    "min_edge_weight": 8.654203668168048e-05,
    "n_qubits": 12,
    "total_pstrings": 277
}