{
    "avg_edge_order": 1,
    "avg_edge_weight": 28.74758206177174,
    "avg_vertex_degree": 63.333333333333336,
    "edge_order_std_dev": 4.224926034855522,
    "edge_weight_std_dev": 83.78910187900432,
    "induced_norm": 18168.47186303976,
    "max_edge_order": 18,
    "max_edge_weight": 2099.456325123403,
    "max_vertex_degree": 90,
    "min_edge_order": 9.5,
    "min_edge_weight": 0.18934736259589258,
    "n_qubits": 18,
    "total_pstrings": 632
}