{
    "avg_edge_order": 1,
    "avg_edge_weight": 28.99588393015946,
    "avg_vertex_degree": 63.333333333333336,
    "edge_order_std_dev": 4.224926034855522,
    "edge_weight_std_dev": 86.3052704291147,
    "induced_norm": 18325.398643860794,
    "max_edge_order": 18,
    "max_edge_weight": 2160.8794584881857,
    "max_vertex_degree": 90,
    "min_edge_order": 9.5,
    "min_edge_weight": 0.008136946206271034,
    "n_qubits": 18,
    "total_pstrings": 632
}