{
    "avg_edge_order": 1,
    "avg_edge_weight": 27.536085773181576,
    "avg_vertex_degree": 63.333333333333336,
    "edge_order_std_dev": 4.224926034855522,
    "edge_weight_std_dev": 81.08229922490922,
    "induced_norm": 17402.806208650745,
    "max_edge_order": 18,
    "max_edge_weight": 2026.8970079383944,
    "max_vertex_degree": 90,
    "min_edge_order": 9.5,
    "min_edge_weight": 0.007306288637481728,
    "n_qubits": 18,
    "total_pstrings": 632
}