{
    "avg_edge_order": 1,
    "avg_edge_weight": 28.931758633226377,
    "avg_vertex_degree": 63.333333333333336,
    "edge_order_std_dev": 4.224926034855522,
    "edge_weight_std_dev": 83.95625634723723,
    "induced_norm": 18284.871456199056,
    "max_edge_order": 18,
    "max_edge_weight": 2103.482208232035,
    "max_vertex_degree": 90,
    "min_edge_order": 9.5,
    "min_edge_weight": 0.10932588980096014,
    "n_qubits": 18,
    "total_pstrings": 632
}