{
    "avg_edge_order": 1,
    "avg_edge_weight": 29.44576048209582,
    "avg_vertex_degree": 63.333333333333336,
    "edge_order_std_dev": 4.224926034855522,
    "edge_weight_std_dev": 85.8275840596933,
    "induced_norm": 18609.720624684556,
    "max_edge_order": 18,
    "max_edge_weight": 2150.366712254391,
    "max_vertex_degree": 90,
    "min_edge_order": 9.5,
    "min_edge_weight": 0.10840032948531331,
    "n_qubits": 18,
    "total_pstrings": 632
}