{
    "avg_edge_order": 1,
    "avg_edge_weight": 27.74292139600965,
    "avg_vertex_degree": 145.0,
    "edge_order_std_dev": 6.469157595854347,
    "edge_weight_std_dev": 97.3059149654306,
    "induced_norm": 42862.8135568349,
    "max_edge_order": 28,
    "max_edge_weight": 3801.2856128610847,
    "max_vertex_degree": 210,
    "min_edge_order": 14.5,
    "min_edge_weight": 0.03303841202303204,
    "n_qubits": 28,
    "total_pstrings": 1545
}