{
    "avg_edge_order": 1,
    "avg_edge_weight": 32.68928180774337,
    "avg_vertex_degree": 9.333333333333334,
    "clustering_coefficient": 0.35792998500100826,
    "edge_order_std_dev": 1.5,
    "edge_weight_std_dev": 53.78489249483815,
    "induced_norm": 2190.181881118806,
    "max_edge_order": 6,
    "max_edge_weight": 450.0469563279017,
    "max_vertex_degree": 12,
    "min_edge_order": 3.5,
    "min_edge_weight": 0.1001451755628775,
    "n_qubits": 6,
    "total_pstrings": 67
}