{
    "avg_edge_order": 1,
    "avg_edge_weight": 27.917057137667506,
    "avg_vertex_degree": 70.0,
    "edge_order_std_dev": 4.449719092257398,
    "edge_weight_std_dev": 82.59269047979463,
    "induced_norm": 19653.608224917934,
    "max_edge_order": 19,
    "max_edge_weight": 2186.637138694447,
    "max_vertex_degree": 100,
    "min_edge_order": 10.0,
    "min_edge_weight": 0.0002969660792615514,
    "n_qubits": 19,
    "total_pstrings": 704
}