{
    "avg_edge_order": 1,
    "avg_edge_weight": 27.362007768100362,
    "avg_vertex_degree": 70.0,
    "edge_order_std_dev": 4.449719092257398,
    "edge_weight_std_dev": 82.2000339027845,
    "induced_norm": 19262.85346874265,
    "max_edge_order": 19,
    "max_edge_weight": 2173.589024171978,
    "max_vertex_degree": 100,
    "min_edge_order": 10.0,
    "min_edge_weight": 0.1958930042404532,
    "n_qubits": 19,
    "total_pstrings": 704
}