{
    "avg_edge_order": 1,
    "avg_edge_weight": 27.909519099292993,
    "avg_vertex_degree": 70.0,
    "edge_order_std_dev": 4.449719092257398,
    "edge_weight_std_dev": 82.14851098241904,
    "induced_norm": 19648.301445902307,
    "max_edge_order": 19,
    "max_edge_weight": 2172.98014270371,
    "max_vertex_degree": 100,
    "min_edge_order": 10.0,
    "min_edge_weight": 0.012124767000648573,
    "n_qubits": 19,
    "total_pstrings": 704
}