{
    "avg_edge_order": 1,
    "avg_edge_weight": 27.868528168516722,
    "avg_vertex_degree": 70.0,
    "edge_order_std_dev": 4.449719092257398,
    "edge_weight_std_dev": 85.07475093720865,
    "induced_norm": 19619.443830635762,
    "max_edge_order": 19,
    "max_edge_weight": 2250.29875674646,
    "max_vertex_degree": 100,
    "min_edge_order": 10.0,
    "min_edge_weight": 0.05424405469020144,
    "n_qubits": 19,
    "total_pstrings": 704
}