{
    "avg_edge_order": 1,
    "avg_edge_weight": 28.84348008644537,
    "avg_vertex_degree": 70.0,
    "edge_order_std_dev": 4.449719092257398,
    "edge_weight_std_dev": 87.31076834469945,
    "induced_norm": 20305.80998085757,
    "max_edge_order": 19,
    "max_edge_weight": 2312.963160893289,
    "max_vertex_degree": 100,
    "min_edge_order": 10.0,
    "min_edge_weight": 0.023958356747364462,
    "n_qubits": 19,
    "total_pstrings": 704
}