{
    "avg_edge_order": 1,
    "avg_edge_weight": 27.88501591242344,
    "avg_vertex_degree": 70.0,
    "edge_order_std_dev": 4.449719092257398,
    "edge_weight_std_dev": 83.93024606246144,
    "induced_norm": 19631.051202346112,
    "max_edge_order": 19,
    "max_edge_weight": 2220.5295157426995,
    "max_vertex_degree": 100,
    "min_edge_order": 10.0,
    "min_edge_weight": 0.028579439016896302,
    "n_qubits": 19,
    "total_pstrings": 704
}