{
    "avg_edge_order": 1,
    "avg_edge_weight": 27.962553280565235,
    "avg_vertex_degree": 70.0,
    "edge_order_std_dev": 4.449719092257398,
    "edge_weight_std_dev": 86.24780402943149,
    "induced_norm": 19685.637509517932,
    "max_edge_order": 19,
    "max_edge_weight": 2282.7526987791744,
    "max_vertex_degree": 100,
    "min_edge_order": 10.0,
    "min_edge_weight": 0.060734812536716865,
    "n_qubits": 19,
    "total_pstrings": 704
}