{
    "avg_edge_order": 1,
    "avg_edge_weight": 27.502250978520326,
    "avg_vertex_degree": 70.0,
    "edge_order_std_dev": 4.449719092257398,
    "edge_weight_std_dev": 82.88406789205625,
    "induced_norm": 19361.58468887831,
    "max_edge_order": 19,
    "max_edge_weight": 2191.055841464485,
    "max_vertex_degree": 100,
    "min_edge_order": 10.0,
    "min_edge_weight": 0.02291000882309646,
    "n_qubits": 19,
    "total_pstrings": 704
}