{
    "avg_edge_order": 1,
    "avg_edge_weight": 0.2872497633938521,
    "avg_vertex_degree": 30.25,
    "clustering_coefficient": 0.3716945697721364,
    "edge_order_std_dev": 2.861671604321946,
    "edge_weight_std_dev": 0.6841687891242157,
    "induced_norm": 79.56818446009702,
    "max_edge_order": 12,
    "max_edge_weight": 11.395353096626728,
    "max_vertex_degree": 42,
    "min_edge_order": 6.515151515151516,
    "min_edge_weight": 5.488365048028632e-05,
    "n_qubits": 12,
    "total_pstrings": 277
}