{
    "avg_edge_order": 1,
    "avg_edge_weight": 28.563874843331178,
    "avg_vertex_degree": 70.0,
    "edge_order_std_dev": 4.449719092257398,
    "edge_weight_std_dev": 86.58980599058805,
    "induced_norm": 20108.96788970517,
    "max_edge_order": 19,
    "max_edge_weight": 2290.735164626763,
    "max_vertex_degree": 100,
    "min_edge_order": 10.0,
    "min_edge_weight": 0.029724429857852286,
    "n_qubits": 19,
    "total_pstrings": 704
}