{
    "avg_edge_order": 1,
    "avg_edge_weight": 28.052496714753712,
    "avg_vertex_degree": 70.0,
    "edge_order_std_dev": 4.449719092257398,
    "edge_weight_std_dev": 83.75133367618136,
    "induced_norm": 19748.957687186652,
    "max_edge_order": 19,
    "max_edge_weight": 2214.605446190542,
    "max_vertex_degree": 100,
    "min_edge_order": 10.0,
    "min_edge_weight": 0.07372065198765121,
    "n_qubits": 19,
    "total_pstrings": 704
}