{
    "avg_edge_order": 1,
    "avg_edge_weight": 28.48125176178016,
    "avg_vertex_degree": 145.07142857142858,
    "edge_order_std_dev": 6.473506704514913,
    "edge_weight_std_dev": 97.62383847689074,
    "induced_norm": 44202.902734282856,
    "max_edge_order": 28,
    "max_edge_weight": 3813.747475563804,
    "max_vertex_degree": 210,
    "min_edge_order": 14.493845396356475,
    "min_edge_weight": 0.024913769448108525,
    "n_qubits": 28,
    "total_pstrings": 1552
}