{
    "avg_edge_order": 1,
    "avg_edge_weight": 31.747361010439697,
    "avg_vertex_degree": 30.333333333333332,
    "edge_order_std_dev": 2.8722813232690143,
    "edge_weight_std_dev": 105.13710267618177,
    "induced_norm": 8794.018999891801,
    "max_edge_order": 12,
    "max_edge_weight": 1761.141525583691,
    "max_vertex_degree": 42,
    "min_edge_order": 6.5,
    "min_edge_weight": 0.5437105408560075,
    "n_qubits": 12,
    "total_pstrings": 277
}