{
    "avg_edge_order": 1,
    "avg_edge_weight": 29.210867333857173,
    "avg_vertex_degree": 70.0,
    "edge_order_std_dev": 4.449719092257398,
    "edge_weight_std_dev": 88.11039259937841,
    "induced_norm": 20564.450603035442,
    "max_edge_order": 19,
    "max_edge_weight": 2332.139931369115,
    "max_vertex_degree": 100,
    "min_edge_order": 10.0,
    "min_edge_weight": 0.2920597333794406,
    "n_qubits": 19,
    "total_pstrings": 704
}