{
    "avg_edge_order": 1,
    "avg_edge_weight": 0.28105527354055143,
    "avg_vertex_degree": 30.25,
    "clustering_coefficient": 0.3716945697721364,
    "edge_order_std_dev": 2.861671604321946,
    "edge_weight_std_dev": 0.6620965550554139,
    "induced_norm": 77.8523107707327,
    "max_edge_order": 12,
    "max_edge_weight": 10.999767787144336,
    "max_vertex_degree": 42,
    "min_edge_order": 6.515151515151516,
    "min_edge_weight": 0.0002987137441477494,
    "n_qubits": 12,
    "total_pstrings": 277
}