{
    "avg_edge_order": 1,
    "avg_edge_weight": 28.304041272296857,
    "avg_vertex_degree": 70.0,
    "edge_order_std_dev": 4.449719092257398,
    "edge_weight_std_dev": 85.80623986928812,
    "induced_norm": 19926.045055696966,
    "max_edge_order": 19,
    "max_edge_weight": 2270.1097158919433,
    "max_vertex_degree": 100,
    "min_edge_order": 10.0,
    "min_edge_weight": 0.000316237784510065,
    "n_qubits": 19,
    "total_pstrings": 704
}