{
    "avg_edge_order": 1,
    "avg_edge_weight": 27.476626829622898,
    "avg_vertex_degree": 70.0,
    "edge_order_std_dev": 4.449719092257398,
    "edge_weight_std_dev": 83.16146220997973,
    "induced_norm": 19343.54528805456,
    "max_edge_order": 19,
    "max_edge_weight": 2197.25383741513,
    "max_vertex_degree": 100,
    "min_edge_order": 10.0,
    "min_edge_weight": 0.02341264370944174,
    "n_qubits": 19,
    "total_pstrings": 704
}