{
    "avg_edge_order": 1,
    "avg_edge_weight": 27.08647901910922,
    "avg_vertex_degree": 70.0,
    "edge_order_std_dev": 4.449719092257398,
    "edge_weight_std_dev": 80.27145794250093,
    "induced_norm": 19068.8812294529,
    "max_edge_order": 19,
    "max_edge_weight": 2122.1462548108693,
    "max_vertex_degree": 100,
    "min_edge_order": 10.0,
    "min_edge_weight": 0.03861701348827351,
    "n_qubits": 19,
    "total_pstrings": 704
}