{
    "avg_edge_order": 1,
    "avg_edge_weight": 28.42380523591794,
    "avg_vertex_degree": 70.0,
    "edge_order_std_dev": 4.449719092257398,
    "edge_weight_std_dev": 85.22728860048015,
    "induced_norm": 20010.358886086255,
    "max_edge_order": 19,
    "max_edge_weight": 2257.6599537807215,
    "max_vertex_degree": 100,
    "min_edge_order": 10.0,
    "min_edge_weight": 0.02455462422817356,
    "n_qubits": 19,
    "total_pstrings": 704
}