{
    "avg_edge_order": 1,
    "avg_edge_weight": 28.174288603200683,
    "avg_vertex_degree": 70.0,
    "edge_order_std_dev": 4.449719092257398,
    "edge_weight_std_dev": 86.53579061225965,
    "induced_norm": 19834.699176653277,
    "max_edge_order": 19,
    "max_edge_weight": 2289.6382030138648,
    "max_vertex_degree": 100,
    "min_edge_order": 10.0,
    "min_edge_weight": 0.05449232927360881,
    "n_qubits": 19,
    "total_pstrings": 704
}