{
    "avg_edge_order": 1,
    "avg_edge_weight": 33.85009297920834,
    "avg_vertex_degree": 9.333333333333334,
    "clustering_coefficient": 0.35792998500100826,
    "edge_order_std_dev": 1.5,
    "edge_weight_std_dev": 57.40506619017572,
    "induced_norm": 2267.956229606958,
    "max_edge_order": 6,
    "max_edge_weight": 482.1157281388387,
    "max_vertex_degree": 12,
    "min_edge_order": 3.5,
    "min_edge_weight": 0.9936646377465941,
    "n_qubits": 6,
    "total_pstrings": 67
}