{
    "avg_edge_order": 1,
    "avg_edge_weight": 28.908514131726168,
    "avg_vertex_degree": 145.07142857142858,
    "edge_order_std_dev": 6.473506704514913,
    "edge_weight_std_dev": 100.91598470720668,
    "induced_norm": 45299.64164441488,
    "max_edge_order": 28,
    "max_edge_weight": 3952.107968285692,
    "max_vertex_degree": 210,
    "min_edge_order": 14.493845396356475,
    "min_edge_weight": 0.0701011121793158,
    "n_qubits": 28,
    "total_pstrings": 1567
}