{
    "avg_edge_order": 1,
    "avg_edge_weight": 34.230178232825374,
    "avg_vertex_degree": 22.0,
    "edge_order_std_dev": 2.4186773244895647,
    "edge_weight_std_dev": 83.18814943588136,
    "induced_norm": 6537.964042469648,
    "max_edge_order": 10,
    "max_edge_weight": 979.6431666193147,
    "max_vertex_degree": 30,
    "min_edge_order": 5.5,
    "min_edge_weight": 0.3986244418387963,
    "n_qubits": 10,
    "total_pstrings": 191
}