{
    "avg_edge_order": 1,
    "avg_edge_weight": 28.485252941357206,
    "avg_vertex_degree": 70.0,
    "edge_order_std_dev": 4.449719092257398,
    "edge_weight_std_dev": 85.90894794131346,
    "induced_norm": 20053.618070715474,
    "max_edge_order": 19,
    "max_edge_weight": 2271.940231439352,
    "max_vertex_degree": 100,
    "min_edge_order": 10.0,
    "min_edge_weight": 0.028447891140420012,
    "n_qubits": 19,
    "total_pstrings": 704
}