{
    "avg_edge_order": 1,
    "avg_edge_weight": 0.2929063385288926,
    "avg_vertex_degree": 30.25,
    "clustering_coefficient": 0.3716945697721364,
    "edge_order_std_dev": 2.861671604321946,
    "edge_weight_std_dev": 0.6956105260922048,
    "induced_norm": 81.42796211103219,
    "max_edge_order": 12,
    "max_edge_weight": 11.564040738217107,
    "max_vertex_degree": 42,
    "min_edge_order": 6.515151515151516,
    "min_edge_weight": 1.3142994752746162e-05,
    "n_qubits": 12,
    "total_pstrings": 278
}