{
    "avg_edge_order": 1,
    "avg_edge_weight": 28.442599694802244,
    "avg_vertex_degree": 70.0,
    "edge_order_std_dev": 4.449719092257398,
    "edge_weight_std_dev": 85.0764436753657,
    "induced_norm": 20023.59018514077,
    "max_edge_order": 19,
    "max_edge_weight": 2250.99105110628,
    "max_vertex_degree": 100,
    "min_edge_order": 10.0,
    "min_edge_weight": 0.10898484864865798,
    "n_qubits": 19,
    "total_pstrings": 704
}