{
    "avg_edge_order": 1,
    "avg_edge_weight": 0.3087166149365678,
    "avg_vertex_degree": 30.25,
    "clustering_coefficient": 0.3716945697721364,
    "edge_order_std_dev": 2.861671604321946,
    "edge_weight_std_dev": 0.7345284088834583,
    "induced_norm": 85.82321895236589,
    "max_edge_order": 12,
    "max_edge_weight": 12.280209715642853,
    "max_vertex_degree": 42,
    "min_edge_order": 6.515151515151516,
    "min_edge_weight": 0.0035264376090641814,
    "n_qubits": 12,
    "total_pstrings": 278
}