{
    "avg_edge_order": 1,
    "avg_edge_weight": 29.594858295658966,
    "avg_vertex_degree": 70.0,
    "edge_order_std_dev": 4.449719092257398,
    "edge_weight_std_dev": 88.91960384778314,
    "induced_norm": 20834.780240143933,
    "max_edge_order": 19,
    "max_edge_weight": 2353.7025230547533,
    "max_vertex_degree": 100,
    "min_edge_order": 10.0,
    "min_edge_weight": 0.17366618373546583,
    "n_qubits": 19,
    "total_pstrings": 704
}