{
    "avg_edge_order": 1,
    "avg_edge_weight": 28.763760850396014,
    "avg_vertex_degree": 70.0,
    "edge_order_std_dev": 4.449719092257398,
    "edge_weight_std_dev": 86.42814045562396,
    "induced_norm": 20249.687638678788,
    "max_edge_order": 19,
    "max_edge_weight": 2286.475272747651,
    "max_vertex_degree": 100,
    "min_edge_order": 10.0,
    "min_edge_weight": 0.13292036400174823,
    "n_qubits": 19,
    "total_pstrings": 704
}