{
    "avg_edge_order": 1,
    "avg_edge_weight": 29.18939197780519,
    "avg_vertex_degree": 70.0,
    "edge_order_std_dev": 4.449719092257398,
    "edge_weight_std_dev": 86.75273191744967,
    "induced_norm": 20549.331952374858,
    "max_edge_order": 19,
    "max_edge_weight": 2292.8639644594177,
    "max_vertex_degree": 100,
    "min_edge_order": 10.0,
    "min_edge_weight": 0.07923497432356186,
    "n_qubits": 19,
    "total_pstrings": 704
}