{
    "avg_edge_order": 1,
    "avg_edge_weight": 28.386484164038077,
    "avg_vertex_degree": 70.0,
    "edge_order_std_dev": 4.449719092257398,
    "edge_weight_std_dev": 85.06421359228874,
    "induced_norm": 19984.084851482792,
    "max_edge_order": 19,
    "max_edge_weight": 2251.283897739035,
    "max_vertex_degree": 100,
    "min_edge_order": 10.0,
    "min_edge_weight": 0.05260072078055522,
    "n_qubits": 19,
    "total_pstrings": 704
}