{
    "avg_edge_order": 1,
    "avg_edge_weight": 27.234801094301194,
    "avg_vertex_degree": 70.0,
    "edge_order_std_dev": 4.449719092257398,
    "edge_weight_std_dev": 82.60254572654276,
    "induced_norm": 19173.29997038806,
    "max_edge_order": 19,
    "max_edge_weight": 2182.5534081916617,
    "max_vertex_degree": 100,
    "min_edge_order": 10.0,
    "min_edge_weight": 0.0072765843635136385,
    "n_qubits": 19,
    "total_pstrings": 704
}