{
    "avg_edge_order": 1,
    "avg_edge_weight": 27.88831827291772,
    "avg_vertex_degree": 70.0,
    "edge_order_std_dev": 4.449719092257398,
    "edge_weight_std_dev": 84.8942792858147,
    "induced_norm": 19633.376064134085,
    "max_edge_order": 19,
    "max_edge_weight": 2244.2625883884552,
    "max_vertex_degree": 100,
    "min_edge_order": 10.0,
    "min_edge_weight": 0.011890248295364891,
    "n_qubits": 19,
    "total_pstrings": 704
}