{
    "avg_edge_order": 1,
    "avg_edge_weight": 0.29510153615424856,
    "avg_vertex_degree": 30.25,
    "clustering_coefficient": 0.3716945697721364,
    "edge_order_std_dev": 2.861671604321946,
    "edge_weight_std_dev": 0.7353943162969506,
    "induced_norm": 82.03822705088113,
    "max_edge_order": 12,
    "max_edge_weight": 12.266147443322717,
    "max_vertex_degree": 42,
    "min_edge_order": 6.515151515151516,
    "min_edge_weight": 0.002320489791063085,
    "n_qubits": 12,
    "total_pstrings": 278
}