{
    "avg_edge_order": 1,
    "avg_edge_weight": 29.03237632244146,
    "avg_vertex_degree": 70.0,
    "edge_order_std_dev": 4.449719092257398,
    "edge_weight_std_dev": 87.330519280332,
    "induced_norm": 20438.792930998763,
    "max_edge_order": 19,
    "max_edge_weight": 2313.9922401959116,
    "max_vertex_degree": 100,
    "min_edge_order": 10.0,
    "min_edge_weight": 0.007833419968195088,
    "n_qubits": 19,
    "total_pstrings": 704
}