{
    "avg_edge_order": 1,
    "avg_edge_weight": 0.2786696357661201,
    "avg_vertex_degree": 30.25,
    "clustering_coefficient": 0.3716945697721364,
    "edge_order_std_dev": 2.861671604321946,
    "edge_weight_std_dev": 0.7108283209447174,
    "induced_norm": 77.47015874298143,
    "max_edge_order": 12,
    "max_edge_weight": 11.733150284861617,
    "max_vertex_degree": 42,
    "min_edge_order": 6.515151515151516,
    "min_edge_weight": 0.0005348652620746353,
    "n_qubits": 12,
    "total_pstrings": 278
}