{
    "avg_edge_order": 1,
    "avg_edge_weight": 28.33194106084445,
    "avg_vertex_degree": 70.0,
    "edge_order_std_dev": 4.449719092257398,
    "edge_weight_std_dev": 83.53658459987155,
    "induced_norm": 19945.68650683449,
    "max_edge_order": 19,
    "max_edge_weight": 2210.006937773693,
    "max_vertex_degree": 100,
    "min_edge_order": 10.0,
    "min_edge_weight": 0.08254261469605773,
    "n_qubits": 19,
    "total_pstrings": 704
}