{
    "avg_edge_order": 1,
    "avg_edge_weight": 30.00461981186627,
    "avg_vertex_degree": 145.42857142857142,
    "edge_order_std_dev": 6.49234299761984,
    "edge_weight_std_dev": 96.71042854244209,
    "induced_norm": 47947.38245936232,
    "max_edge_order": 28,
    "max_edge_weight": 3780.589363036273,
    "max_vertex_degree": 210,
    "min_edge_order": 14.464636542239687,
    "min_edge_weight": 0.044940783168314624,
    "n_qubits": 28,
    "total_pstrings": 1598
}