{
    "avg_edge_order": 1,
    "avg_edge_weight": 28.22521228859492,
    "avg_vertex_degree": 70.0,
    "edge_order_std_dev": 4.449719092257398,
    "edge_weight_std_dev": 83.23441577849174,
    "induced_norm": 19870.549451170846,
    "max_edge_order": 19,
    "max_edge_weight": 2202.3490834878367,
    "max_vertex_degree": 100,
    "min_edge_order": 10.0,
    "min_edge_weight": 0.01198858782545642,
    "n_qubits": 19,
    "total_pstrings": 704
}