{
    "avg_edge_order": 1,
    "avg_edge_weight": 28.821583648465342,
    "avg_vertex_degree": 70.0,
    "edge_order_std_dev": 4.449719092257398,
    "edge_weight_std_dev": 82.51910986375023,
    "induced_norm": 20290.394888519608,
    "max_edge_order": 19,
    "max_edge_weight": 2183.3656667983487,
    "max_vertex_degree": 100,
    "min_edge_order": 10.0,
    "min_edge_weight": 0.016054877951781066,
    "n_qubits": 19,
    "total_pstrings": 704
}