{
    "avg_edge_order": 1,
    "avg_edge_weight": 29.011292433220675,
    "avg_vertex_degree": 70.0,
    "edge_order_std_dev": 4.449719092257398,
    "edge_weight_std_dev": 85.62860574434931,
    "induced_norm": 20423.949872987374,
    "max_edge_order": 19,
    "max_edge_weight": 2263.0627642706413,
    "max_vertex_degree": 100,
    "min_edge_order": 10.0,
    "min_edge_weight": 0.03984782600124959,
    "n_qubits": 19,
    "total_pstrings": 704
}