{
    "avg_edge_order": 1,
    "avg_edge_weight": 26.83950965780806,
    "avg_vertex_degree": 70.0,
    "edge_order_std_dev": 4.449719092257398,
    "edge_weight_std_dev": 80.72576408305223,
    "induced_norm": 18895.014799096873,
    "max_edge_order": 19,
    "max_edge_weight": 2131.4147735448832,
    "max_vertex_degree": 100,
    "min_edge_order": 10.0,
    "min_edge_weight": 0.03698500784752312,
    "n_qubits": 19,
    "total_pstrings": 704
}