{
    "avg_edge_order": 1,
    "avg_edge_weight": 27.749686320846237,
    "avg_vertex_degree": 70.0,
    "edge_order_std_dev": 4.449719092257398,
    "edge_weight_std_dev": 83.68578386199505,
    "induced_norm": 19535.779169875754,
    "max_edge_order": 19,
    "max_edge_weight": 2210.7383494110263,
    "max_vertex_degree": 100,
    "min_edge_order": 10.0,
    "min_edge_weight": 0.17956769592558075,
    "n_qubits": 19,
    "total_pstrings": 704
}