{
    "avg_edge_order": 1,
    "avg_edge_weight": 0.30354428273446876,
    "avg_vertex_degree": 30.25,
    "clustering_coefficient": 0.3716945697721364,
    "edge_order_std_dev": 2.861671604321946,
    "edge_weight_std_dev": 0.7513184215628875,
    "induced_norm": 84.38531060018222,
    "max_edge_order": 12,
    "max_edge_weight": 12.493900001817284,
    "max_vertex_degree": 42,
    "min_edge_order": 6.515151515151516,
    "min_edge_weight": 0.004701034599024101,
    "n_qubits": 12,
    "total_pstrings": 278
}