{
    "avg_edge_order": 1,
    "avg_edge_weight": 28.139571773400576,
    "avg_vertex_degree": 70.0,
    "edge_order_std_dev": 4.449719092257398,
    "edge_weight_std_dev": 82.55166902949584,
    "induced_norm": 19810.25852847403,
    "max_edge_order": 19,
    "max_edge_weight": 2183.3670466286385,
    "max_vertex_degree": 100,
    "min_edge_order": 10.0,
    "min_edge_weight": 0.008818888534570135,
    "n_qubits": 19,
    "total_pstrings": 704
}