{
    "avg_edge_order": 1,
    "avg_edge_weight": 28.487587317626186,
    "avg_vertex_degree": 70.0,
    "edge_order_std_dev": 4.449719092257398,
    "edge_weight_std_dev": 87.62244586835898,
    "induced_norm": 20055.261471608846,
    "max_edge_order": 19,
    "max_edge_weight": 2320.2766640321406,
    "max_vertex_degree": 100,
    "min_edge_order": 10.0,
    "min_edge_weight": 0.1870556219138919,
    "n_qubits": 19,
    "total_pstrings": 704
}