{
    "avg_edge_order": 1,
    "avg_edge_weight": 27.418460947107576,
    "avg_vertex_degree": 70.0,
    "edge_order_std_dev": 4.449719092257398,
    "edge_weight_std_dev": 82.07108696749027,
    "induced_norm": 19302.596506763733,
    "max_edge_order": 19,
    "max_edge_weight": 2167.5963929470163,
    "max_vertex_degree": 100,
    "min_edge_order": 10.0,
    "min_edge_weight": 0.008352330851515433,
    "n_qubits": 19,
    "total_pstrings": 704
}