{
    "avg_edge_order": 1,
    "avg_edge_weight": 28.15518264249681,
    "avg_vertex_degree": 70.0,
    "edge_order_std_dev": 4.449719092257398,
    "edge_weight_std_dev": 83.03632354085251,
    "induced_norm": 19821.248580317762,
    "max_edge_order": 19,
    "max_edge_weight": 2196.6438072234514,
    "max_vertex_degree": 100,
    "min_edge_order": 10.0,
    "min_edge_weight": 0.031353324497708,
    "n_qubits": 19,
    "total_pstrings": 704
}