{
    "avg_edge_order": 1,
    "avg_edge_weight": 28.199771964108436,
    "avg_vertex_degree": 70.0,
    "edge_order_std_dev": 4.449719092257398,
    "edge_weight_std_dev": 81.25389469462175,
    "induced_norm": 19852.639462732346,
    "max_edge_order": 19,
    "max_edge_weight": 2148.5246188570463,
    "max_vertex_degree": 100,
    "min_edge_order": 10.0,
    "min_edge_weight": 0.024196236701907736,
    "n_qubits": 19,
    "total_pstrings": 704
}