{
    "avg_edge_order": 1,
    "avg_edge_weight": 0.2972459103588232,
    "avg_vertex_degree": 30.25,
    "clustering_coefficient": 0.3716945697721364,
    "edge_order_std_dev": 2.861671604321946,
    "edge_weight_std_dev": 0.7203287235142797,
    "induced_norm": 82.63436307975284,
    "max_edge_order": 12,
    "max_edge_weight": 11.868030672668256,
    "max_vertex_degree": 42,
    "min_edge_order": 6.515151515151516,
    "min_edge_weight": 0.0011809325282378658,
    "n_qubits": 12,
    "total_pstrings": 278
}