{
    "avg_edge_order": 1,
    "avg_edge_weight": 31.408022927300884,
    "avg_vertex_degree": 9.333333333333334,
    "clustering_coefficient": 0.35792998500100826,
    "edge_order_std_dev": 1.5,
    "edge_weight_std_dev": 48.44904645533799,
    "induced_norm": 2104.3375361291596,
    "max_edge_order": 6,
    "max_edge_weight": 409.0089568875744,
    "max_vertex_degree": 12,
    "min_edge_order": 3.5,
    "min_edge_weight": 0.48315538806777525,
    "n_qubits": 6,
    "total_pstrings": 67
}