{
    "avg_edge_order": 1,
    "avg_edge_weight": 31.87699742609016,
    "avg_vertex_degree": 145.42857142857142,
    "edge_order_std_dev": 6.49234299761984,
    "edge_weight_std_dev": 97.02058371254209,
    "induced_norm": 52947.69272473577,
    "max_edge_order": 28,
    "max_edge_weight": 3776.831080148872,
    "max_vertex_degree": 210,
    "min_edge_order": 14.464636542239687,
    "min_edge_weight": 0.09911752380297756,
    "n_qubits": 28,
    "total_pstrings": 1661
}