{
    "avg_edge_order": 1,
    "avg_edge_weight": 35.55604916545657,
    "avg_vertex_degree": 30.333333333333332,
    "edge_order_std_dev": 2.8722813232690143,
    "edge_weight_std_dev": 119.82118901363036,
    "induced_norm": 9849.02561883146,
    "max_edge_order": 12,
    "max_edge_weight": 1942.2030674692023,
    "max_vertex_degree": 42,
    "min_edge_order": 6.5,
    "min_edge_weight": 0.09025232435549668,
    "n_qubits": 12,
    "total_pstrings": 277
}