{
    "avg_edge_order": 1,
    "avg_edge_weight": 28.317355367717,
    "avg_vertex_degree": 70.0,
    "edge_order_std_dev": 4.449719092257398,
    "edge_weight_std_dev": 84.37867280453521,
    "induced_norm": 19963.73553424048,
    "max_edge_order": 19,
    "max_edge_weight": 2228.6818086153758,
    "max_vertex_degree": 100,
    "min_edge_order": 10.0,
    "min_edge_weight": 0.10964034965246783,
    "n_qubits": 19,
    "total_pstrings": 705
}