{
    "avg_edge_order": 1,
    "avg_edge_weight": 27.64104484152778,
    "avg_vertex_degree": 70.0,
    "edge_order_std_dev": 4.449719092257398,
    "edge_weight_std_dev": 82.8092449292711,
    "induced_norm": 19486.936613277085,
    "max_edge_order": 19,
    "max_edge_weight": 2185.046433713969,
    "max_vertex_degree": 100,
    "min_edge_order": 10.0,
    "min_edge_weight": 0.007955662272053132,
    "n_qubits": 19,
    "total_pstrings": 705
}