{
    "avg_edge_order": 1,
    "avg_edge_weight": 28.452444943202575,
    "avg_vertex_degree": 70.0,
    "edge_order_std_dev": 4.449719092257398,
    "edge_weight_std_dev": 83.41064666705752,
    "induced_norm": 20058.97368495781,
    "max_edge_order": 19,
    "max_edge_weight": 2205.684143269681,
    "max_vertex_degree": 100,
    "min_edge_order": 10.0,
    "min_edge_weight": 0.011395373892476357,
    "n_qubits": 19,
    "total_pstrings": 705
}