{
    "avg_edge_order": 1,
    "avg_edge_weight": 29.143847238539276,
    "avg_vertex_degree": 70.0,
    "edge_order_std_dev": 4.449719092257398,
    "edge_weight_std_dev": 84.35137366579549,
    "induced_norm": 20546.41230317019,
    "max_edge_order": 19,
    "max_edge_weight": 2229.29067771833,
    "max_vertex_degree": 100,
    "min_edge_order": 10.0,
    "min_edge_weight": 0.027073382506259236,
    "n_qubits": 19,
    "total_pstrings": 705
}