{
    "avg_edge_order": 1,
    "avg_edge_weight": 28.418942567753124,
    "avg_vertex_degree": 70.0,
    "edge_order_std_dev": 4.449719092257398,
    "edge_weight_std_dev": 83.48889452662986,
    "induced_norm": 20035.35451026598,
    "max_edge_order": 19,
    "max_edge_weight": 2202.723324742504,
    "max_vertex_degree": 100,
    "min_edge_order": 10.0,
    "min_edge_weight": 0.009080284757402524,
    "n_qubits": 19,
    "total_pstrings": 705
}