{
    "avg_edge_order": 1,
    "avg_edge_weight": 0.3059956551586742,
    "avg_vertex_degree": 30.25,
    "clustering_coefficient": 0.3718392065213263,
    "edge_order_std_dev": 2.861671604321946,
    "edge_weight_std_dev": 0.7197303767419045,
    "induced_norm": 85.98477909958744,
    "max_edge_order": 12,
    "max_edge_weight": 11.992424620046027,
    "max_vertex_degree": 42,
    "min_edge_order": 6.515151515151516,
    "min_edge_weight": 0.0015117961703034477,
    "n_qubits": 12,
    "total_pstrings": 281
}