{
    "avg_edge_order": 1,
    "avg_edge_weight": 27.514755054872165,
    "avg_vertex_degree": 70.0,
    "edge_order_std_dev": 4.449719092257398,
    "edge_weight_std_dev": 81.24219419635305,
    "induced_norm": 19397.902313684892,
    "max_edge_order": 19,
    "max_edge_weight": 2146.570794075963,
    "max_vertex_degree": 100,
    "min_edge_order": 10.0,
    "min_edge_weight": 0.00874417888170953,
    "n_qubits": 19,
    "total_pstrings": 705
}