{
    "avg_edge_order": 1,
    "avg_edge_weight": 28.0859586294348,
    "avg_vertex_degree": 70.0,
    "edge_order_std_dev": 4.449719092257398,
    "edge_weight_std_dev": 86.07759986013417,
    "induced_norm": 19800.600833751563,
    "max_edge_order": 19,
    "max_edge_weight": 2273.6774027942474,
    "max_vertex_degree": 100,
    "min_edge_order": 10.0,
    "min_edge_weight": 0.04787342008711337,
    "n_qubits": 19,
    "total_pstrings": 705
}