{
    "avg_edge_order": 1,
    "avg_edge_weight": 0.3062366927310378,
    "avg_vertex_degree": 30.25,
    "clustering_coefficient": 0.3718392065213263,
    "edge_order_std_dev": 2.861671604321946,
    "edge_weight_std_dev": 0.735675400692476,
    "induced_norm": 86.05251065742165,
    "max_edge_order": 12,
    "max_edge_weight": 12.071921696868008,
    "max_vertex_degree": 42,
    "min_edge_order": 6.515151515151516,
    "min_edge_weight": 0.004364854960794307,
    "n_qubits": 12,
    "total_pstrings": 281
}