{
    "avg_edge_order": 1,
    "avg_edge_weight": 28.992086719044188,
    "avg_vertex_degree": 9.333333333333334,
    "clustering_coefficient": 0.35792998500100826,
    "edge_order_std_dev": 1.5,
    "edge_weight_std_dev": 52.228930608201196,
    "induced_norm": 1942.469810175961,
    "max_edge_order": 6,
    "max_edge_weight": 437.4009188677517,
    "max_vertex_degree": 12,
    "min_edge_order": 3.5,
    "min_edge_weight": 0.7902910649710826,
    "n_qubits": 6,
    "total_pstrings": 67
}