{
    "avg_edge_order": 1,
    "avg_edge_weight": 27.176369752438898,
    "avg_vertex_degree": 165.33333333333334,
    "edge_order_std_dev": 6.917369442208505,
    "edge_weight_std_dev": 101.57497305514599,
    "induced_norm": 48129.35083156932,
    "max_edge_order": 30,
    "max_edge_weight": 4257.727995786085,
    "max_vertex_degree": 240,
    "min_edge_order": 15.5,
    "min_edge_weight": 0.04099445487095177,
    "n_qubits": 30,
    "total_pstrings": 1771
}