{
    "avg_edge_order": 1,
    "avg_edge_weight": 30.707793175820125,
    "avg_vertex_degree": 30.333333333333332,
    "edge_order_std_dev": 2.8722813232690143,
    "edge_weight_std_dev": 100.48071894315311,
    "induced_norm": 8506.058709702173,
    "max_edge_order": 12,
    "max_edge_weight": 1682.1839191832255,
    "max_vertex_degree": 42,
    "min_edge_order": 6.5,
    "min_edge_weight": 0.11539331646218187,
    "n_qubits": 12,
    "total_pstrings": 277
}