{
    "avg_edge_order": 1,
    "avg_edge_weight": 28.342913939409158,
    "avg_vertex_degree": 70.0,
    "edge_order_std_dev": 4.449719092257398,
    "edge_weight_std_dev": 87.08231345908928,
    "induced_norm": 19981.75432728345,
    "max_edge_order": 19,
    "max_edge_weight": 2304.5644102049473,
    "max_vertex_degree": 100,
    "min_edge_order": 10.0,
    "min_edge_weight": 0.012999589217130847,
    "n_qubits": 19,
    "total_pstrings": 705
}