{
    "avg_edge_order": 1,
    "avg_edge_weight": 29.832690464557285,
    "avg_vertex_degree": 70.0,
    "edge_order_std_dev": 4.449719092257398,
    "edge_weight_std_dev": 85.84395281763555,
    "induced_norm": 21032.04677751288,
    "max_edge_order": 19,
    "max_edge_weight": 2271.805594114911,
    "max_vertex_degree": 100,
    "min_edge_order": 10.0,
    "min_edge_weight": 0.05221003261679158,
    "n_qubits": 19,
    "total_pstrings": 705
}