{
    "avg_edge_order": 1,
    "avg_edge_weight": 28.637680974825685,
    "avg_vertex_degree": 70.0,
    "edge_order_std_dev": 4.449719092257398,
    "edge_weight_std_dev": 83.95710099030356,
    "induced_norm": 20189.565087252104,
    "max_edge_order": 19,
    "max_edge_weight": 2214.3471377196306,
    "max_vertex_degree": 100,
    "min_edge_order": 10.0,
    "min_edge_weight": 0.09019598545974539,
    "n_qubits": 19,
    "total_pstrings": 705
}