{
    "avg_edge_order": 1,
    "avg_edge_weight": 28.73662493870078,
    "avg_vertex_degree": 70.0,
    "edge_order_std_dev": 4.449719092257398,
    "edge_weight_std_dev": 85.488408897003,
    "induced_norm": 20259.320581784028,
    "max_edge_order": 19,
    "max_edge_weight": 2261.4491854643607,
    "max_vertex_degree": 100,
    "min_edge_order": 10.0,
    "min_edge_weight": 0.005567184630582034,
    "n_qubits": 19,
    "total_pstrings": 705
}