{
    "avg_edge_order": 1,
    "avg_edge_weight": 28.8585891377112,
    "avg_vertex_degree": 70.0,
    "edge_order_std_dev": 4.449719092257398,
    "edge_weight_std_dev": 84.60611082389342,
    "induced_norm": 20345.3053420864,
    "max_edge_order": 19,
    "max_edge_weight": 2233.174312414516,
    "max_vertex_degree": 100,
    "min_edge_order": 10.0,
    "min_edge_weight": 0.03423661399115652,
    "n_qubits": 19,
    "total_pstrings": 705
}