{
    "avg_edge_order": 1,
    "avg_edge_weight": 28.05509038847397,
    "avg_vertex_degree": 70.0,
    "edge_order_std_dev": 4.449719092257398,
    "edge_weight_std_dev": 84.57568363498444,
    "induced_norm": 19778.83872387414,
    "max_edge_order": 19,
    "max_edge_weight": 2239.87881037927,
    "max_vertex_degree": 100,
    "min_edge_order": 10.0,
    "min_edge_weight": 0.1126444730877364,
    "n_qubits": 19,
    "total_pstrings": 705
}