{
    "avg_edge_order": 1,
    "avg_edge_weight": 32.4053180661468,
    "avg_vertex_degree": 9.333333333333334,
    "clustering_coefficient": 0.35792998500100826,
    "edge_order_std_dev": 1.5,
    "edge_weight_std_dev": 59.069674930073155,
    "induced_norm": 2171.1563104318357,
    "max_edge_order": 6,
    "max_edge_weight": 495.4370174558413,
    "max_vertex_degree": 12,
    "min_edge_order": 3.5,
    "min_edge_weight": 2.015660476358013,
    "n_qubits": 6,
    "total_pstrings": 67
}