{
    "avg_edge_order": 1,
    "avg_edge_weight": 27.93163509458321,
    "avg_vertex_degree": 165.33333333333334,
    "edge_order_std_dev": 6.917369442208505,
    "edge_weight_std_dev": 102.0415366416719,
    "induced_norm": 49466.92575250687,
    "max_edge_order": 30,
    "max_edge_weight": 4276.873929564325,
    "max_vertex_degree": 240,
    "min_edge_order": 15.5,
    "min_edge_weight": 0.02321708573292014,
    "n_qubits": 30,
    "total_pstrings": 1771
}