{
    "avg_edge_order": 1,
    "avg_edge_weight": 35.579969089899414,
    "avg_vertex_degree": 30.333333333333332,
    "edge_order_std_dev": 2.8722813232690143,
    "edge_weight_std_dev": 122.53310539707098,
    "induced_norm": 9855.651437902136,
    "max_edge_order": 12,
    "max_edge_weight": 1862.4409619051644,
    "max_vertex_degree": 42,
    "min_edge_order": 6.5,
    "min_edge_weight": 0.02581006274043318,
    "n_qubits": 12,
    "total_pstrings": 277
}