{
    "avg_edge_order": 1,
    "avg_edge_weight": 0.3245758117091396,
    "avg_vertex_degree": 30.416666666666668,
    "clustering_coefficient": 0.37288596993803313,
    "edge_order_std_dev": 2.8732190139886056,
    "edge_weight_std_dev": 0.7220573798588581,
    "induced_norm": 93.4778337722322,
    "max_edge_order": 12,
    "max_edge_weight": 11.781771434363828,
    "max_vertex_degree": 42,
    "min_edge_order": 6.49041095890411,
    "min_edge_weight": 0.0019061837114500157,
    "n_qubits": 12,
    "total_pstrings": 288
}