{
    "avg_edge_order": 1,
    "avg_edge_weight": 0.3221797066726998,
    "avg_vertex_degree": 30.416666666666668,
    "clustering_coefficient": 0.37288596993803313,
    "edge_order_std_dev": 2.8732190139886056,
    "edge_weight_std_dev": 0.735867251155603,
    "induced_norm": 92.78775552173748,
    "max_edge_order": 12,
    "max_edge_weight": 12.16687904269999,
    "max_vertex_degree": 42,
    "min_edge_order": 6.49041095890411,
    "min_edge_weight": 0.0009713998522201672,
    "n_qubits": 12,
    "total_pstrings": 288
}