{
    "avg_edge_order": 1,
    "avg_edge_weight": 27.805000353401056,
    "avg_vertex_degree": 165.33333333333334,
    "edge_order_std_dev": 6.917369442208505,
    "edge_weight_std_dev": 99.37582437540954,
    "induced_norm": 49270.46062622666,
    "max_edge_order": 30,
    "max_edge_weight": 4162.299785972769,
    "max_vertex_degree": 240,
    "min_edge_order": 15.5,
    "min_edge_weight": 0.03958688808967281,
    "n_qubits": 30,
    "total_pstrings": 1772
}