{
    "avg_edge_order": 1,
    "avg_edge_weight": 29.52927661920536,
    "avg_vertex_degree": 30.333333333333332,
    "edge_order_std_dev": 2.8722813232690143,
    "edge_weight_std_dev": 82.6386257814688,
    "induced_norm": 8179.609623519885,
    "max_edge_order": 12,
    "max_edge_weight": 1355.722072061148,
    "max_vertex_degree": 42,
    "min_edge_order": 6.5,
    "min_edge_weight": 0.27802359024931533,
    "n_qubits": 12,
    "total_pstrings": 277
}