{
    "avg_edge_order": 1,
    "avg_edge_weight": 33.837953138746,
    "avg_vertex_degree": 9.333333333333334,
    "clustering_coefficient": 0.35792998500100826,
    "edge_order_std_dev": 1.5,
    "edge_weight_std_dev": 62.68601139143055,
    "induced_norm": 2267.1428602959813,
    "max_edge_order": 6,
    "max_edge_weight": 530.1808429333112,
    "max_vertex_degree": 12,
    "min_edge_order": 3.5,
    "min_edge_weight": 0.14009223753064237,
    "n_qubits": 6,
    "total_pstrings": 67
}