{
    "avg_edge_order": 1,
    "avg_edge_weight": 27.369963534105196,
    "avg_vertex_degree": 165.4,
    "edge_order_std_dev": 6.921281824678215,
    "edge_weight_std_dev": 101.0604230872869,
    "induced_norm": 48773.2750177754,
    "max_edge_order": 30,
    "max_edge_weight": 4235.878357452275,
    "max_vertex_degree": 240,
    "min_edge_order": 15.494558645707375,
    "min_edge_weight": 0.005407623211012513,
    "n_qubits": 30,
    "total_pstrings": 1782
}