{
    "avg_edge_order": 1,
    "avg_edge_weight": 0.3482653240712732,
    "avg_vertex_degree": 30.416666666666668,
    "clustering_coefficient": 0.37500843735783246,
    "edge_order_std_dev": 2.8732190139886056,
    "edge_weight_std_dev": 0.7207037766530259,
    "induced_norm": 105.5243931935958,
    "max_edge_order": 12,
    "max_edge_weight": 11.365990150340187,
    "max_vertex_degree": 42,
    "min_edge_order": 6.49041095890411,
    "min_edge_weight": 0.0015299520941952083,
    "n_qubits": 12,
    "total_pstrings": 303
}