{
    "avg_edge_order": 1,
    "avg_edge_weight": 0.33030822369359336,
    "avg_vertex_degree": 30.416666666666668,
    "clustering_coefficient": 0.37500843735783246,
    "edge_order_std_dev": 2.8732190139886056,
    "edge_weight_std_dev": 0.6793290667587143,
    "induced_norm": 100.08339177915879,
    "max_edge_order": 12,
    "max_edge_weight": 10.72900488806957,
    "max_vertex_degree": 42,
    "min_edge_order": 6.49041095890411,
    "min_edge_weight": 0.0007195491666566745,
    "n_qubits": 12,
    "total_pstrings": 303
}