{
    "avg_edge_order": 1,
    "avg_edge_weight": 0.35297495879969093,
    "avg_vertex_degree": 30.416666666666668,
    "clustering_coefficient": 0.37500843735783246,
    "edge_order_std_dev": 2.8732190139886056,
    "edge_weight_std_dev": 0.7483848326719698,
    "induced_norm": 106.95141251630633,
    "max_edge_order": 12,
    "max_edge_weight": 11.921828411017733,
    "max_vertex_degree": 42,
    "min_edge_order": 6.49041095890411,
    "min_edge_weight": 0.00012637357698674911,
    "n_qubits": 12,
    "total_pstrings": 303
}