{
    "avg_edge_order": 1,
    "avg_edge_weight": 0.3562777353361178,
    "avg_vertex_degree": 30.416666666666668,
    "clustering_coefficient": 0.37500843735783246,
    "edge_order_std_dev": 2.8732190139886056,
    "edge_weight_std_dev": 0.7448089275307822,
    "induced_norm": 107.9521538068437,
    "max_edge_order": 12,
    "max_edge_weight": 11.903602038327055,
    "max_vertex_degree": 42,
    "min_edge_order": 6.49041095890411,
    "min_edge_weight": 0.002188833279066882,
    "n_qubits": 12,
    "total_pstrings": 303
}