{
    "avg_edge_order": 1,
    "avg_edge_weight": 0.36776351132344465,
    "avg_vertex_degree": 30.416666666666668,
    "clustering_coefficient": 0.37500843735783246,
    "edge_order_std_dev": 2.8732190139886056,
    "edge_weight_std_dev": 0.7353979039111345,
    "induced_norm": 111.43234393100383,
    "max_edge_order": 12,
    "max_edge_weight": 12.118080397463263,
    "max_vertex_degree": 42,
    "min_edge_order": 6.49041095890411,
    "min_edge_weight": 0.00018013950039791338,
    "n_qubits": 12,
    "total_pstrings": 303
}