{
    "avg_edge_order": 1,
    "avg_edge_weight": 32.04752087763421,
    "avg_vertex_degree": 30.333333333333332,
    "edge_order_std_dev": 2.8722813232690143,
    "edge_weight_std_dev": 108.3144712485838,
    "induced_norm": 8877.163283104677,
    "max_edge_order": 12,
    "max_edge_weight": 1810.852635935622,
    "max_vertex_degree": 42,
    "min_edge_order": 6.5,
    "min_edge_weight": 0.1035452586316552,
    "n_qubits": 12,
    "total_pstrings": 277
}