{
    "avg_edge_order": 1,
    "avg_edge_weight": 28.02127585552475,
    "avg_vertex_degree": 165.4,
    "edge_order_std_dev": 6.921281824678215,
    "edge_weight_std_dev": 102.60650547761031,
    "induced_norm": 50354.232712378,
    "max_edge_order": 30,
    "max_edge_weight": 4301.36606443317,
    "max_vertex_degree": 240,
    "min_edge_order": 15.494558645707375,
    "min_edge_weight": 0.006980866890587967,
    "n_qubits": 30,
    "total_pstrings": 1797
}