{
    "avg_edge_order": 1,
    "avg_edge_weight": 0.4354648396427119,
    "avg_vertex_degree": 31.25,
    "clustering_coefficient": 0.3837083304611533,
    "edge_order_std_dev": 2.9042191530407777,
    "edge_weight_std_dev": 0.8141365335308637,
    "induced_norm": 145.4452564406658,
    "max_edge_order": 12,
    "max_edge_weight": 12.390748812113664,
    "max_vertex_degree": 42,
    "min_edge_order": 6.386666666666667,
    "min_edge_weight": 0.001999286669317979,
    "n_qubits": 12,
    "total_pstrings": 334
}