{
    "avg_edge_order": 1,
    "avg_edge_weight": 0.4257748775390374,
    "avg_vertex_degree": 31.25,
    "clustering_coefficient": 0.3837083304611533,
    "edge_order_std_dev": 2.9042191530407777,
    "edge_weight_std_dev": 0.7946279942705435,
    "induced_norm": 142.2088090980385,
    "max_edge_order": 12,
    "max_edge_weight": 12.191879618404158,
    "max_vertex_degree": 42,
    "min_edge_order": 6.386666666666667,
    "min_edge_weight": 0.0002724597473591217,
    "n_qubits": 12,
    "total_pstrings": 334
}