{
    "avg_edge_order": 1,
    "avg_edge_weight": 0.4088444368273022,
    "avg_vertex_degree": 31.25,
    "clustering_coefficient": 0.3837083304611533,
    "edge_order_std_dev": 2.9042191530407777,
    "edge_weight_std_dev": 0.7424414658971392,
    "induced_norm": 136.55404190031888,
    "max_edge_order": 12,
    "max_edge_weight": 11.010085926300814,
    "max_vertex_degree": 42,
    "min_edge_order": 6.386666666666667,
    "min_edge_weight": 0.000319221562618599,
    "n_qubits": 12,
    "total_pstrings": 334
}