{
    "avg_edge_order": 1,
    "avg_edge_weight": 29.29382955052875,
    "avg_vertex_degree": 165.73333333333332,
    "edge_order_std_dev": 6.9384448091563025,
    "edge_weight_std_dev": 99.92045480326466,
    "induced_norm": 53549.120418366576,
    "max_edge_order": 30,
    "max_edge_weight": 4168.041446657352,
    "max_vertex_degree": 240,
    "min_edge_order": 15.468624296057925,
    "min_edge_weight": 0.019950562580660858,
    "n_qubits": 30,
    "total_pstrings": 1828
}