{
    "avg_edge_order": 1,
    "avg_edge_weight": 31.866134514674457,
    "avg_vertex_degree": 9.333333333333334,
    "clustering_coefficient": 0.35792998500100826,
    "edge_order_std_dev": 1.5,
    "edge_weight_std_dev": 55.468454923393736,
    "induced_norm": 2135.0310124831885,
    "max_edge_order": 6,
    "max_edge_weight": 468.0654001457206,
    "max_vertex_degree": 12,
    "min_edge_order": 3.5,
    "min_edge_weight": 1.2292445730508987,
    "n_qubits": 6,
    "total_pstrings": 67
}