{
    "avg_edge_order": 1,
    "avg_edge_weight": 31.32378994098103,
    "avg_vertex_degree": 30.333333333333332,
    "edge_order_std_dev": 2.8722813232690143,
    "edge_weight_std_dev": 76.62594246263512,
    "induced_norm": 8676.689813651743,
    "max_edge_order": 12,
    "max_edge_weight": 1156.0017323404197,
    "max_vertex_degree": 42,
    "min_edge_order": 6.5,
    "min_edge_weight": 0.05137102709686925,
    "n_qubits": 12,
    "total_pstrings": 277
}