{
    "avg_edge_order": 1,
    "avg_edge_weight": 0.4411952007153529,
    "avg_vertex_degree": 31.25,
    "clustering_coefficient": 0.3837083304611533,
    "edge_order_std_dev": 2.9042191530407777,
    "edge_weight_std_dev": 0.7998923933591655,
    "induced_norm": 147.3591970389278,
    "max_edge_order": 12,
    "max_edge_weight": 12.32983767950353,
    "max_vertex_degree": 42,
    "min_edge_order": 6.386666666666667,
    "min_edge_weight": 0.0005599004481980918,
    "n_qubits": 12,
    "total_pstrings": 334
}