{
    "avg_edge_order": 1,
    "avg_edge_weight": 0.4142038899243068,
    "avg_vertex_degree": 31.25,
    "clustering_coefficient": 0.3837083304611533,
    "edge_order_std_dev": 2.9042191530407777,
    "edge_weight_std_dev": 0.7488290646055957,
    "induced_norm": 138.34409923471839,
    "max_edge_order": 12,
    "max_edge_weight": 11.48412841735184,
    "max_vertex_degree": 42,
    "min_edge_order": 6.386666666666667,
    "min_edge_weight": 0.0027046910163727733,
    "n_qubits": 12,
    "total_pstrings": 334
}