{
    "avg_edge_order": 1,
    "avg_edge_weight": 28.74474035894747,
    "avg_vertex_degree": 30.333333333333332,
    "edge_order_std_dev": 2.8722813232690143,
    "edge_weight_std_dev": 75.57702555903668,
    "induced_norm": 7962.293079428451,
    "max_edge_order": 12,
    "max_edge_weight": 1254.2093700101052,
    "max_vertex_degree": 42,
    "min_edge_order": 6.5,
    "min_edge_weight": 0.7273876802388113,
    "n_qubits": 12,
    "total_pstrings": 277
}