{
    "avg_edge_order": 1,
    "avg_edge_weight": 39.66597429245771,
    "avg_vertex_degree": 5.0,
    "clustering_coefficient": 0.4220077730200311,
    "edge_order_std_dev": 1.02469507659596,
    "edge_weight_std_dev": 48.07575839414857,
    "induced_norm": 1150.3132544812736,
    "max_edge_order": 4,
    "max_edge_weight": 282.5064284248567,
    "max_vertex_degree": 6,
    "min_edge_order": 2.5,
    "min_edge_weight": 3.027667430959049,
    "n_qubits": 4,
    "total_pstrings": 29
}