{
    "avg_edge_order": 1,
    "avg_edge_weight": 36.3977791803551,
    "avg_vertex_degree": 22.0,
    "edge_order_std_dev": 2.4186773244895647,
    "edge_weight_std_dev": 110.97940542852045,
    "induced_norm": 6951.975823447823,
    "max_edge_order": 10,
    "max_edge_weight": 1292.7921170441386,
    "max_vertex_degree": 30,
    "min_edge_order": 5.5,
    "min_edge_weight": 1.153252531256744,
    "n_qubits": 10,
    "total_pstrings": 191
}