{
    "avg_edge_order": 15549.617021276596,
    "avg_edge_weight": 0.0033153133694056214,
    "avg_vertex_degree": 15549.617021276596,
    "edge_order_std_dev": 4482.511793736507,
    "edge_weight_std_dev": 0.11059335562468711,
    "induced_norm": 500.08518395451335,
    "max_edge_order": 19373,
    "max_edge_weight": 36.92382489538043,
    "max_vertex_degree": 19373,
    "min_edge_order": 2931,
    "min_edge_weight": 1.0075298598911647e-08,
    "n_qubits": 47,
    "total_pstrings": 150841
}